<?xml version="1.0" encoding="UTF-8"?><gpx creator="Wikiloc - https://www.wikiloc.com" version="1.1" xmlns="http://www.topografix.com/GPX/1/1" xmlns:xsi="http://www.w3.org/2001/XMLSchema-instance" xsi:schemaLocation="http://www.topografix.com/GPX/1/1 http://www.topografix.com/GPX/1/1/gpx.xsd"><metadata><name>Wikiloc - Kedarkantha Trek</name><author><name>rajendra.salunkhe</name><link href="https://www.wikiloc.com/wikiloc/user.do?id=9047596"><text>rajendra.salunkhe on Wikiloc</text></link></author><link href="https://www.wikiloc.com/hiking-trails/kedarkantha-trek-125976249"><text>Kedarkantha Trek on Wikiloc</text></link><time>2023-02-16T03:25:35Z</time></metadata><trk><name>Kedarkantha Trek - Wikiloc</name><cmt></cmt><desc></desc><trkseg><trkpt lat="31.077982" lon="78.184710"><ele>1932.281</ele><time>2023-02-13T04:54:39Z</time></trkpt><trkpt lat="31.077944" lon="78.184738"><ele>1932.861</ele><time>2023-02-13T04:54:44Z</time></trkpt><trkpt lat="31.077899" lon="78.184723"><ele>1934.317</ele><time>2023-02-13T04:54:50Z</time></trkpt><trkpt lat="31.077849" lon="78.184733"><ele>1935.509</ele><time>2023-02-13T04:54:53Z</time></trkpt><trkpt lat="31.077794" lon="78.184740"><ele>1936.989</ele><time>2023-02-13T04:54:57Z</time></trkpt><trkpt lat="31.077742" lon="78.184743"><ele>1938.330</ele><time>2023-02-13T04:55:01Z</time></trkpt><trkpt lat="31.077697" lon="78.184753"><ele>1939.443</ele><time>2023-02-13T04:55:05Z</time></trkpt><trkpt lat="31.077642" lon="78.184768"><ele>1940.727</ele><time>2023-02-13T04:55:09Z</time></trkpt><trkpt lat="31.077595" lon="78.184793"><ele>1941.615</ele><time>2023-02-13T04:55:15Z</time></trkpt><trkpt lat="31.077545" lon="78.184805"><ele>1942.844</ele><time>2023-02-13T04:55:19Z</time></trkpt><trkpt lat="31.077498" lon="78.184818"><ele>1943.930</ele><time>2023-02-13T04:55:23Z</time></trkpt><trkpt lat="31.077451" lon="78.184836"><ele>1944.852</ele><time>2023-02-13T04:55:27Z</time></trkpt><trkpt lat="31.077406" lon="78.184851"><ele>1945.797</ele><time>2023-02-13T04:55:31Z</time></trkpt><trkpt lat="31.077361" lon="78.184883"><ele>1946.336</ele><time>2023-02-13T04:55:35Z</time></trkpt><trkpt lat="31.077318" lon="78.184903"><ele>1947.117</ele><time>2023-02-13T04:55:40Z</time></trkpt><trkpt lat="31.077275" lon="78.184931"><ele>1947.718</ele><time>2023-02-13T04:55:45Z</time></trkpt><trkpt lat="31.077228" lon="78.184954"><ele>1948.609</ele><time>2023-02-13T04:55:50Z</time></trkpt><trkpt lat="31.077178" lon="78.184972"><ele>1949.684</ele><time>2023-02-13T04:55:56Z</time></trkpt><trkpt lat="31.077136" lon="78.184994"><ele>1950.355</ele><time>2023-02-13T04:56:00Z</time></trkpt><trkpt lat="31.077089" lon="78.185026"><ele>1949.988</ele><time>2023-02-13T04:56:05Z</time></trkpt><trkpt lat="31.077037" lon="78.185026"><ele>1951.222</ele><time>2023-02-13T04:56:10Z</time></trkpt><trkpt lat="31.076987" lon="78.185029"><ele>1952.390</ele><time>2023-02-13T04:56:16Z</time></trkpt><trkpt lat="31.076939" lon="78.185046"><ele>1952.689</ele><time>2023-02-13T04:56:20Z</time></trkpt><trkpt lat="31.076884" lon="78.185058"><ele>1953.485</ele><time>2023-02-13T04:56:25Z</time></trkpt><trkpt lat="31.076842" lon="78.185033"><ele>1955.867</ele><time>2023-02-13T04:56:31Z</time></trkpt><trkpt lat="31.076870" lon="78.184988"><ele>1957.142</ele><time>2023-02-13T04:57:01Z</time></trkpt><trkpt lat="31.076915" lon="78.184991"><ele>1955.923</ele><time>2023-02-13T04:57:09Z</time></trkpt><trkpt lat="31.076873" lon="78.185014"><ele>1956.083</ele><time>2023-02-13T04:57:23Z</time></trkpt><trkpt lat="31.076823" lon="78.185026"><ele>1956.611</ele><time>2023-02-13T04:57:28Z</time></trkpt><trkpt lat="31.076831" lon="78.184971"><ele>1958.309</ele><time>2023-02-13T04:57:55Z</time></trkpt><trkpt lat="31.076876" lon="78.184949"><ele>1957.533</ele><time>2023-02-13T04:58:02Z</time></trkpt><trkpt lat="31.076936" lon="78.185004"><ele>1955.014</ele><time>2023-02-13T04:58:40Z</time></trkpt><trkpt lat="31.076891" lon="78.184984"><ele>1956.697</ele><time>2023-02-13T05:00:42Z</time></trkpt><trkpt lat="31.076859" lon="78.184942"><ele>1958.111</ele><time>2023-02-13T05:01:07Z</time></trkpt><trkpt lat="31.076814" lon="78.184962"><ele>1958.949</ele><time>2023-02-13T05:01:12Z</time></trkpt><trkpt lat="31.076811" lon="78.185025"><ele>1957.058</ele><time>2023-02-13T05:01:28Z</time></trkpt><trkpt lat="31.076786" lon="78.185070"><ele>1955.274</ele><time>2023-02-13T05:01:35Z</time></trkpt><trkpt lat="31.076736" lon="78.185065"><ele>1956.756</ele><time>2023-02-13T05:01:40Z</time></trkpt><trkpt lat="31.076683" lon="78.185065"><ele>1958.131</ele><time>2023-02-13T05:01:45Z</time></trkpt><trkpt lat="31.076636" lon="78.185077"><ele>1958.939</ele><time>2023-02-13T05:01:48Z</time></trkpt><trkpt lat="31.076588" lon="78.185094"><ele>1959.601</ele><time>2023-02-13T05:01:53Z</time></trkpt><trkpt lat="31.076533" lon="78.185099"><ele>1961.221</ele><time>2023-02-13T05:01:57Z</time></trkpt><trkpt lat="31.076483" lon="78.185102"><ele>1962.709</ele><time>2023-02-13T05:02:19Z</time></trkpt><trkpt lat="31.076433" lon="78.185119"><ele>1963.594</ele><time>2023-02-13T05:02:45Z</time></trkpt><trkpt lat="31.076385" lon="78.185117"><ele>1965.215</ele><time>2023-02-13T05:02:49Z</time></trkpt><trkpt lat="31.076338" lon="78.185135"><ele>1965.838</ele><time>2023-02-13T05:02:54Z</time></trkpt><trkpt lat="31.076283" lon="78.185132"><ele>1967.932</ele><time>2023-02-13T05:02:58Z</time></trkpt><trkpt lat="31.076228" lon="78.185132"><ele>1969.710</ele><time>2023-02-13T05:03:02Z</time></trkpt><trkpt lat="31.076185" lon="78.185149"><ele>1970.279</ele><time>2023-02-13T05:03:06Z</time></trkpt><trkpt lat="31.076140" lon="78.185154"><ele>1971.495</ele><time>2023-02-13T05:03:10Z</time></trkpt><trkpt lat="31.076093" lon="78.185164"><ele>1972.447</ele><time>2023-02-13T05:03:14Z</time></trkpt><trkpt lat="31.076045" lon="78.185174"><ele>1973.582</ele><time>2023-02-13T05:03:18Z</time></trkpt><trkpt lat="31.076002" lon="78.185191"><ele>1973.984</ele><time>2023-02-13T05:03:21Z</time></trkpt><trkpt lat="31.075945" lon="78.185194"><ele>1975.607</ele><time>2023-02-13T05:03:25Z</time></trkpt><trkpt lat="31.075900" lon="78.185206"><ele>1976.417</ele><time>2023-02-13T05:03:29Z</time></trkpt><trkpt lat="31.075853" lon="78.185213"><ele>1977.609</ele><time>2023-02-13T05:03:34Z</time></trkpt><trkpt lat="31.075806" lon="78.185220"><ele>1978.629</ele><time>2023-02-13T05:03:38Z</time></trkpt><trkpt lat="31.075759" lon="78.185217"><ele>1980.220</ele><time>2023-02-13T05:03:42Z</time></trkpt><trkpt lat="31.075714" lon="78.185247"><ele>1979.863</ele><time>2023-02-13T05:03:47Z</time></trkpt><trkpt lat="31.075662" lon="78.185265"><ele>1980.327</ele><time>2023-02-13T05:03:52Z</time></trkpt><trkpt lat="31.075617" lon="78.185283"><ele>1980.675</ele><time>2023-02-13T05:03:56Z</time></trkpt><trkpt lat="31.075577" lon="78.185323"><ele>1979.534</ele><time>2023-02-13T05:04:00Z</time></trkpt><trkpt lat="31.075542" lon="78.185366"><ele>1978.260</ele><time>2023-02-13T05:04:04Z</time></trkpt><trkpt lat="31.075505" lon="78.185401"><ele>1977.372</ele><time>2023-02-13T05:04:08Z</time></trkpt><trkpt lat="31.075465" lon="78.185441"><ele>1976.367</ele><time>2023-02-13T05:04:13Z</time></trkpt><trkpt lat="31.075427" lon="78.185469"><ele>1976.011</ele><time>2023-02-13T05:04:17Z</time></trkpt><trkpt lat="31.075394" lon="78.185519"><ele>1974.321</ele><time>2023-02-13T05:04:21Z</time></trkpt><trkpt lat="31.075369" lon="78.185564"><ele>1972.603</ele><time>2023-02-13T05:04:25Z</time></trkpt><trkpt lat="31.075336" lon="78.185616"><ele>1970.909</ele><time>2023-02-13T05:04:30Z</time></trkpt><trkpt lat="31.075298" lon="78.185656"><ele>1970.092</ele><time>2023-02-13T05:04:35Z</time></trkpt><trkpt lat="31.075266" lon="78.185703"><ele>1968.533</ele><time>2023-02-13T05:04:39Z</time></trkpt><trkpt lat="31.075226" lon="78.185746"><ele>1967.666</ele><time>2023-02-13T05:04:44Z</time></trkpt><trkpt lat="31.075183" lon="78.185781"><ele>1967.230</ele><time>2023-02-13T05:04:48Z</time></trkpt><trkpt lat="31.075138" lon="78.185811"><ele>1967.288</ele><time>2023-02-13T05:04:54Z</time></trkpt><trkpt lat="31.075086" lon="78.185833"><ele>1967.957</ele><time>2023-02-13T05:04:59Z</time></trkpt><trkpt lat="31.075049" lon="78.185878"><ele>1968.173</ele><time>2023-02-13T05:05:03Z</time></trkpt><trkpt lat="31.075019" lon="78.185936"><ele>1967.685</ele><time>2023-02-13T05:05:06Z</time></trkpt><trkpt lat="31.075006" lon="78.185993"><ele>1966.640</ele><time>2023-02-13T05:05:10Z</time></trkpt><trkpt lat="31.074981" lon="78.186048"><ele>1966.275</ele><time>2023-02-13T05:05:14Z</time></trkpt><trkpt lat="31.074958" lon="78.186100"><ele>1965.928</ele><time>2023-02-13T05:05:19Z</time></trkpt><trkpt lat="31.074921" lon="78.186142"><ele>1966.520</ele><time>2023-02-13T05:05:25Z</time></trkpt><trkpt lat="31.074884" lon="78.186175"><ele>1967.309</ele><time>2023-02-13T05:05:29Z</time></trkpt><trkpt lat="31.074874" lon="78.186233"><ele>1966.248</ele><time>2023-02-13T05:05:33Z</time></trkpt><trkpt lat="31.074839" lon="78.186276"><ele>1966.669</ele><time>2023-02-13T05:05:38Z</time></trkpt><trkpt lat="31.074792" lon="78.186323"><ele>1967.592</ele><time>2023-02-13T05:05:43Z</time></trkpt><trkpt lat="31.074754" lon="78.186365"><ele>1968.056</ele><time>2023-02-13T05:05:48Z</time></trkpt><trkpt lat="31.074721" lon="78.186412"><ele>1968.214</ele><time>2023-02-13T05:05:52Z</time></trkpt><trkpt lat="31.074694" lon="78.186469"><ele>1967.813</ele><time>2023-02-13T05:05:57Z</time></trkpt><trkpt lat="31.074664" lon="78.186521"><ele>1967.619</ele><time>2023-02-13T05:06:01Z</time></trkpt><trkpt lat="31.074642" lon="78.186569"><ele>1967.271</ele><time>2023-02-13T05:06:04Z</time></trkpt><trkpt lat="31.074640" lon="78.186629"><ele>1965.616</ele><time>2023-02-13T05:06:08Z</time></trkpt><trkpt lat="31.074625" lon="78.186692"><ele>1964.883</ele><time>2023-02-13T05:06:13Z</time></trkpt><trkpt lat="31.074613" lon="78.186749"><ele>1964.525</ele><time>2023-02-13T05:06:17Z</time></trkpt><trkpt lat="31.074601" lon="78.186802"><ele>1964.217</ele><time>2023-02-13T05:06:21Z</time></trkpt><trkpt lat="31.074589" lon="78.186869"><ele>1963.709</ele><time>2023-02-13T05:06:25Z</time></trkpt><trkpt lat="31.074584" lon="78.186927"><ele>1963.129</ele><time>2023-02-13T05:06:29Z</time></trkpt><trkpt lat="31.074572" lon="78.186982"><ele>1962.770</ele><time>2023-02-13T05:06:34Z</time></trkpt><trkpt lat="31.074557" lon="78.187042"><ele>1962.513</ele><time>2023-02-13T05:06:39Z</time></trkpt><trkpt lat="31.074530" lon="78.187094"><ele>1962.817</ele><time>2023-02-13T05:06:43Z</time></trkpt><trkpt lat="31.074505" lon="78.187156"><ele>1962.955</ele><time>2023-02-13T05:06:47Z</time></trkpt><trkpt lat="31.074482" lon="78.187213"><ele>1962.964</ele><time>2023-02-13T05:06:52Z</time></trkpt><trkpt lat="31.074462" lon="78.187276"><ele>1962.880</ele><time>2023-02-13T05:06:56Z</time></trkpt><trkpt lat="31.074455" lon="78.187329"><ele>1962.282</ele><time>2023-02-13T05:06:59Z</time></trkpt><trkpt lat="31.074450" lon="78.187387"><ele>1961.557</ele><time>2023-02-13T05:07:03Z</time></trkpt><trkpt lat="31.074430" lon="78.187437"><ele>1961.634</ele><time>2023-02-13T05:07:08Z</time></trkpt><trkpt lat="31.074413" lon="78.187494"><ele>1961.355</ele><time>2023-02-13T05:07:12Z</time></trkpt><trkpt lat="31.074413" lon="78.187557"><ele>1960.410</ele><time>2023-02-13T05:07:17Z</time></trkpt><trkpt lat="31.074406" lon="78.187612"><ele>1959.809</ele><time>2023-02-13T05:07:21Z</time></trkpt><trkpt lat="31.074393" lon="78.187667"><ele>1959.574</ele><time>2023-02-13T05:07:27Z</time></trkpt><trkpt lat="31.074375" lon="78.187715"><ele>1959.555</ele><time>2023-02-13T05:07:31Z</time></trkpt><trkpt lat="31.074355" lon="78.187767"><ele>1959.638</ele><time>2023-02-13T05:07:35Z</time></trkpt><trkpt lat="31.074333" lon="78.187822"><ele>1959.622</ele><time>2023-02-13T05:07:39Z</time></trkpt><trkpt lat="31.074315" lon="78.187870"><ele>1959.690</ele><time>2023-02-13T05:07:43Z</time></trkpt><trkpt lat="31.074288" lon="78.187925"><ele>1959.979</ele><time>2023-02-13T05:07:48Z</time></trkpt><trkpt lat="31.074258" lon="78.187972"><ele>1960.585</ele><time>2023-02-13T05:07:53Z</time></trkpt><trkpt lat="31.074258" lon="78.188032"><ele>1959.667</ele><time>2023-02-13T05:07:57Z</time></trkpt><trkpt lat="31.074245" lon="78.188087"><ele>1959.312</ele><time>2023-02-13T05:08:00Z</time></trkpt><trkpt lat="31.074222" lon="78.188144"><ele>1959.466</ele><time>2023-02-13T05:08:05Z</time></trkpt><trkpt lat="31.074187" lon="78.188186"><ele>1960.329</ele><time>2023-02-13T05:08:13Z</time></trkpt><trkpt lat="31.074157" lon="78.188238"><ele>1960.721</ele><time>2023-02-13T05:08:18Z</time></trkpt><trkpt lat="31.074130" lon="78.188296"><ele>1960.709</ele><time>2023-02-13T05:08:23Z</time></trkpt><trkpt lat="31.074103" lon="78.188354"><ele>1960.617</ele><time>2023-02-13T05:08:28Z</time></trkpt><trkpt lat="31.074078" lon="78.188402"><ele>1960.578</ele><time>2023-02-13T05:08:33Z</time></trkpt><trkpt lat="31.074056" lon="78.188455"><ele>1960.351</ele><time>2023-02-13T05:08:36Z</time></trkpt><trkpt lat="31.074051" lon="78.188513"><ele>1959.415</ele><time>2023-02-13T05:08:41Z</time></trkpt><trkpt lat="31.074016" lon="78.188558"><ele>1959.743</ele><time>2023-02-13T05:08:44Z</time></trkpt><trkpt lat="31.073974" lon="78.188595"><ele>1960.392</ele><time>2023-02-13T05:08:49Z</time></trkpt><trkpt lat="31.073936" lon="78.188642"><ele>1960.678</ele><time>2023-02-13T05:08:53Z</time></trkpt><trkpt lat="31.073908" lon="78.188692"><ele>1960.620</ele><time>2023-02-13T05:08:58Z</time></trkpt><trkpt lat="31.073871" lon="78.188737"><ele>1961.075</ele><time>2023-02-13T05:09:02Z</time></trkpt><trkpt lat="31.073849" lon="78.188789"><ele>1960.737</ele><time>2023-02-13T05:09:05Z</time></trkpt><trkpt lat="31.073842" lon="78.188849"><ele>1959.849</ele><time>2023-02-13T05:09:11Z</time></trkpt><trkpt lat="31.073815" lon="78.188894"><ele>1959.913</ele><time>2023-02-13T05:09:16Z</time></trkpt><trkpt lat="31.073777" lon="78.188932"><ele>1960.409</ele><time>2023-02-13T05:09:22Z</time></trkpt><trkpt lat="31.073742" lon="78.188979"><ele>1960.694</ele><time>2023-02-13T05:09:26Z</time></trkpt><trkpt lat="31.073710" lon="78.189024"><ele>1960.895</ele><time>2023-02-13T05:09:30Z</time></trkpt><trkpt lat="31.073672" lon="78.189071"><ele>1961.288</ele><time>2023-02-13T05:09:34Z</time></trkpt><trkpt lat="31.073625" lon="78.189109"><ele>1961.952</ele><time>2023-02-13T05:09:40Z</time></trkpt><trkpt lat="31.073582" lon="78.189127"><ele>1963.050</ele><time>2023-02-13T05:09:43Z</time></trkpt><trkpt lat="31.073540" lon="78.189150"><ele>1963.959</ele><time>2023-02-13T05:09:47Z</time></trkpt><trkpt lat="31.073492" lon="78.189155"><ele>1965.335</ele><time>2023-02-13T05:09:51Z</time></trkpt><trkpt lat="31.073440" lon="78.189165"><ele>1966.797</ele><time>2023-02-13T05:09:55Z</time></trkpt><trkpt lat="31.073398" lon="78.189185"><ele>1967.582</ele><time>2023-02-13T05:09:59Z</time></trkpt><trkpt lat="31.073355" lon="78.189212"><ele>1968.217</ele><time>2023-02-13T05:10:02Z</time></trkpt><trkpt lat="31.073310" lon="78.189234"><ele>1968.887</ele><time>2023-02-13T05:10:07Z</time></trkpt><trkpt lat="31.073262" lon="78.189271"><ele>1968.815</ele><time>2023-02-13T05:10:11Z</time></trkpt><trkpt lat="31.073222" lon="78.189304"><ele>1968.809</ele><time>2023-02-13T05:10:16Z</time></trkpt><trkpt lat="31.073169" lon="78.189321"><ele>1969.482</ele><time>2023-02-13T05:10:20Z</time></trkpt><trkpt lat="31.073124" lon="78.189351"><ele>1969.653</ele><time>2023-02-13T05:10:25Z</time></trkpt><trkpt lat="31.073077" lon="78.189381"><ele>1970.026</ele><time>2023-02-13T05:10:29Z</time></trkpt><trkpt lat="31.073030" lon="78.189413"><ele>1970.360</ele><time>2023-02-13T05:10:33Z</time></trkpt><trkpt lat="31.072995" lon="78.189446"><ele>1970.358</ele><time>2023-02-13T05:10:37Z</time></trkpt><trkpt lat="31.072958" lon="78.189488"><ele>1970.377</ele><time>2023-02-13T05:10:41Z</time></trkpt><trkpt lat="31.072925" lon="78.189540"><ele>1970.133</ele><time>2023-02-13T05:10:46Z</time></trkpt><trkpt lat="31.072892" lon="78.189583"><ele>1970.125</ele><time>2023-02-13T05:10:50Z</time></trkpt><trkpt lat="31.072864" lon="78.189630"><ele>1969.980</ele><time>2023-02-13T05:10:54Z</time></trkpt><trkpt lat="31.072831" lon="78.189680"><ele>1969.851</ele><time>2023-02-13T05:10:58Z</time></trkpt><trkpt lat="31.072798" lon="78.189732"><ele>1969.801</ele><time>2023-02-13T05:11:02Z</time></trkpt><trkpt lat="31.072776" lon="78.189785"><ele>1969.511</ele><time>2023-02-13T05:11:07Z</time></trkpt><trkpt lat="31.072741" lon="78.189823"><ele>1969.809</ele><time>2023-02-13T05:11:11Z</time></trkpt><trkpt lat="31.072716" lon="78.189875"><ele>1969.716</ele><time>2023-02-13T05:11:18Z</time></trkpt><trkpt lat="31.072671" lon="78.189912"><ele>1970.387</ele><time>2023-02-13T05:11:23Z</time></trkpt><trkpt lat="31.072629" lon="78.189942"><ele>1971.140</ele><time>2023-02-13T05:11:27Z</time></trkpt><trkpt lat="31.072601" lon="78.189985"><ele>1971.324</ele><time>2023-02-13T05:11:31Z</time></trkpt><trkpt lat="31.072581" lon="78.190033"><ele>1972.092</ele><time>2023-02-13T05:11:37Z</time></trkpt><trkpt lat="31.072589" lon="78.190085"><ele>1972.211</ele><time>2023-02-13T05:14:24Z</time></trkpt><trkpt lat="31.072557" lon="78.190123"><ele>1973.567</ele><time>2023-02-13T05:14:31Z</time></trkpt><trkpt lat="31.072529" lon="78.190081"><ele>1973.969</ele><time>2023-02-13T05:14:39Z</time></trkpt><trkpt lat="31.072487" lon="78.190048"><ele>1975.114</ele><time>2023-02-13T05:15:30Z</time></trkpt><trkpt lat="31.072442" lon="78.190056"><ele>1977.242</ele><time>2023-02-13T05:15:34Z</time></trkpt><trkpt lat="31.072412" lon="78.190101"><ele>1979.122</ele><time>2023-02-13T05:15:45Z</time></trkpt><trkpt lat="31.072375" lon="78.190066"><ele>1980.514</ele><time>2023-02-13T05:15:53Z</time></trkpt><trkpt lat="31.072328" lon="78.190073"><ele>1982.709</ele><time>2023-02-13T05:15:59Z</time></trkpt><trkpt lat="31.072288" lon="78.190101"><ele>1985.035</ele><time>2023-02-13T05:16:13Z</time></trkpt><trkpt lat="31.072260" lon="78.190056"><ele>1985.766</ele><time>2023-02-13T05:16:25Z</time></trkpt><trkpt lat="31.072240" lon="78.190108"><ele>1987.339</ele><time>2023-02-13T05:16:45Z</time></trkpt><trkpt lat="31.072248" lon="78.190161"><ele>1987.763</ele><time>2023-02-13T05:16:54Z</time></trkpt><trkpt lat="31.072245" lon="78.190216"><ele>1988.611</ele><time>2023-02-13T05:17:03Z</time></trkpt><trkpt lat="31.072265" lon="78.190271"><ele>1988.370</ele><time>2023-02-13T05:17:10Z</time></trkpt><trkpt lat="31.072268" lon="78.190326"><ele>1988.956</ele><time>2023-02-13T05:17:17Z</time></trkpt><trkpt lat="31.072281" lon="78.190383"><ele>1989.048</ele><time>2023-02-13T05:17:25Z</time></trkpt><trkpt lat="31.072288" lon="78.190438"><ele>1989.393</ele><time>2023-02-13T05:17:34Z</time></trkpt><trkpt lat="31.072265" lon="78.190485"><ele>1991.272</ele><time>2023-02-13T05:17:47Z</time></trkpt><trkpt lat="31.072243" lon="78.190535"><ele>1993.013</ele><time>2023-02-13T05:17:56Z</time></trkpt><trkpt lat="31.072205" lon="78.190588"><ele>1995.814</ele><time>2023-02-13T05:18:12Z</time></trkpt><trkpt lat="31.072163" lon="78.190551"><ele>1997.609</ele><time>2023-02-13T05:18:24Z</time></trkpt><trkpt lat="31.072098" lon="78.190553"><ele>2001.298</ele><time>2023-02-13T05:18:45Z</time></trkpt><trkpt lat="31.072036" lon="78.190545"><ele>2004.489</ele><time>2023-02-13T05:18:58Z</time></trkpt><trkpt lat="31.071996" lon="78.190577"><ele>2007.112</ele><time>2023-02-13T05:19:08Z</time></trkpt><trkpt lat="31.071953" lon="78.190597"><ele>2009.846</ele><time>2023-02-13T05:19:35Z</time></trkpt><trkpt lat="31.071943" lon="78.190649"><ele>2011.434</ele><time>2023-02-13T05:19:45Z</time></trkpt><trkpt lat="31.071975" lon="78.190706"><ele>2010.633</ele><time>2023-02-13T05:20:23Z</time></trkpt><trkpt lat="31.071985" lon="78.190763"><ele>2011.069</ele><time>2023-02-13T05:20:31Z</time></trkpt><trkpt lat="31.072002" lon="78.190815"><ele>2011.051</ele><time>2023-02-13T05:20:43Z</time></trkpt><trkpt lat="31.072034" lon="78.190853"><ele>2009.736</ele><time>2023-02-13T05:20:48Z</time></trkpt><trkpt lat="31.072012" lon="78.190911"><ele>2011.928</ele><time>2023-02-13T05:20:56Z</time></trkpt><trkpt lat="31.071990" lon="78.190961"><ele>2013.989</ele><time>2023-02-13T05:21:01Z</time></trkpt><trkpt lat="31.071972" lon="78.191009"><ele>2015.717</ele><time>2023-02-13T05:21:06Z</time></trkpt><trkpt lat="31.071927" lon="78.190992"><ele>2018.109</ele><time>2023-02-13T05:21:16Z</time></trkpt><trkpt lat="31.071879" lon="78.190999"><ele>2021.013</ele><time>2023-02-13T05:21:25Z</time></trkpt><trkpt lat="31.071839" lon="78.191046"><ele>2024.164</ele><time>2023-02-13T05:21:35Z</time></trkpt><trkpt lat="31.071852" lon="78.191098"><ele>2024.257</ele><time>2023-02-13T05:21:47Z</time></trkpt><trkpt lat="31.071812" lon="78.191135"><ele>2027.111</ele><time>2023-02-13T05:21:58Z</time></trkpt><trkpt lat="31.071800" lon="78.191192"><ele>2028.799</ele><time>2023-02-13T05:24:51Z</time></trkpt><trkpt lat="31.071765" lon="78.191149"><ele>2030.128</ele><time>2023-02-13T05:25:25Z</time></trkpt><trkpt lat="31.071767" lon="78.191207"><ele>2030.994</ele><time>2023-02-13T05:26:33Z</time></trkpt><trkpt lat="31.071722" lon="78.191234"><ele>2034.016</ele><time>2023-02-13T05:26:45Z</time></trkpt><trkpt lat="31.071709" lon="78.191291"><ele>2035.661</ele><time>2023-02-13T05:27:07Z</time></trkpt><trkpt lat="31.071706" lon="78.191351"><ele>2036.755</ele><time>2023-02-13T05:27:14Z</time></trkpt><trkpt lat="31.071659" lon="78.191356"><ele>2039.307</ele><time>2023-02-13T05:27:23Z</time></trkpt><trkpt lat="31.071611" lon="78.191356"><ele>2040.617</ele><time>2023-02-13T05:27:31Z</time></trkpt><trkpt lat="31.071544" lon="78.191369"><ele>2042.409</ele><time>2023-02-13T05:27:52Z</time></trkpt><trkpt lat="31.071554" lon="78.191422"><ele>2042.856</ele><time>2023-02-13T05:27:59Z</time></trkpt><trkpt lat="31.071501" lon="78.191422"><ele>2044.087</ele><time>2023-02-13T05:28:10Z</time></trkpt><trkpt lat="31.071443" lon="78.191432"><ele>2045.510</ele><time>2023-02-13T05:28:16Z</time></trkpt><trkpt lat="31.071396" lon="78.191422"><ele>2046.564</ele><time>2023-02-13T05:28:25Z</time></trkpt><trkpt lat="31.071373" lon="78.191472"><ele>2047.282</ele><time>2023-02-13T05:29:14Z</time></trkpt><trkpt lat="31.071381" lon="78.191525"><ele>2047.471</ele><time>2023-02-13T05:29:21Z</time></trkpt><trkpt lat="31.071328" lon="78.191527"><ele>2048.457</ele><time>2023-02-13T05:29:50Z</time></trkpt><trkpt lat="31.071290" lon="78.191557"><ele>2049.239</ele><time>2023-02-13T05:29:58Z</time></trkpt><trkpt lat="31.071267" lon="78.191609"><ele>2049.734</ele><time>2023-02-13T05:30:06Z</time></trkpt><trkpt lat="31.071220" lon="78.191609"><ele>2050.525</ele><time>2023-02-13T05:30:20Z</time></trkpt><trkpt lat="31.071173" lon="78.191596"><ele>2051.326</ele><time>2023-02-13T05:30:29Z</time></trkpt><trkpt lat="31.071130" lon="78.191669"><ele>2051.608</ele><time>2023-02-13T05:30:43Z</time></trkpt><trkpt lat="31.071082" lon="78.191644"><ele>2052.509</ele><time>2023-02-13T05:31:03Z</time></trkpt><trkpt lat="31.071044" lon="78.191616"><ele>2053.383</ele><time>2023-02-13T05:31:07Z</time></trkpt><trkpt lat="31.071024" lon="78.191561"><ele>2054.194</ele><time>2023-02-13T05:31:13Z</time></trkpt><trkpt lat="31.070977" lon="78.191538"><ele>2055.177</ele><time>2023-02-13T05:31:19Z</time></trkpt><trkpt lat="31.070935" lon="78.191516"><ele>2056.271</ele><time>2023-02-13T05:31:26Z</time></trkpt><trkpt lat="31.070885" lon="78.191498"><ele>2057.439</ele><time>2023-02-13T05:31:39Z</time></trkpt><trkpt lat="31.070835" lon="78.191478"><ele>2058.788</ele><time>2023-02-13T05:31:48Z</time></trkpt><trkpt lat="31.070787" lon="78.191466"><ele>2059.434</ele><time>2023-02-13T05:31:58Z</time></trkpt><trkpt lat="31.070759" lon="78.191409"><ele>2060.766</ele><time>2023-02-13T05:32:06Z</time></trkpt><trkpt lat="31.070831" lon="78.191396"><ele>2059.911</ele><time>2023-02-13T05:33:08Z</time></trkpt><trkpt lat="31.070781" lon="78.191409"><ele>2060.423</ele><time>2023-02-13T05:33:16Z</time></trkpt><trkpt lat="31.070731" lon="78.191406"><ele>2061.283</ele><time>2023-02-13T05:33:22Z</time></trkpt><trkpt lat="31.070691" lon="78.191431"><ele>2061.211</ele><time>2023-02-13T05:33:30Z</time></trkpt><trkpt lat="31.070689" lon="78.191486"><ele>2060.009</ele><time>2023-02-13T05:33:39Z</time></trkpt><trkpt lat="31.070641" lon="78.191396"><ele>2062.713</ele><time>2023-02-13T05:48:14Z</time></trkpt><trkpt lat="31.070604" lon="78.191349"><ele>2064.564</ele><time>2023-02-13T05:48:20Z</time></trkpt><trkpt lat="31.070566" lon="78.191312"><ele>2066.287</ele><time>2023-02-13T05:48:27Z</time></trkpt><trkpt lat="31.070518" lon="78.191322"><ele>2066.861</ele><time>2023-02-13T05:48:35Z</time></trkpt><trkpt lat="31.070470" lon="78.191320"><ele>2067.799</ele><time>2023-02-13T05:48:41Z</time></trkpt><trkpt lat="31.070422" lon="78.191313"><ele>2068.878</ele><time>2023-02-13T05:49:03Z</time></trkpt><trkpt lat="31.070380" lon="78.191281"><ele>2070.934</ele><time>2023-02-13T05:49:10Z</time></trkpt><trkpt lat="31.070340" lon="78.191244"><ele>2073.266</ele><time>2023-02-13T05:49:16Z</time></trkpt><trkpt lat="31.070293" lon="78.191214"><ele>2075.661</ele><time>2023-02-13T05:49:24Z</time></trkpt><trkpt lat="31.070263" lon="78.191174"><ele>2078.177</ele><time>2023-02-13T05:49:32Z</time></trkpt><trkpt lat="31.070218" lon="78.191142"><ele>2080.861</ele><time>2023-02-13T05:49:52Z</time></trkpt><trkpt lat="31.070196" lon="78.191095"><ele>2083.627</ele><time>2023-02-13T05:49:58Z</time></trkpt><trkpt lat="31.070179" lon="78.191043"><ele>2086.709</ele><time>2023-02-13T05:50:04Z</time></trkpt><trkpt lat="31.070139" lon="78.191013"><ele>2089.678</ele><time>2023-02-13T05:50:11Z</time></trkpt><trkpt lat="31.070091" lon="78.191000"><ele>2092.059</ele><time>2023-02-13T05:50:18Z</time></trkpt><trkpt lat="31.070053" lon="78.190968"><ele>2095.152</ele><time>2023-02-13T05:50:25Z</time></trkpt><trkpt lat="31.070018" lon="78.190930"><ele>2098.676</ele><time>2023-02-13T05:50:31Z</time></trkpt><trkpt lat="31.069970" lon="78.190933"><ele>2099.694</ele><time>2023-02-13T05:50:37Z</time></trkpt><trkpt lat="31.069920" lon="78.190931"><ele>2100.623</ele><time>2023-02-13T05:50:44Z</time></trkpt><trkpt lat="31.069875" lon="78.190941"><ele>2100.759</ele><time>2023-02-13T05:50:50Z</time></trkpt><trkpt lat="31.069832" lon="78.190924"><ele>2102.421</ele><time>2023-02-13T05:50:57Z</time></trkpt><trkpt lat="31.069810" lon="78.190874"><ele>2105.876</ele><time>2023-02-13T05:51:16Z</time></trkpt><trkpt lat="31.069773" lon="78.190906"><ele>2104.439</ele><time>2023-02-13T05:51:56Z</time></trkpt><trkpt lat="31.069736" lon="78.190871"><ele>2107.201</ele><time>2023-02-13T05:52:30Z</time></trkpt><trkpt lat="31.069689" lon="78.190859"><ele>2108.721</ele><time>2023-02-13T05:52:42Z</time></trkpt><trkpt lat="31.069669" lon="78.190922"><ele>2105.209</ele><time>2023-02-13T05:53:10Z</time></trkpt><trkpt lat="31.069609" lon="78.190934"><ele>2105.434</ele><time>2023-02-13T05:56:52Z</time></trkpt><trkpt lat="31.069559" lon="78.190902"><ele>2108.235</ele><time>2023-02-13T05:56:58Z</time></trkpt><trkpt lat="31.069522" lon="78.190860"><ele>2111.468</ele><time>2023-02-13T05:57:05Z</time></trkpt><trkpt lat="31.069470" lon="78.190848"><ele>2113.042</ele><time>2023-02-13T05:57:09Z</time></trkpt><trkpt lat="31.069413" lon="78.190841"><ele>2114.460</ele><time>2023-02-13T05:57:14Z</time></trkpt><trkpt lat="31.069358" lon="78.190823"><ele>2115.959</ele><time>2023-02-13T05:57:19Z</time></trkpt><trkpt lat="31.069331" lon="78.190778"><ele>2116.955</ele><time>2023-02-13T05:57:25Z</time></trkpt><trkpt lat="31.069304" lon="78.190726"><ele>2118.187</ele><time>2023-02-13T05:57:31Z</time></trkpt><trkpt lat="31.069269" lon="78.190686"><ele>2119.472</ele><time>2023-02-13T05:57:37Z</time></trkpt><trkpt lat="31.069221" lon="78.190668"><ele>2120.855</ele><time>2023-02-13T05:57:46Z</time></trkpt><trkpt lat="31.069184" lon="78.190628"><ele>2122.507</ele><time>2023-02-13T05:57:53Z</time></trkpt><trkpt lat="31.069137" lon="78.190605"><ele>2123.517</ele><time>2023-02-13T05:58:01Z</time></trkpt><trkpt lat="31.069159" lon="78.190653"><ele>2122.509</ele><time>2023-02-13T05:58:19Z</time></trkpt><trkpt lat="31.069111" lon="78.190638"><ele>2122.986</ele><time>2023-02-13T05:58:36Z</time></trkpt><trkpt lat="31.069059" lon="78.190623"><ele>2123.427</ele><time>2023-02-13T05:58:41Z</time></trkpt><trkpt lat="31.069027" lon="78.190573"><ele>2124.450</ele><time>2023-02-13T05:58:46Z</time></trkpt><trkpt lat="31.068987" lon="78.190541"><ele>2125.244</ele><time>2023-02-13T05:58:50Z</time></trkpt><trkpt lat="31.068959" lon="78.190496"><ele>2126.112</ele><time>2023-02-13T05:58:55Z</time></trkpt><trkpt lat="31.068926" lon="78.190459"><ele>2126.911</ele><time>2023-02-13T05:58:59Z</time></trkpt><trkpt lat="31.068879" lon="78.190421"><ele>2127.897</ele><time>2023-02-13T05:59:04Z</time></trkpt><trkpt lat="31.068834" lon="78.190408"><ele>2128.289</ele><time>2023-02-13T05:59:13Z</time></trkpt><trkpt lat="31.068806" lon="78.190358"><ele>2129.234</ele><time>2023-02-13T05:59:23Z</time></trkpt><trkpt lat="31.068759" lon="78.190353"><ele>2129.457</ele><time>2023-02-13T05:59:29Z</time></trkpt><trkpt lat="31.068741" lon="78.190301"><ele>2130.400</ele><time>2023-02-13T06:00:03Z</time></trkpt><trkpt lat="31.068698" lon="78.190271"><ele>2131.120</ele><time>2023-02-13T06:00:09Z</time></trkpt><trkpt lat="31.068676" lon="78.190224"><ele>2132.009</ele><time>2023-02-13T06:00:14Z</time></trkpt><trkpt lat="31.068649" lon="78.190177"><ele>2133.056</ele><time>2023-02-13T06:00:20Z</time></trkpt><trkpt lat="31.068614" lon="78.190130"><ele>2133.987</ele><time>2023-02-13T06:00:25Z</time></trkpt><trkpt lat="31.068577" lon="78.190097"><ele>2134.690</ele><time>2023-02-13T06:00:30Z</time></trkpt><trkpt lat="31.068537" lon="78.190065"><ele>2135.314</ele><time>2023-02-13T06:00:36Z</time></trkpt><trkpt lat="31.068494" lon="78.190033"><ele>2136.052</ele><time>2023-02-13T06:00:42Z</time></trkpt><trkpt lat="31.068462" lon="78.189988"><ele>2137.031</ele><time>2023-02-13T06:00:48Z</time></trkpt><trkpt lat="31.068434" lon="78.189943"><ele>2138.297</ele><time>2023-02-13T06:00:55Z</time></trkpt><trkpt lat="31.068396" lon="78.189901"><ele>2139.679</ele><time>2023-02-13T06:01:06Z</time></trkpt><trkpt lat="31.068359" lon="78.189864"><ele>2141.054</ele><time>2023-02-13T06:01:15Z</time></trkpt><trkpt lat="31.068331" lon="78.189812"><ele>2142.913</ele><time>2023-02-13T06:01:26Z</time></trkpt><trkpt lat="31.068294" lon="78.189779"><ele>2144.743</ele><time>2023-02-13T06:01:33Z</time></trkpt><trkpt lat="31.068271" lon="78.189734"><ele>2146.507</ele><time>2023-02-13T06:01:45Z</time></trkpt><trkpt lat="31.068229" lon="78.189704"><ele>2148.209</ele><time>2023-02-13T06:01:59Z</time></trkpt><trkpt lat="31.068186" lon="78.189679"><ele>2149.742</ele><time>2023-02-13T06:02:07Z</time></trkpt><trkpt lat="31.068144" lon="78.189652"><ele>2151.213</ele><time>2023-02-13T06:02:17Z</time></trkpt><trkpt lat="31.068101" lon="78.189632"><ele>2152.586</ele><time>2023-02-13T06:02:26Z</time></trkpt><trkpt lat="31.067998" lon="78.189640"><ele>2154.130</ele><time>2023-02-13T06:02:56Z</time></trkpt><trkpt lat="31.068100" lon="78.189732"><ele>2149.948</ele><time>2023-02-13T06:03:07Z</time></trkpt><trkpt lat="31.068067" lon="78.189695"><ele>2151.587</ele><time>2023-02-13T06:03:13Z</time></trkpt><trkpt lat="31.068055" lon="78.189627"><ele>2153.473</ele><time>2023-02-13T06:03:17Z</time></trkpt><trkpt lat="31.068023" lon="78.189574"><ele>2155.315</ele><time>2023-02-13T06:03:20Z</time></trkpt><trkpt lat="31.068010" lon="78.189516"><ele>2156.980</ele><time>2023-02-13T06:03:24Z</time></trkpt><trkpt lat="31.067980" lon="78.189474"><ele>2158.315</ele><time>2023-02-13T06:03:31Z</time></trkpt><trkpt lat="31.067932" lon="78.189464"><ele>2159.265</ele><time>2023-02-13T06:03:35Z</time></trkpt><trkpt lat="31.067895" lon="78.189431"><ele>2160.411</ele><time>2023-02-13T06:03:41Z</time></trkpt><trkpt lat="31.067853" lon="78.189403"><ele>2161.509</ele><time>2023-02-13T06:03:49Z</time></trkpt><trkpt lat="31.067805" lon="78.189403"><ele>2162.142</ele><time>2023-02-13T06:03:54Z</time></trkpt><trkpt lat="31.067753" lon="78.189400"><ele>2162.833</ele><time>2023-02-13T06:04:00Z</time></trkpt><trkpt lat="31.067713" lon="78.189365"><ele>2163.936</ele><time>2023-02-13T06:04:09Z</time></trkpt><trkpt lat="31.067663" lon="78.189345"><ele>2164.860</ele><time>2023-02-13T06:04:16Z</time></trkpt><trkpt lat="31.067618" lon="78.189340"><ele>2165.478</ele><time>2023-02-13T06:04:22Z</time></trkpt><trkpt lat="31.067571" lon="78.189345"><ele>2165.997</ele><time>2023-02-13T06:04:27Z</time></trkpt><trkpt lat="31.067523" lon="78.189343"><ele>2166.493</ele><time>2023-02-13T06:04:31Z</time></trkpt><trkpt lat="31.067473" lon="78.189360"><ele>2167.555</ele><time>2023-02-13T06:04:36Z</time></trkpt><trkpt lat="31.067433" lon="78.189322"><ele>2169.590</ele><time>2023-02-13T06:04:42Z</time></trkpt><trkpt lat="31.067391" lon="78.189300"><ele>2171.349</ele><time>2023-02-13T06:04:50Z</time></trkpt><trkpt lat="31.067351" lon="78.189270"><ele>2173.202</ele><time>2023-02-13T06:04:56Z</time></trkpt><trkpt lat="31.067309" lon="78.189238"><ele>2175.222</ele><time>2023-02-13T06:05:05Z</time></trkpt><trkpt lat="31.067406" lon="78.189413"><ele>2169.309</ele><time>2023-02-13T06:05:43Z</time></trkpt><trkpt lat="31.067366" lon="78.189356"><ele>2171.565</ele><time>2023-02-13T06:06:06Z</time></trkpt><trkpt lat="31.067321" lon="78.189333"><ele>2173.576</ele><time>2023-02-13T06:08:16Z</time></trkpt><trkpt lat="31.067273" lon="78.189231"><ele>2176.619</ele><time>2023-02-13T06:15:30Z</time></trkpt><trkpt lat="31.067215" lon="78.189251"><ele>2178.513</ele><time>2023-02-13T06:17:03Z</time></trkpt><trkpt lat="31.067177" lon="78.189213"><ele>2180.461</ele><time>2023-02-13T06:17:10Z</time></trkpt><trkpt lat="31.067142" lon="78.189180"><ele>2182.110</ele><time>2023-02-13T06:17:15Z</time></trkpt><trkpt lat="31.067100" lon="78.189152"><ele>2184.286</ele><time>2023-02-13T06:17:24Z</time></trkpt><trkpt lat="31.067055" lon="78.189139"><ele>2186.178</ele><time>2023-02-13T06:17:31Z</time></trkpt><trkpt lat="31.067008" lon="78.189139"><ele>2187.863</ele><time>2023-02-13T06:17:45Z</time></trkpt><trkpt lat="31.066965" lon="78.189107"><ele>2189.956</ele><time>2023-02-13T06:17:59Z</time></trkpt><trkpt lat="31.066912" lon="78.189099"><ele>2191.959</ele><time>2023-02-13T06:18:10Z</time></trkpt><trkpt lat="31.066859" lon="78.189092"><ele>2194.014</ele><time>2023-02-13T06:18:19Z</time></trkpt><trkpt lat="31.066812" lon="78.189092"><ele>2195.709</ele><time>2023-02-13T06:18:31Z</time></trkpt><trkpt lat="31.066774" lon="78.189132"><ele>2196.596</ele><time>2023-02-13T06:18:55Z</time></trkpt><trkpt lat="31.066702" lon="78.189162"><ele>2198.777</ele><time>2023-02-13T06:19:12Z</time></trkpt><trkpt lat="31.066667" lon="78.189122"><ele>2200.560</ele><time>2023-02-13T06:19:34Z</time></trkpt><trkpt lat="31.066632" lon="78.189082"><ele>2202.444</ele><time>2023-02-13T06:19:43Z</time></trkpt><trkpt lat="31.066592" lon="78.189045"><ele>2204.572</ele><time>2023-02-13T06:19:54Z</time></trkpt><trkpt lat="31.066515" lon="78.189037"><ele>2207.721</ele><time>2023-02-13T06:20:04Z</time></trkpt><trkpt lat="31.066428" lon="78.189029"><ele>2211.297</ele><time>2023-02-13T06:20:32Z</time></trkpt><trkpt lat="31.066380" lon="78.189029"><ele>2213.239</ele><time>2023-02-13T06:20:39Z</time></trkpt><trkpt lat="31.066308" lon="78.189036"><ele>2216.034</ele><time>2023-02-13T06:20:58Z</time></trkpt><trkpt lat="31.066248" lon="78.189034"><ele>2218.447</ele><time>2023-02-13T06:21:42Z</time></trkpt><trkpt lat="31.066206" lon="78.189012"><ele>2220.329</ele><time>2023-02-13T06:21:47Z</time></trkpt><trkpt lat="31.066119" lon="78.189039"><ele>2223.621</ele><time>2023-02-13T06:22:41Z</time></trkpt><trkpt lat="31.066149" lon="78.188994"><ele>2222.809</ele><time>2023-02-13T06:22:50Z</time></trkpt><trkpt lat="31.066122" lon="78.188932"><ele>2224.545</ele><time>2023-02-13T06:23:00Z</time></trkpt><trkpt lat="31.066077" lon="78.188915"><ele>2226.496</ele><time>2023-02-13T06:23:05Z</time></trkpt><trkpt lat="31.066010" lon="78.188978"><ele>2228.519</ele><time>2023-02-13T06:24:16Z</time></trkpt><trkpt lat="31.065962" lon="78.189001"><ele>2230.283</ele><time>2023-02-13T06:24:28Z</time></trkpt><trkpt lat="31.065925" lon="78.188966"><ele>2232.041</ele><time>2023-02-13T06:24:35Z</time></trkpt><trkpt lat="31.065885" lon="78.188993"><ele>2233.460</ele><time>2023-02-13T06:24:42Z</time></trkpt><trkpt lat="31.065845" lon="78.189020"><ele>2234.856</ele><time>2023-02-13T06:24:52Z</time></trkpt><trkpt lat="31.065808" lon="78.188985"><ele>2237.098</ele><time>2023-02-13T06:25:19Z</time></trkpt><trkpt lat="31.065768" lon="78.188958"><ele>2239.453</ele><time>2023-02-13T06:25:27Z</time></trkpt><trkpt lat="31.065723" lon="78.188988"><ele>2241.863</ele><time>2023-02-13T06:25:37Z</time></trkpt><trkpt lat="31.065676" lon="78.188968"><ele>2244.644</ele><time>2023-02-13T06:25:54Z</time></trkpt><trkpt lat="31.065628" lon="78.188970"><ele>2247.318</ele><time>2023-02-13T06:26:01Z</time></trkpt><trkpt lat="31.065571" lon="78.188955"><ele>2250.509</ele><time>2023-02-13T06:26:16Z</time></trkpt><trkpt lat="31.065444" lon="78.188938"><ele>2257.747</ele><time>2023-02-13T06:26:45Z</time></trkpt><trkpt lat="31.065487" lon="78.188968"><ele>2255.318</ele><time>2023-02-13T06:28:02Z</time></trkpt><trkpt lat="31.065442" lon="78.188951"><ele>2257.881</ele><time>2023-02-13T06:28:08Z</time></trkpt><trkpt lat="31.065410" lon="78.188846"><ele>2259.245</ele><time>2023-02-13T06:28:40Z</time></trkpt><trkpt lat="31.065392" lon="78.188791"><ele>2259.973</ele><time>2023-02-13T06:28:53Z</time></trkpt><trkpt lat="31.065369" lon="78.188741"><ele>2260.952</ele><time>2023-02-13T06:29:01Z</time></trkpt><trkpt lat="31.065297" lon="78.188778"><ele>2264.728</ele><time>2023-02-13T06:29:17Z</time></trkpt><trkpt lat="31.065250" lon="78.188756"><ele>2266.910</ele><time>2023-02-13T06:29:32Z</time></trkpt><trkpt lat="31.065227" lon="78.188703"><ele>2267.635</ele><time>2023-02-13T06:30:07Z</time></trkpt><trkpt lat="31.065182" lon="78.188678"><ele>2269.679</ele><time>2023-02-13T06:30:22Z</time></trkpt><trkpt lat="31.065137" lon="78.188660"><ele>2271.505</ele><time>2023-02-13T06:30:33Z</time></trkpt><trkpt lat="31.065065" lon="78.188635"><ele>2274.625</ele><time>2023-02-13T06:31:00Z</time></trkpt><trkpt lat="31.065018" lon="78.188637"><ele>2276.909</ele><time>2023-02-13T06:31:08Z</time></trkpt><trkpt lat="31.064970" lon="78.188632"><ele>2278.738</ele><time>2023-02-13T06:31:16Z</time></trkpt><trkpt lat="31.064893" lon="78.188614"><ele>2281.239</ele><time>2023-02-13T06:31:52Z</time></trkpt><trkpt lat="31.064856" lon="78.188579"><ele>2282.262</ele><time>2023-02-13T06:32:07Z</time></trkpt><trkpt lat="31.064813" lon="78.188554"><ele>2283.536</ele><time>2023-02-13T06:32:26Z</time></trkpt><trkpt lat="31.064766" lon="78.188552"><ele>2285.344</ele><time>2023-02-13T06:32:42Z</time></trkpt><trkpt lat="31.064724" lon="78.188519"><ele>2286.773</ele><time>2023-02-13T06:32:55Z</time></trkpt><trkpt lat="31.064689" lon="78.188484"><ele>2287.939</ele><time>2023-02-13T06:33:04Z</time></trkpt><trkpt lat="31.064651" lon="78.188456"><ele>2289.371</ele><time>2023-02-13T06:33:16Z</time></trkpt><trkpt lat="31.064616" lon="78.188416"><ele>2290.726</ele><time>2023-02-13T06:33:29Z</time></trkpt><trkpt lat="31.064573" lon="78.188376"><ele>2292.581</ele><time>2023-02-13T06:33:37Z</time></trkpt><trkpt lat="31.064540" lon="78.188333"><ele>2294.061</ele><time>2023-02-13T06:33:59Z</time></trkpt><trkpt lat="31.064487" lon="78.188293"><ele>2297.517</ele><time>2023-02-13T06:34:22Z</time></trkpt><trkpt lat="31.064447" lon="78.188268"><ele>2299.909</ele><time>2023-02-13T06:34:28Z</time></trkpt><trkpt lat="31.064402" lon="78.188228"><ele>2302.899</ele><time>2023-02-13T06:34:49Z</time></trkpt><trkpt lat="31.064367" lon="78.188183"><ele>2305.260</ele><time>2023-02-13T06:34:57Z</time></trkpt><trkpt lat="31.064322" lon="78.188153"><ele>2307.543</ele><time>2023-02-13T06:35:11Z</time></trkpt><trkpt lat="31.064277" lon="78.188123"><ele>2309.887</ele><time>2023-02-13T06:35:26Z</time></trkpt><trkpt lat="31.064297" lon="78.188068"><ele>2310.145</ele><time>2023-02-13T06:35:51Z</time></trkpt><trkpt lat="31.064325" lon="78.188015"><ele>2310.294</ele><time>2023-02-13T06:36:15Z</time></trkpt><trkpt lat="31.064327" lon="78.187950"><ele>2311.520</ele><time>2023-02-13T06:36:29Z</time></trkpt><trkpt lat="31.064305" lon="78.187902"><ele>2313.052</ele><time>2023-02-13T06:36:35Z</time></trkpt><trkpt lat="31.064250" lon="78.187869"><ele>2315.147</ele><time>2023-02-13T06:36:47Z</time></trkpt><trkpt lat="31.064223" lon="78.187919"><ele>2314.974</ele><time>2023-02-13T06:42:02Z</time></trkpt><trkpt lat="31.064260" lon="78.187871"><ele>2314.856</ele><time>2023-02-13T06:50:24Z</time></trkpt><trkpt lat="31.064197" lon="78.187919"><ele>2315.621</ele><time>2023-02-13T06:57:01Z</time></trkpt><trkpt lat="31.064280" lon="78.187896"><ele>2313.809</ele><time>2023-02-13T07:08:16Z</time></trkpt><trkpt lat="31.064240" lon="78.187923"><ele>2314.418</ele><time>2023-02-13T07:13:57Z</time></trkpt><trkpt lat="31.064258" lon="78.187868"><ele>2314.989</ele><time>2023-02-13T07:15:17Z</time></trkpt><trkpt lat="31.064191" lon="78.187810"><ele>2317.422</ele><time>2023-02-13T07:15:52Z</time></trkpt><trkpt lat="31.064154" lon="78.187775"><ele>2318.616</ele><time>2023-02-13T07:16:22Z</time></trkpt><trkpt lat="31.064112" lon="78.187743"><ele>2319.744</ele><time>2023-02-13T07:16:30Z</time></trkpt><trkpt lat="31.064067" lon="78.187728"><ele>2320.693</ele><time>2023-02-13T07:16:36Z</time></trkpt><trkpt lat="31.064022" lon="78.187725"><ele>2321.429</ele><time>2023-02-13T07:16:46Z</time></trkpt><trkpt lat="31.063974" lon="78.187717"><ele>2322.271</ele><time>2023-02-13T07:16:53Z</time></trkpt><trkpt lat="31.063949" lon="78.187672"><ele>2323.386</ele><time>2023-02-13T07:17:06Z</time></trkpt><trkpt lat="31.063897" lon="78.187680"><ele>2324.198</ele><time>2023-02-13T07:18:03Z</time></trkpt><trkpt lat="31.063854" lon="78.187642"><ele>2325.415</ele><time>2023-02-13T07:18:27Z</time></trkpt><trkpt lat="31.063822" lon="78.187604"><ele>2326.526</ele><time>2023-02-13T07:18:34Z</time></trkpt><trkpt lat="31.063787" lon="78.187564"><ele>2327.809</ele><time>2023-02-13T07:18:42Z</time></trkpt><trkpt lat="31.063755" lon="78.187526"><ele>2329.060</ele><time>2023-02-13T07:18:50Z</time></trkpt><trkpt lat="31.063713" lon="78.187504"><ele>2330.191</ele><time>2023-02-13T07:19:11Z</time></trkpt><trkpt lat="31.063683" lon="78.187457"><ele>2332.064</ele><time>2023-02-13T07:19:18Z</time></trkpt><trkpt lat="31.063648" lon="78.187417"><ele>2333.948</ele><time>2023-02-13T07:19:34Z</time></trkpt><trkpt lat="31.063605" lon="78.187380"><ele>2335.696</ele><time>2023-02-13T07:19:59Z</time></trkpt><trkpt lat="31.063560" lon="78.187352"><ele>2337.195</ele><time>2023-02-13T07:20:13Z</time></trkpt><trkpt lat="31.063533" lon="78.187304"><ele>2338.961</ele><time>2023-02-13T07:20:24Z</time></trkpt><trkpt lat="31.063496" lon="78.187267"><ele>2340.433</ele><time>2023-02-13T07:20:33Z</time></trkpt><trkpt lat="31.063454" lon="78.187237"><ele>2341.818</ele><time>2023-02-13T07:20:43Z</time></trkpt><trkpt lat="31.063416" lon="78.187200"><ele>2343.287</ele><time>2023-02-13T07:20:49Z</time></trkpt><trkpt lat="31.063373" lon="78.187178"><ele>2344.342</ele><time>2023-02-13T07:20:54Z</time></trkpt><trkpt lat="31.063328" lon="78.187170"><ele>2345.126</ele><time>2023-02-13T07:20:59Z</time></trkpt><trkpt lat="31.063283" lon="78.187165"><ele>2346.609</ele><time>2023-02-13T07:21:06Z</time></trkpt><trkpt lat="31.063235" lon="78.187170"><ele>2348.089</ele><time>2023-02-13T07:21:12Z</time></trkpt><trkpt lat="31.063187" lon="78.187160"><ele>2349.730</ele><time>2023-02-13T07:21:18Z</time></trkpt><trkpt lat="31.063142" lon="78.187163"><ele>2351.023</ele><time>2023-02-13T07:21:25Z</time></trkpt><trkpt lat="31.063100" lon="78.187140"><ele>2352.897</ele><time>2023-02-13T07:21:35Z</time></trkpt><trkpt lat="31.063072" lon="78.187098"><ele>2354.545</ele><time>2023-02-13T07:21:47Z</time></trkpt><trkpt lat="31.063024" lon="78.187076"><ele>2356.494</ele><time>2023-02-13T07:21:56Z</time></trkpt><trkpt lat="31.062992" lon="78.187036"><ele>2358.210</ele><time>2023-02-13T07:22:01Z</time></trkpt><trkpt lat="31.062947" lon="78.187016"><ele>2359.912</ele><time>2023-02-13T07:22:07Z</time></trkpt><trkpt lat="31.062905" lon="78.186996"><ele>2361.527</ele><time>2023-02-13T07:22:13Z</time></trkpt><trkpt lat="31.062867" lon="78.186963"><ele>2363.227</ele><time>2023-02-13T07:22:20Z</time></trkpt><trkpt lat="31.062819" lon="78.186951"><ele>2364.868</ele><time>2023-02-13T07:22:26Z</time></trkpt><trkpt lat="31.062776" lon="78.186924"><ele>2366.514</ele><time>2023-02-13T07:22:35Z</time></trkpt><trkpt lat="31.062733" lon="78.186867"><ele>2368.709</ele><time>2023-02-13T07:22:47Z</time></trkpt><trkpt lat="31.062670" lon="78.186880"><ele>2370.243</ele><time>2023-02-13T07:23:13Z</time></trkpt><trkpt lat="31.062650" lon="78.186928"><ele>2370.084</ele><time>2023-02-13T07:23:19Z</time></trkpt><trkpt lat="31.062605" lon="78.186930"><ele>2371.297</ele><time>2023-02-13T07:23:28Z</time></trkpt><trkpt lat="31.062558" lon="78.186920"><ele>2372.731</ele><time>2023-02-13T07:23:42Z</time></trkpt><trkpt lat="31.062533" lon="78.186967"><ele>2372.719</ele><time>2023-02-13T07:23:58Z</time></trkpt><trkpt lat="31.062628" lon="78.187004"><ele>2369.448</ele><time>2023-02-13T07:24:12Z</time></trkpt><trkpt lat="31.062553" lon="78.187029"><ele>2371.224</ele><time>2023-02-13T07:24:15Z</time></trkpt><trkpt lat="31.062528" lon="78.187084"><ele>2371.236</ele><time>2023-02-13T07:24:21Z</time></trkpt><trkpt lat="31.062478" lon="78.187081"><ele>2372.821</ele><time>2023-02-13T07:24:31Z</time></trkpt><trkpt lat="31.062471" lon="78.187024"><ele>2373.847</ele><time>2023-02-13T07:24:42Z</time></trkpt><trkpt lat="31.062424" lon="78.187012"><ele>2375.629</ele><time>2023-02-13T07:25:11Z</time></trkpt><trkpt lat="31.062382" lon="78.187044"><ele>2376.521</ele><time>2023-02-13T07:25:35Z</time></trkpt><trkpt lat="31.062314" lon="78.187006"><ele>2379.409</ele><time>2023-02-13T07:26:11Z</time></trkpt><trkpt lat="31.062227" lon="78.187004"><ele>2382.385</ele><time>2023-02-13T07:26:30Z</time></trkpt><trkpt lat="31.062232" lon="78.187059"><ele>2381.456</ele><time>2023-02-13T07:28:08Z</time></trkpt><trkpt lat="31.062187" lon="78.187069"><ele>2382.719</ele><time>2023-02-13T07:28:23Z</time></trkpt><trkpt lat="31.062167" lon="78.187021"><ele>2384.143</ele><time>2023-02-13T07:28:35Z</time></trkpt><trkpt lat="31.062117" lon="78.187011"><ele>2385.921</ele><time>2023-02-13T07:28:56Z</time></trkpt><trkpt lat="31.062077" lon="78.186976"><ele>2387.850</ele><time>2023-02-13T07:29:03Z</time></trkpt><trkpt lat="31.062037" lon="78.186904"><ele>2390.146</ele><time>2023-02-13T07:29:30Z</time></trkpt><trkpt lat="31.061979" lon="78.186897"><ele>2392.298</ele><time>2023-02-13T07:29:45Z</time></trkpt><trkpt lat="31.061932" lon="78.186912"><ele>2393.623</ele><time>2023-02-13T07:29:54Z</time></trkpt><trkpt lat="31.061857" lon="78.186879"><ele>2396.546</ele><time>2023-02-13T07:30:10Z</time></trkpt><trkpt lat="31.061810" lon="78.186871"><ele>2398.288</ele><time>2023-02-13T07:30:20Z</time></trkpt><trkpt lat="31.061760" lon="78.186858"><ele>2400.116</ele><time>2023-02-13T07:30:37Z</time></trkpt><trkpt lat="31.061708" lon="78.186855"><ele>2401.909</ele><time>2023-02-13T07:31:15Z</time></trkpt><trkpt lat="31.061660" lon="78.186850"><ele>2403.755</ele><time>2023-02-13T07:31:26Z</time></trkpt><trkpt lat="31.061625" lon="78.186810"><ele>2406.066</ele><time>2023-02-13T07:31:33Z</time></trkpt><trkpt lat="31.061562" lon="78.186810"><ele>2409.249</ele><time>2023-02-13T07:31:42Z</time></trkpt><trkpt lat="31.061525" lon="78.186848"><ele>2410.453</ele><time>2023-02-13T07:31:49Z</time></trkpt><trkpt lat="31.061468" lon="78.186823"><ele>2413.721</ele><time>2023-02-13T07:32:12Z</time></trkpt><trkpt lat="31.061423" lon="78.186835"><ele>2415.760</ele><time>2023-02-13T07:32:21Z</time></trkpt><trkpt lat="31.061378" lon="78.186800"><ele>2418.646</ele><time>2023-02-13T07:33:25Z</time></trkpt><trkpt lat="31.061341" lon="78.186835"><ele>2419.788</ele><time>2023-02-13T07:33:38Z</time></trkpt><trkpt lat="31.061296" lon="78.186830"><ele>2422.153</ele><time>2023-02-13T07:33:49Z</time></trkpt><trkpt lat="31.061258" lon="78.186860"><ele>2423.385</ele><time>2023-02-13T07:34:00Z</time></trkpt><trkpt lat="31.061213" lon="78.186873"><ele>2425.289</ele><time>2023-02-13T07:34:12Z</time></trkpt><trkpt lat="31.061173" lon="78.186841"><ele>2427.917</ele><time>2023-02-13T07:34:21Z</time></trkpt><trkpt lat="31.061126" lon="78.186838"><ele>2430.309</ele><time>2023-02-13T07:35:35Z</time></trkpt><trkpt lat="31.061089" lon="78.186876"><ele>2431.219</ele><time>2023-02-13T07:35:42Z</time></trkpt><trkpt lat="31.061051" lon="78.186908"><ele>2432.340</ele><time>2023-02-13T07:35:49Z</time></trkpt><trkpt lat="31.061016" lon="78.186950"><ele>2432.823</ele><time>2023-02-13T07:36:14Z</time></trkpt><trkpt lat="31.060971" lon="78.186967"><ele>2434.587</ele><time>2023-02-13T07:36:21Z</time></trkpt><trkpt lat="31.060926" lon="78.186965"><ele>2436.725</ele><time>2023-02-13T07:36:29Z</time></trkpt><trkpt lat="31.060881" lon="78.186978"><ele>2438.444</ele><time>2023-02-13T07:36:37Z</time></trkpt><trkpt lat="31.060848" lon="78.186925"><ele>2441.590</ele><time>2023-02-13T07:36:52Z</time></trkpt><trkpt lat="31.060806" lon="78.186898"><ele>2444.282</ele><time>2023-02-13T07:37:00Z</time></trkpt><trkpt lat="31.060774" lon="78.186851"><ele>2446.877</ele><time>2023-02-13T07:37:18Z</time></trkpt><trkpt lat="31.060697" lon="78.186883"><ele>2449.065</ele><time>2023-02-13T07:37:59Z</time></trkpt><trkpt lat="31.060634" lon="78.186945"><ele>2449.968</ele><time>2023-02-13T07:38:20Z</time></trkpt><trkpt lat="31.060511" lon="78.186905"><ele>2455.914</ele><time>2023-02-13T07:40:58Z</time></trkpt><trkpt lat="31.060426" lon="78.186922"><ele>2459.009</ele><time>2023-02-13T07:41:58Z</time></trkpt><trkpt lat="31.060379" lon="78.186954"><ele>2460.287</ele><time>2023-02-13T07:42:05Z</time></trkpt><trkpt lat="31.060334" lon="78.186949"><ele>2462.168</ele><time>2023-02-13T07:42:15Z</time></trkpt><trkpt lat="31.060262" lon="78.186924"><ele>2465.681</ele><time>2023-02-13T07:42:29Z</time></trkpt><trkpt lat="31.060217" lon="78.186929"><ele>2467.375</ele><time>2023-02-13T07:42:37Z</time></trkpt><trkpt lat="31.060177" lon="78.186891"><ele>2469.713</ele><time>2023-02-13T07:43:17Z</time></trkpt><trkpt lat="31.060129" lon="78.186878"><ele>2471.882</ele><time>2023-02-13T07:43:26Z</time></trkpt><trkpt lat="31.060084" lon="78.186858"><ele>2473.948</ele><time>2023-02-13T07:43:32Z</time></trkpt><trkpt lat="31.060012" lon="78.186861"><ele>2476.720</ele><time>2023-02-13T07:43:56Z</time></trkpt><trkpt lat="31.059965" lon="78.186883"><ele>2478.035</ele><time>2023-02-13T07:44:50Z</time></trkpt><trkpt lat="31.059918" lon="78.186883"><ele>2479.455</ele><time>2023-02-13T07:44:58Z</time></trkpt><trkpt lat="31.059871" lon="78.186896"><ele>2480.707</ele><time>2023-02-13T07:45:07Z</time></trkpt><trkpt lat="31.059828" lon="78.186913"><ele>2481.717</ele><time>2023-02-13T07:45:18Z</time></trkpt><trkpt lat="31.059785" lon="78.186941"><ele>2482.609</ele><time>2023-02-13T07:45:27Z</time></trkpt><trkpt lat="31.059718" lon="78.186933"><ele>2484.816</ele><time>2023-02-13T07:45:35Z</time></trkpt><trkpt lat="31.059670" lon="78.186943"><ele>2486.147</ele><time>2023-02-13T07:45:52Z</time></trkpt><trkpt lat="31.059628" lon="78.186920"><ele>2487.730</ele><time>2023-02-13T07:45:58Z</time></trkpt><trkpt lat="31.059555" lon="78.186973"><ele>2489.084</ele><time>2023-02-13T07:46:22Z</time></trkpt><trkpt lat="31.059510" lon="78.186995"><ele>2490.022</ele><time>2023-02-13T07:46:28Z</time></trkpt><trkpt lat="31.059463" lon="78.187008"><ele>2491.291</ele><time>2023-02-13T07:46:36Z</time></trkpt><trkpt lat="31.059416" lon="78.186998"><ele>2492.837</ele><time>2023-02-13T07:46:46Z</time></trkpt><trkpt lat="31.059376" lon="78.187053"><ele>2492.929</ele><time>2023-02-13T07:47:01Z</time></trkpt><trkpt lat="31.059331" lon="78.187001"><ele>2495.324</ele><time>2023-02-13T07:49:24Z</time></trkpt><trkpt lat="31.059283" lon="78.187029"><ele>2496.125</ele><time>2023-02-13T07:49:32Z</time></trkpt><trkpt lat="31.059236" lon="78.187039"><ele>2497.326</ele><time>2023-02-13T07:49:39Z</time></trkpt><trkpt lat="31.059186" lon="78.187049"><ele>2498.608</ele><time>2023-02-13T07:49:54Z</time></trkpt><trkpt lat="31.059151" lon="78.187091"><ele>2498.809</ele><time>2023-02-13T07:50:10Z</time></trkpt><trkpt lat="31.059106" lon="78.187124"><ele>2499.343</ele><time>2023-02-13T07:50:16Z</time></trkpt><trkpt lat="31.059068" lon="78.187152"><ele>2499.834</ele><time>2023-02-13T07:50:27Z</time></trkpt><trkpt lat="31.059020" lon="78.187189"><ele>2500.557</ele><time>2023-02-13T07:50:35Z</time></trkpt><trkpt lat="31.058962" lon="78.187201"><ele>2501.961</ele><time>2023-02-13T07:50:56Z</time></trkpt><trkpt lat="31.058944" lon="78.187253"><ele>2501.619</ele><time>2023-02-13T07:51:02Z</time></trkpt><trkpt lat="31.058881" lon="78.187266"><ele>2503.328</ele><time>2023-02-13T07:51:22Z</time></trkpt><trkpt lat="31.058846" lon="78.187309"><ele>2503.784</ele><time>2023-02-13T07:51:32Z</time></trkpt><trkpt lat="31.058806" lon="78.187346"><ele>2504.566</ele><time>2023-02-13T07:51:40Z</time></trkpt><trkpt lat="31.058874" lon="78.187358"><ele>2502.221</ele><time>2023-02-13T07:52:29Z</time></trkpt><trkpt lat="31.058844" lon="78.187398"><ele>2502.687</ele><time>2023-02-13T07:52:33Z</time></trkpt><trkpt lat="31.058822" lon="78.187451"><ele>2502.642</ele><time>2023-02-13T07:52:39Z</time></trkpt><trkpt lat="31.058822" lon="78.187504"><ele>2502.026</ele><time>2023-02-13T07:52:46Z</time></trkpt><trkpt lat="31.058789" lon="78.187547"><ele>2503.609</ele><time>2023-02-13T07:52:52Z</time></trkpt><trkpt lat="31.058741" lon="78.187570"><ele>2505.449</ele><time>2023-02-13T07:52:59Z</time></trkpt><trkpt lat="31.058721" lon="78.187618"><ele>2506.570</ele><time>2023-02-13T07:53:05Z</time></trkpt><trkpt lat="31.058676" lon="78.187635"><ele>2508.283</ele><time>2023-02-13T07:53:09Z</time></trkpt><trkpt lat="31.058636" lon="78.187673"><ele>2509.957</ele><time>2023-02-13T07:53:15Z</time></trkpt><trkpt lat="31.058594" lon="78.187703"><ele>2511.535</ele><time>2023-02-13T07:53:21Z</time></trkpt><trkpt lat="31.058551" lon="78.187726"><ele>2513.194</ele><time>2023-02-13T07:53:26Z</time></trkpt><trkpt lat="31.058506" lon="78.187731"><ele>2514.740</ele><time>2023-02-13T07:53:31Z</time></trkpt><trkpt lat="31.058469" lon="78.187764"><ele>2516.172</ele><time>2023-02-13T07:53:41Z</time></trkpt><trkpt lat="31.058437" lon="78.187806"><ele>2517.577</ele><time>2023-02-13T07:53:48Z</time></trkpt><trkpt lat="31.058389" lon="78.187813"><ele>2519.178</ele><time>2023-02-13T07:53:58Z</time></trkpt><trkpt lat="31.058367" lon="78.187861"><ele>2520.133</ele><time>2023-02-13T07:54:07Z</time></trkpt><trkpt lat="31.058312" lon="78.187874"><ele>2521.426</ele><time>2023-02-13T07:54:14Z</time></trkpt><trkpt lat="31.058274" lon="78.187906"><ele>2521.909</ele><time>2023-02-13T07:54:20Z</time></trkpt><trkpt lat="31.058222" lon="78.187921"><ele>2522.578</ele><time>2023-02-13T07:54:26Z</time></trkpt><trkpt lat="31.058179" lon="78.187944"><ele>2522.999</ele><time>2023-02-13T07:54:34Z</time></trkpt><trkpt lat="31.058134" lon="78.187956"><ele>2523.392</ele><time>2023-02-13T07:54:43Z</time></trkpt><trkpt lat="31.058092" lon="78.187936"><ele>2523.676</ele><time>2023-02-13T07:54:49Z</time></trkpt><trkpt lat="31.058047" lon="78.187928"><ele>2523.984</ele><time>2023-02-13T07:54:55Z</time></trkpt><trkpt lat="31.057999" lon="78.187916"><ele>2524.383</ele><time>2023-02-13T07:55:02Z</time></trkpt><trkpt lat="31.057954" lon="78.187936"><ele>2524.729</ele><time>2023-02-13T07:55:08Z</time></trkpt><trkpt lat="31.057929" lon="78.187984"><ele>2524.891</ele><time>2023-02-13T07:55:15Z</time></trkpt><trkpt lat="31.057881" lon="78.187987"><ele>2525.246</ele><time>2023-02-13T07:55:23Z</time></trkpt><trkpt lat="31.057839" lon="78.188009"><ele>2525.453</ele><time>2023-02-13T07:55:32Z</time></trkpt><trkpt lat="31.057794" lon="78.188037"><ele>2525.604</ele><time>2023-02-13T07:55:40Z</time></trkpt><trkpt lat="31.057742" lon="78.188002"><ele>2526.114</ele><time>2023-02-13T07:56:33Z</time></trkpt><trkpt lat="31.057697" lon="78.187989"><ele>2526.509</ele><time>2023-02-13T07:56:39Z</time></trkpt><trkpt lat="31.057647" lon="78.188009"><ele>2526.736</ele><time>2023-02-13T07:56:44Z</time></trkpt><trkpt lat="31.057610" lon="78.188047"><ele>2526.717</ele><time>2023-02-13T07:57:32Z</time></trkpt><trkpt lat="31.057617" lon="78.188110"><ele>2526.310</ele><time>2023-02-13T07:59:11Z</time></trkpt><trkpt lat="31.057622" lon="78.188165"><ele>2525.994</ele><time>2023-02-13T08:01:22Z</time></trkpt><trkpt lat="31.057572" lon="78.188160"><ele>2526.272</ele><time>2023-02-13T08:02:36Z</time></trkpt><trkpt lat="31.057499" lon="78.188140"><ele>2526.761</ele><time>2023-02-13T08:03:53Z</time></trkpt><trkpt lat="31.057481" lon="78.188197"><ele>2526.927</ele><time>2023-02-13T08:03:58Z</time></trkpt><trkpt lat="31.057463" lon="78.188247"><ele>2527.249</ele><time>2023-02-13T08:04:02Z</time></trkpt><trkpt lat="31.057428" lon="78.188292"><ele>2528.394</ele><time>2023-02-13T08:04:15Z</time></trkpt><trkpt lat="31.057390" lon="78.188322"><ele>2529.677</ele><time>2023-02-13T08:04:19Z</time></trkpt><trkpt lat="31.057360" lon="78.188362"><ele>2531.161</ele><time>2023-02-13T08:04:23Z</time></trkpt><trkpt lat="31.057317" lon="78.188394"><ele>2533.427</ele><time>2023-02-13T08:04:29Z</time></trkpt><trkpt lat="31.057274" lon="78.188409"><ele>2535.309</ele><time>2023-02-13T08:04:32Z</time></trkpt><trkpt lat="31.057229" lon="78.188434"><ele>2537.488</ele><time>2023-02-13T08:04:39Z</time></trkpt><trkpt lat="31.057249" lon="78.188484"><ele>2537.399</ele><time>2023-02-13T08:04:46Z</time></trkpt><trkpt lat="31.057297" lon="78.188461"><ele>2535.152</ele><time>2023-02-13T08:05:45Z</time></trkpt><trkpt lat="31.057332" lon="78.188428"><ele>2533.366</ele><time>2023-02-13T08:06:00Z</time></trkpt><trkpt lat="31.057325" lon="78.188373"><ele>2532.764</ele><time>2023-02-13T08:06:04Z</time></trkpt><trkpt lat="31.057338" lon="78.188321"><ele>2531.783</ele><time>2023-02-13T08:06:12Z</time></trkpt><trkpt lat="31.057370" lon="78.188273"><ele>2530.859</ele><time>2023-02-13T08:06:22Z</time></trkpt><trkpt lat="31.057402" lon="78.188231"><ele>2529.821</ele><time>2023-02-13T08:06:26Z</time></trkpt><trkpt lat="31.057415" lon="78.188178"><ele>2529.766</ele><time>2023-02-13T08:06:31Z</time></trkpt><trkpt lat="31.057395" lon="78.188121"><ele>2530.933</ele><time>2023-02-13T08:06:37Z</time></trkpt><trkpt lat="31.057357" lon="78.188071"><ele>2532.823</ele><time>2023-02-13T08:06:43Z</time></trkpt><trkpt lat="31.057317" lon="78.188043"><ele>2534.615</ele><time>2023-02-13T08:06:48Z</time></trkpt><trkpt lat="31.057310" lon="78.187986"><ele>2535.309</ele><time>2023-02-13T08:06:56Z</time></trkpt><trkpt lat="31.057263" lon="78.187938"><ele>2537.574</ele><time>2023-02-13T08:07:55Z</time></trkpt><trkpt lat="31.057226" lon="78.187896"><ele>2539.225</ele><time>2023-02-13T08:08:02Z</time></trkpt><trkpt lat="31.057181" lon="78.187894"><ele>2540.978</ele><time>2023-02-13T08:09:04Z</time></trkpt><trkpt lat="31.057133" lon="78.187904"><ele>2542.712</ele><time>2023-02-13T08:09:11Z</time></trkpt><trkpt lat="31.057191" lon="78.187894"><ele>2540.570</ele><time>2023-02-13T08:10:20Z</time></trkpt><trkpt lat="31.057219" lon="78.187842"><ele>2539.839</ele><time>2023-02-13T08:10:25Z</time></trkpt><trkpt lat="31.057189" lon="78.187800"><ele>2541.275</ele><time>2023-02-13T08:10:33Z</time></trkpt><trkpt lat="31.057136" lon="78.187912"><ele>2542.597</ele><time>2023-02-13T08:11:23Z</time></trkpt><trkpt lat="31.057181" lon="78.187944"><ele>2540.692</ele><time>2023-02-13T08:11:50Z</time></trkpt><trkpt lat="31.057221" lon="78.187989"><ele>2538.736</ele><time>2023-02-13T08:11:54Z</time></trkpt><trkpt lat="31.057273" lon="78.187981"><ele>2536.817</ele><time>2023-02-13T08:11:59Z</time></trkpt><trkpt lat="31.057318" lon="78.187973"><ele>2535.118</ele><time>2023-02-13T08:15:25Z</time></trkpt><trkpt lat="31.057368" lon="78.187938"><ele>2533.409</ele><time>2023-02-13T08:15:42Z</time></trkpt><trkpt lat="31.057378" lon="78.187885"><ele>2533.474</ele><time>2023-02-13T08:15:44Z</time></trkpt><trkpt lat="31.057346" lon="78.187827"><ele>2535.145</ele><time>2023-02-13T08:15:48Z</time></trkpt><trkpt lat="31.057311" lon="78.187794"><ele>2536.788</ele><time>2023-02-13T08:15:53Z</time></trkpt><trkpt lat="31.057424" lon="78.187851"><ele>2531.922</ele><time>2023-02-13T08:18:40Z</time></trkpt><trkpt lat="31.057336" lon="78.187796"><ele>2535.760</ele><time>2023-02-13T08:19:18Z</time></trkpt><trkpt lat="31.057291" lon="78.187789"><ele>2537.419</ele><time>2023-02-13T08:20:17Z</time></trkpt><trkpt lat="31.057338" lon="78.187786"><ele>2535.795</ele><time>2023-02-13T08:20:27Z</time></trkpt><trkpt lat="31.057361" lon="78.187838"><ele>2534.487</ele><time>2023-02-13T08:20:35Z</time></trkpt><trkpt lat="31.057373" lon="78.187891"><ele>2533.632</ele><time>2023-02-13T08:20:41Z</time></trkpt><trkpt lat="31.057355" lon="78.187943"><ele>2533.947</ele><time>2023-02-13T08:20:45Z</time></trkpt><trkpt lat="31.057302" lon="78.187951"><ele>2535.929</ele><time>2023-02-13T08:22:59Z</time></trkpt><trkpt lat="31.057249" lon="78.187929"><ele>2538.121</ele><time>2023-02-13T08:23:45Z</time></trkpt><trkpt lat="31.057206" lon="78.187892"><ele>2540.009</ele><time>2023-02-13T08:23:54Z</time></trkpt><trkpt lat="31.057196" lon="78.187837"><ele>2540.795</ele><time>2023-02-13T08:24:00Z</time></trkpt><trkpt lat="31.057219" lon="78.187887"><ele>2539.596</ele><time>2023-02-13T08:25:27Z</time></trkpt><trkpt lat="31.057247" lon="78.187934"><ele>2538.189</ele><time>2023-02-13T08:25:37Z</time></trkpt><trkpt lat="31.057279" lon="78.187986"><ele>2536.513</ele><time>2023-02-13T08:25:47Z</time></trkpt><trkpt lat="31.057244" lon="78.187949"><ele>2538.141</ele><time>2023-02-13T08:26:45Z</time></trkpt><trkpt lat="31.057297" lon="78.187942"><ele>2536.170</ele><time>2023-02-13T08:27:41Z</time></trkpt><trkpt lat="31.057272" lon="78.187990"><ele>2536.756</ele><time>2023-02-13T08:29:34Z</time></trkpt><trkpt lat="31.057287" lon="78.188048"><ele>2535.748</ele><time>2023-02-13T08:29:42Z</time></trkpt><trkpt lat="31.057312" lon="78.188093"><ele>2534.413</ele><time>2023-02-13T08:29:45Z</time></trkpt><trkpt lat="31.057357" lon="78.188135"><ele>2532.357</ele><time>2023-02-13T08:29:48Z</time></trkpt><trkpt lat="31.057352" lon="78.188190"><ele>2532.100</ele><time>2023-02-13T08:29:56Z</time></trkpt><trkpt lat="31.057329" lon="78.188237"><ele>2532.720</ele><time>2023-02-13T08:30:03Z</time></trkpt><trkpt lat="31.057349" lon="78.188292"><ele>2531.509</ele><time>2023-02-13T08:30:07Z</time></trkpt><trkpt lat="31.057364" lon="78.188344"><ele>2530.746</ele><time>2023-02-13T08:30:14Z</time></trkpt><trkpt lat="31.057379" lon="78.188397"><ele>2530.987</ele><time>2023-02-13T08:30:17Z</time></trkpt><trkpt lat="31.057389" lon="78.188454"><ele>2531.450</ele><time>2023-02-13T08:30:23Z</time></trkpt><trkpt lat="31.057366" lon="78.188507"><ele>2533.124</ele><time>2023-02-13T08:30:29Z</time></trkpt><trkpt lat="31.057334" lon="78.188559"><ele>2535.122</ele><time>2023-02-13T08:30:38Z</time></trkpt><trkpt lat="31.057292" lon="78.188589"><ele>2537.241</ele><time>2023-02-13T08:30:48Z</time></trkpt><trkpt lat="31.057252" lon="78.188621"><ele>2539.177</ele><time>2023-02-13T08:30:57Z</time></trkpt><trkpt lat="31.057249" lon="78.188678"><ele>2540.039</ele><time>2023-02-13T08:31:05Z</time></trkpt><trkpt lat="31.057204" lon="78.188690"><ele>2541.984</ele><time>2023-02-13T08:31:14Z</time></trkpt><trkpt lat="31.057172" lon="78.188728"><ele>2543.512</ele><time>2023-02-13T08:31:19Z</time></trkpt><trkpt lat="31.057122" lon="78.188721"><ele>2545.232</ele><time>2023-02-13T08:31:27Z</time></trkpt><trkpt lat="31.057075" lon="78.188764"><ele>2547.505</ele><time>2023-02-13T08:31:38Z</time></trkpt><trkpt lat="31.057037" lon="78.188794"><ele>2549.209</ele><time>2023-02-13T08:31:43Z</time></trkpt><trkpt lat="31.057017" lon="78.188846"><ele>2550.562</ele><time>2023-02-13T08:31:49Z</time></trkpt><trkpt lat="31.056977" lon="78.188874"><ele>2552.243</ele><time>2023-02-13T08:31:54Z</time></trkpt><trkpt lat="31.056945" lon="78.188919"><ele>2553.716</ele><time>2023-02-13T08:32:02Z</time></trkpt><trkpt lat="31.056913" lon="78.188969"><ele>2555.350</ele><time>2023-02-13T08:32:07Z</time></trkpt><trkpt lat="31.056890" lon="78.189017"><ele>2556.698</ele><time>2023-02-13T08:32:12Z</time></trkpt><trkpt lat="31.056857" lon="78.189054"><ele>2558.047</ele><time>2023-02-13T08:32:19Z</time></trkpt><trkpt lat="31.056820" lon="78.189097"><ele>2559.643</ele><time>2023-02-13T08:32:26Z</time></trkpt><trkpt lat="31.056797" lon="78.189147"><ele>2560.855</ele><time>2023-02-13T08:32:34Z</time></trkpt><trkpt lat="31.056810" lon="78.189200"><ele>2560.870</ele><time>2023-02-13T08:32:42Z</time></trkpt><trkpt lat="31.056852" lon="78.189227"><ele>2559.842</ele><time>2023-02-13T08:32:49Z</time></trkpt><trkpt lat="31.056849" lon="78.189284"><ele>2560.522</ele><time>2023-02-13T08:32:59Z</time></trkpt><trkpt lat="31.056857" lon="78.189337"><ele>2560.814</ele><time>2023-02-13T08:33:08Z</time></trkpt><trkpt lat="31.056849" lon="78.189394"><ele>2561.609</ele><time>2023-02-13T08:33:17Z</time></trkpt><trkpt lat="31.056827" lon="78.189442"><ele>2562.775</ele><time>2023-02-13T08:33:44Z</time></trkpt><trkpt lat="31.056792" lon="78.189480"><ele>2564.146</ele><time>2023-02-13T08:33:54Z</time></trkpt><trkpt lat="31.056780" lon="78.189535"><ele>2564.969</ele><time>2023-02-13T08:34:12Z</time></trkpt><trkpt lat="31.056773" lon="78.189590"><ele>2565.613</ele><time>2023-02-13T08:34:18Z</time></trkpt><trkpt lat="31.056736" lon="78.189627"><ele>2567.071</ele><time>2023-02-13T08:34:28Z</time></trkpt><trkpt lat="31.056683" lon="78.189650"><ele>2568.610</ele><time>2023-02-13T08:34:43Z</time></trkpt><trkpt lat="31.056626" lon="78.189618"><ele>2570.386</ele><time>2023-02-13T08:34:50Z</time></trkpt><trkpt lat="31.056553" lon="78.189616"><ele>2573.048</ele><time>2023-02-13T08:35:07Z</time></trkpt><trkpt lat="31.056475" lon="78.189641"><ele>2576.183</ele><time>2023-02-13T08:35:32Z</time></trkpt><trkpt lat="31.056453" lon="78.189694"><ele>2577.374</ele><time>2023-02-13T08:35:44Z</time></trkpt><trkpt lat="31.056431" lon="78.189746"><ele>2578.556</ele><time>2023-02-13T08:35:54Z</time></trkpt><trkpt lat="31.056371" lon="78.189744"><ele>2580.721</ele><time>2023-02-13T08:37:11Z</time></trkpt><trkpt lat="31.056331" lon="78.189769"><ele>2582.409</ele><time>2023-02-13T08:37:18Z</time></trkpt><trkpt lat="31.056288" lon="78.189801"><ele>2584.288</ele><time>2023-02-13T08:37:29Z</time></trkpt><trkpt lat="31.056231" lon="78.189839"><ele>2586.579</ele><time>2023-02-13T08:37:42Z</time></trkpt><trkpt lat="31.056186" lon="78.189829"><ele>2588.192</ele><time>2023-02-13T08:37:52Z</time></trkpt><trkpt lat="31.056159" lon="78.189877"><ele>2589.476</ele><time>2023-02-13T08:38:01Z</time></trkpt><trkpt lat="31.056121" lon="78.189910"><ele>2591.064</ele><time>2023-02-13T08:38:08Z</time></trkpt><trkpt lat="31.056076" lon="78.189923"><ele>2592.733</ele><time>2023-02-13T08:38:25Z</time></trkpt><trkpt lat="31.056046" lon="78.189968"><ele>2594.159</ele><time>2023-02-13T08:38:39Z</time></trkpt><trkpt lat="31.056014" lon="78.190015"><ele>2595.631</ele><time>2023-02-13T08:38:47Z</time></trkpt><trkpt lat="31.055972" lon="78.190035"><ele>2597.266</ele><time>2023-02-13T08:38:55Z</time></trkpt><trkpt lat="31.055944" lon="78.190087"><ele>2598.427</ele><time>2023-02-13T08:39:07Z</time></trkpt><trkpt lat="31.055896" lon="78.190074"><ele>2600.068</ele><time>2023-02-13T08:39:17Z</time></trkpt><trkpt lat="31.055798" lon="78.190074"><ele>2603.314</ele><time>2023-02-13T08:39:53Z</time></trkpt><trkpt lat="31.055745" lon="78.190066"><ele>2604.909</ele><time>2023-02-13T08:40:16Z</time></trkpt><trkpt lat="31.055710" lon="78.190031"><ele>2605.913</ele><time>2023-02-13T08:40:21Z</time></trkpt><trkpt lat="31.055662" lon="78.190021"><ele>2607.444</ele><time>2023-02-13T08:40:52Z</time></trkpt><trkpt lat="31.055615" lon="78.190028"><ele>2608.857</ele><time>2023-02-13T08:41:03Z</time></trkpt><trkpt lat="31.055568" lon="78.190016"><ele>2610.361</ele><time>2023-02-13T08:41:12Z</time></trkpt><trkpt lat="31.055535" lon="78.190054"><ele>2611.339</ele><time>2023-02-13T08:41:31Z</time></trkpt><trkpt lat="31.055498" lon="78.190091"><ele>2612.578</ele><time>2023-02-13T08:41:38Z</time></trkpt><trkpt lat="31.055456" lon="78.190123"><ele>2613.874</ele><time>2023-02-13T08:41:46Z</time></trkpt><trkpt lat="31.055396" lon="78.190138"><ele>2615.636</ele><time>2023-02-13T08:41:58Z</time></trkpt><trkpt lat="31.055351" lon="78.190141"><ele>2617.021</ele><time>2023-02-13T08:42:06Z</time></trkpt><trkpt lat="31.055264" lon="78.190154"><ele>2619.655</ele><time>2023-02-13T08:42:47Z</time></trkpt><trkpt lat="31.055217" lon="78.190149"><ele>2621.107</ele><time>2023-02-13T08:42:56Z</time></trkpt><trkpt lat="31.055182" lon="78.190182"><ele>2622.117</ele><time>2023-02-13T08:43:13Z</time></trkpt><trkpt lat="31.055230" lon="78.190189"><ele>2620.609</ele><time>2023-02-13T08:43:38Z</time></trkpt><trkpt lat="31.055155" lon="78.190236"><ele>2622.826</ele><time>2023-02-13T08:45:48Z</time></trkpt><trkpt lat="31.055115" lon="78.190199"><ele>2624.147</ele><time>2023-02-13T08:45:55Z</time></trkpt><trkpt lat="31.055067" lon="78.190189"><ele>2625.560</ele><time>2023-02-13T08:46:05Z</time></trkpt><trkpt lat="31.055024" lon="78.190216"><ele>2626.864</ele><time>2023-02-13T08:46:15Z</time></trkpt><trkpt lat="31.054979" lon="78.190204"><ele>2628.112</ele><time>2023-02-13T08:46:28Z</time></trkpt><trkpt lat="31.054937" lon="78.190172"><ele>2629.481</ele><time>2023-02-13T08:46:40Z</time></trkpt><trkpt lat="31.054887" lon="78.190137"><ele>2631.037</ele><time>2023-02-13T08:46:59Z</time></trkpt><trkpt lat="31.054845" lon="78.190105"><ele>2632.329</ele><time>2023-02-13T08:47:11Z</time></trkpt><trkpt lat="31.054798" lon="78.190113"><ele>2633.764</ele><time>2023-02-13T08:47:21Z</time></trkpt><trkpt lat="31.054780" lon="78.190161"><ele>2633.935</ele><time>2023-02-13T08:47:28Z</time></trkpt><trkpt lat="31.054748" lon="78.190201"><ele>2634.686</ele><time>2023-02-13T08:47:36Z</time></trkpt><trkpt lat="31.054703" lon="78.190201"><ele>2635.814</ele><time>2023-02-13T08:48:07Z</time></trkpt><trkpt lat="31.054700" lon="78.190281"><ele>2635.309</ele><time>2023-02-13T08:48:45Z</time></trkpt><trkpt lat="31.054667" lon="78.190243"><ele>2636.514</ele><time>2023-02-13T08:50:28Z</time></trkpt><trkpt lat="31.054619" lon="78.190235"><ele>2637.915</ele><time>2023-02-13T08:50:34Z</time></trkpt><trkpt lat="31.054582" lon="78.190268"><ele>2638.658</ele><time>2023-02-13T08:50:42Z</time></trkpt><trkpt lat="31.054537" lon="78.190258"><ele>2639.962</ele><time>2023-02-13T08:50:49Z</time></trkpt><trkpt lat="31.054495" lon="78.190236"><ele>2641.320</ele><time>2023-02-13T08:50:59Z</time></trkpt><trkpt lat="31.054452" lon="78.190268"><ele>2642.129</ele><time>2023-02-13T08:51:37Z</time></trkpt><trkpt lat="31.054447" lon="78.190210"><ele>2642.925</ele><time>2023-02-13T08:51:56Z</time></trkpt><trkpt lat="31.054404" lon="78.190192"><ele>2644.327</ele><time>2023-02-13T08:52:07Z</time></trkpt><trkpt lat="31.054356" lon="78.190189"><ele>2645.782</ele><time>2023-02-13T08:52:14Z</time></trkpt><trkpt lat="31.054308" lon="78.190182"><ele>2647.286</ele><time>2023-02-13T08:52:22Z</time></trkpt><trkpt lat="31.054263" lon="78.190167"><ele>2648.660</ele><time>2023-02-13T08:52:28Z</time></trkpt><trkpt lat="31.054203" lon="78.190175"><ele>2650.226</ele><time>2023-02-13T08:53:20Z</time></trkpt><trkpt lat="31.054213" lon="78.190233"><ele>2649.109</ele><time>2023-02-13T08:55:13Z</time></trkpt><trkpt lat="31.054196" lon="78.190183"><ele>2650.319</ele><time>2023-02-13T08:55:21Z</time></trkpt><trkpt lat="31.054229" lon="78.190146"><ele>2649.960</ele><time>2023-02-13T08:55:32Z</time></trkpt><trkpt lat="31.054181" lon="78.190123"><ele>2651.723</ele><time>2023-02-13T08:55:39Z</time></trkpt><trkpt lat="31.054134" lon="78.190086"><ele>2653.367</ele><time>2023-02-13T08:55:44Z</time></trkpt><trkpt lat="31.054116" lon="78.190034"><ele>2654.595</ele><time>2023-02-13T08:55:52Z</time></trkpt><trkpt lat="31.054104" lon="78.189982"><ele>2655.664</ele><time>2023-02-13T08:56:04Z</time></trkpt><trkpt lat="31.054072" lon="78.189939"><ele>2657.190</ele><time>2023-02-13T08:56:10Z</time></trkpt><trkpt lat="31.054009" lon="78.189884"><ele>2659.562</ele><time>2023-02-13T08:56:29Z</time></trkpt><trkpt lat="31.053969" lon="78.189859"><ele>2660.857</ele><time>2023-02-13T08:56:39Z</time></trkpt><trkpt lat="31.053884" lon="78.189829"><ele>2663.147</ele><time>2023-02-13T08:57:32Z</time></trkpt><trkpt lat="31.053839" lon="78.189812"><ele>2664.429</ele><time>2023-02-13T08:57:46Z</time></trkpt><trkpt lat="31.053794" lon="78.189794"><ele>2665.721</ele><time>2023-02-13T08:57:56Z</time></trkpt><trkpt lat="31.053752" lon="78.189774"><ele>2666.909</ele><time>2023-02-13T08:58:04Z</time></trkpt><trkpt lat="31.053707" lon="78.189761"><ele>2668.155</ele><time>2023-02-13T08:58:12Z</time></trkpt><trkpt lat="31.053770" lon="78.189911"><ele>2663.996</ele><time>2023-02-13T09:03:32Z</time></trkpt><trkpt lat="31.053718" lon="78.189828"><ele>2666.689</ele><time>2023-02-13T09:04:28Z</time></trkpt><trkpt lat="31.053666" lon="78.189825"><ele>2667.793</ele><time>2023-02-13T09:05:37Z</time></trkpt><trkpt lat="31.053598" lon="78.189790"><ele>2669.821</ele><time>2023-02-13T09:06:44Z</time></trkpt><trkpt lat="31.053565" lon="78.189828"><ele>2669.740</ele><time>2023-02-13T09:06:55Z</time></trkpt><trkpt lat="31.053518" lon="78.189835"><ele>2670.666</ele><time>2023-02-13T09:07:08Z</time></trkpt><trkpt lat="31.053470" lon="78.189837"><ele>2671.568</ele><time>2023-02-13T09:07:23Z</time></trkpt><trkpt lat="31.053425" lon="78.189837"><ele>2672.423</ele><time>2023-02-13T09:07:30Z</time></trkpt><trkpt lat="31.053370" lon="78.189829"><ele>2673.716</ele><time>2023-02-13T09:07:38Z</time></trkpt><trkpt lat="31.053317" lon="78.189849"><ele>2674.776</ele><time>2023-02-13T09:07:43Z</time></trkpt><trkpt lat="31.053274" lon="78.189867"><ele>2675.813</ele><time>2023-02-13T09:07:54Z</time></trkpt><trkpt lat="31.053239" lon="78.189830"><ele>2677.809</ele><time>2023-02-13T09:08:18Z</time></trkpt><trkpt lat="31.053194" lon="78.189843"><ele>2679.182</ele><time>2023-02-13T09:08:26Z</time></trkpt><trkpt lat="31.053172" lon="78.189795"><ele>2681.043</ele><time>2023-02-13T09:08:35Z</time></trkpt><trkpt lat="31.053129" lon="78.189772"><ele>2683.156</ele><time>2023-02-13T09:08:47Z</time></trkpt><trkpt lat="31.053089" lon="78.189744"><ele>2685.250</ele><time>2023-02-13T09:08:59Z</time></trkpt><trkpt lat="31.053051" lon="78.189711"><ele>2687.358</ele><time>2023-02-13T09:09:12Z</time></trkpt><trkpt lat="31.053004" lon="78.189708"><ele>2689.117</ele><time>2023-02-13T09:09:24Z</time></trkpt><trkpt lat="31.052971" lon="78.189671"><ele>2691.343</ele><time>2023-02-13T09:09:30Z</time></trkpt><trkpt lat="31.052931" lon="78.189706"><ele>2691.955</ele><time>2023-02-13T09:09:44Z</time></trkpt><trkpt lat="31.052879" lon="78.189708"><ele>2693.810</ele><time>2023-02-13T09:10:35Z</time></trkpt><trkpt lat="31.052832" lon="78.189708"><ele>2695.548</ele><time>2023-02-13T09:10:42Z</time></trkpt><trkpt lat="31.052780" lon="78.189700"><ele>2697.661</ele><time>2023-02-13T09:10:54Z</time></trkpt><trkpt lat="31.052727" lon="78.189725"><ele>2698.917</ele><time>2023-02-13T09:12:13Z</time></trkpt><trkpt lat="31.052679" lon="78.189743"><ele>2700.209</ele><time>2023-02-13T09:12:25Z</time></trkpt><trkpt lat="31.052629" lon="78.189753"><ele>2701.715</ele><time>2023-02-13T09:13:13Z</time></trkpt><trkpt lat="31.052609" lon="78.189815"><ele>2700.716</ele><time>2023-02-13T09:13:21Z</time></trkpt><trkpt lat="31.052592" lon="78.189867"><ele>2699.889</ele><time>2023-02-13T09:13:28Z</time></trkpt><trkpt lat="31.052567" lon="78.189915"><ele>2699.223</ele><time>2023-02-13T09:15:27Z</time></trkpt><trkpt lat="31.052539" lon="78.189873"><ele>2701.421</ele><time>2023-02-13T09:15:38Z</time></trkpt><trkpt lat="31.052494" lon="78.189888"><ele>2702.560</ele><time>2023-02-13T09:15:46Z</time></trkpt><trkpt lat="31.052444" lon="78.189876"><ele>2703.956</ele><time>2023-02-13T09:15:56Z</time></trkpt><trkpt lat="31.052399" lon="78.189878"><ele>2704.738</ele><time>2023-02-13T09:16:02Z</time></trkpt><trkpt lat="31.052351" lon="78.189876"><ele>2705.733</ele><time>2023-02-13T09:16:07Z</time></trkpt><trkpt lat="31.052311" lon="78.189908"><ele>2705.656</ele><time>2023-02-13T09:16:15Z</time></trkpt><trkpt lat="31.052311" lon="78.189961"><ele>2704.059</ele><time>2023-02-13T09:16:26Z</time></trkpt><trkpt lat="31.052289" lon="78.189908"><ele>2706.014</ele><time>2023-02-13T09:17:32Z</time></trkpt><trkpt lat="31.052256" lon="78.189871"><ele>2707.809</ele><time>2023-02-13T09:18:00Z</time></trkpt><trkpt lat="31.052201" lon="78.189828"><ele>2710.296</ele><time>2023-02-13T09:19:55Z</time></trkpt><trkpt lat="31.052191" lon="78.189773"><ele>2712.067</ele><time>2023-02-13T09:20:20Z</time></trkpt><trkpt lat="31.052213" lon="78.189723"><ele>2713.190</ele><time>2023-02-13T09:20:30Z</time></trkpt><trkpt lat="31.052171" lon="78.189685"><ele>2715.024</ele><time>2023-02-13T09:20:36Z</time></trkpt><trkpt lat="31.052124" lon="78.189688"><ele>2715.982</ele><time>2023-02-13T09:20:48Z</time></trkpt><trkpt lat="31.052084" lon="78.189660"><ele>2717.521</ele><time>2023-02-13T09:20:55Z</time></trkpt><trkpt lat="31.052039" lon="78.189658"><ele>2718.477</ele><time>2023-02-13T09:21:01Z</time></trkpt><trkpt lat="31.051994" lon="78.189650"><ele>2719.699</ele><time>2023-02-13T09:21:13Z</time></trkpt><trkpt lat="31.052016" lon="78.189702"><ele>2717.624</ele><time>2023-02-13T09:21:21Z</time></trkpt><trkpt lat="31.051994" lon="78.189650"><ele>2719.614</ele><time>2023-02-13T09:21:34Z</time></trkpt><trkpt lat="31.051971" lon="78.189598"><ele>2721.554</ele><time>2023-02-13T09:21:43Z</time></trkpt><trkpt lat="31.051936" lon="78.189556"><ele>2723.509</ele><time>2023-02-13T09:21:48Z</time></trkpt><trkpt lat="31.051896" lon="78.189526"><ele>2725.109</ele><time>2023-02-13T09:21:53Z</time></trkpt><trkpt lat="31.051849" lon="78.189498"><ele>2726.982</ele><time>2023-02-13T09:21:59Z</time></trkpt><trkpt lat="31.051802" lon="78.189480"><ele>2728.353</ele><time>2023-02-13T09:22:06Z</time></trkpt><trkpt lat="31.051755" lon="78.189470"><ele>2729.536</ele><time>2023-02-13T09:22:11Z</time></trkpt><trkpt lat="31.051710" lon="78.189473"><ele>2730.360</ele><time>2023-02-13T09:22:16Z</time></trkpt><trkpt lat="31.051658" lon="78.189496"><ele>2730.738</ele><time>2023-02-13T09:22:21Z</time></trkpt><trkpt lat="31.051603" lon="78.189509"><ele>2731.237</ele><time>2023-02-13T09:22:26Z</time></trkpt><trkpt lat="31.051553" lon="78.189502"><ele>2732.243</ele><time>2023-02-13T09:22:31Z</time></trkpt><trkpt lat="31.051508" lon="78.189494"><ele>2733.215</ele><time>2023-02-13T09:22:44Z</time></trkpt><trkpt lat="31.051470" lon="78.189462"><ele>2734.740</ele><time>2023-02-13T09:23:00Z</time></trkpt><trkpt lat="31.051457" lon="78.189409"><ele>2736.369</ele><time>2023-02-13T09:23:35Z</time></trkpt><trkpt lat="31.051460" lon="78.189356"><ele>2737.704</ele><time>2023-02-13T09:23:47Z</time></trkpt><trkpt lat="31.051418" lon="78.189326"><ele>2739.224</ele><time>2023-02-13T09:23:55Z</time></trkpt><trkpt lat="31.051380" lon="78.189298"><ele>2740.609</ele><time>2023-02-13T09:24:00Z</time></trkpt><trkpt lat="31.051328" lon="78.189280"><ele>2741.867</ele><time>2023-02-13T09:24:06Z</time></trkpt><trkpt lat="31.051343" lon="78.189343"><ele>2739.958</ele><time>2023-02-13T09:24:25Z</time></trkpt><trkpt lat="31.051295" lon="78.189351"><ele>2740.491</ele><time>2023-02-13T09:24:35Z</time></trkpt><trkpt lat="31.051250" lon="78.189348"><ele>2741.295</ele><time>2023-02-13T09:24:50Z</time></trkpt><trkpt lat="31.051207" lon="78.189325"><ele>2742.573</ele><time>2023-02-13T09:25:00Z</time></trkpt><trkpt lat="31.051130" lon="78.189323"><ele>2743.732</ele><time>2023-02-13T09:25:38Z</time></trkpt><trkpt lat="31.051098" lon="78.189273"><ele>2745.528</ele><time>2023-02-13T09:25:52Z</time></trkpt><trkpt lat="31.051005" lon="78.189230"><ele>2747.940</ele><time>2023-02-13T09:26:25Z</time></trkpt><trkpt lat="31.050942" lon="78.189223"><ele>2749.065</ele><time>2023-02-13T09:26:45Z</time></trkpt><trkpt lat="31.050894" lon="78.189223"><ele>2749.816</ele><time>2023-02-13T09:27:16Z</time></trkpt><trkpt lat="31.050846" lon="78.189233"><ele>2750.276</ele><time>2023-02-13T09:27:24Z</time></trkpt><trkpt lat="31.050798" lon="78.189236"><ele>2750.713</ele><time>2023-02-13T09:27:34Z</time></trkpt><trkpt lat="31.050780" lon="78.189184"><ele>2752.209</ele><time>2023-02-13T09:27:39Z</time></trkpt><trkpt lat="31.050777" lon="78.189131"><ele>2753.462</ele><time>2023-02-13T09:27:45Z</time></trkpt><trkpt lat="31.050750" lon="78.189081"><ele>2754.763</ele><time>2023-02-13T09:27:53Z</time></trkpt><trkpt lat="31.050707" lon="78.189066"><ele>2755.646</ele><time>2023-02-13T09:28:01Z</time></trkpt><trkpt lat="31.050707" lon="78.188991"><ele>2757.230</ele><time>2023-02-13T09:28:17Z</time></trkpt><trkpt lat="31.050717" lon="78.188933"><ele>2758.358</ele><time>2023-02-13T09:28:24Z</time></trkpt><trkpt lat="31.050699" lon="78.188885"><ele>2759.687</ele><time>2023-02-13T09:28:36Z</time></trkpt><trkpt lat="31.050652" lon="78.188882"><ele>2760.413</ele><time>2023-02-13T09:28:50Z</time></trkpt><trkpt lat="31.050604" lon="78.188880"><ele>2761.175</ele><time>2023-02-13T09:29:00Z</time></trkpt><trkpt lat="31.050584" lon="78.188832"><ele>2762.530</ele><time>2023-02-13T09:29:07Z</time></trkpt><trkpt lat="31.050557" lon="78.188784"><ele>2764.053</ele><time>2023-02-13T09:29:15Z</time></trkpt><trkpt lat="31.050487" lon="78.188741"><ele>2766.104</ele><time>2023-02-14T04:49:54Z</time></trkpt><trkpt lat="31.050517" lon="78.188693"><ele>2766.814</ele><time>2023-02-14T04:50:28Z</time></trkpt><trkpt lat="31.050530" lon="78.188635"><ele>2768.009</ele><time>2023-02-14T04:50:34Z</time></trkpt><trkpt lat="31.050555" lon="78.188582"><ele>2768.896</ele><time>2023-02-14T04:50:43Z</time></trkpt><trkpt lat="31.050578" lon="78.188530"><ele>2769.637</ele><time>2023-02-14T04:50:49Z</time></trkpt><trkpt lat="31.050596" lon="78.188473"><ele>2770.620</ele><time>2023-02-14T04:50:57Z</time></trkpt><trkpt lat="31.050646" lon="78.188430"><ele>2770.614</ele><time>2023-02-14T04:51:22Z</time></trkpt><trkpt lat="31.050691" lon="78.188418"><ele>2770.022</ele><time>2023-02-14T04:51:29Z</time></trkpt><trkpt lat="31.050734" lon="78.188388"><ele>2769.871</ele><time>2023-02-14T04:51:53Z</time></trkpt><trkpt lat="31.050777" lon="78.188366"><ele>2769.517</ele><time>2023-02-14T04:51:59Z</time></trkpt><trkpt lat="31.050817" lon="78.188341"><ele>2769.219</ele><time>2023-02-14T04:52:06Z</time></trkpt><trkpt lat="31.050835" lon="78.188269"><ele>2770.624</ele><time>2023-02-14T04:52:19Z</time></trkpt><trkpt lat="31.050855" lon="78.188219"><ele>2771.452</ele><time>2023-02-14T04:52:27Z</time></trkpt><trkpt lat="31.050893" lon="78.188187"><ele>2771.453</ele><time>2023-02-14T04:52:43Z</time></trkpt><trkpt lat="31.050933" lon="78.188154"><ele>2771.308</ele><time>2023-02-14T04:52:50Z</time></trkpt><trkpt lat="31.050966" lon="78.188117"><ele>2771.409</ele><time>2023-02-14T04:52:56Z</time></trkpt><trkpt lat="31.051009" lon="78.188085"><ele>2771.016</ele><time>2023-02-14T04:53:02Z</time></trkpt><trkpt lat="31.051056" lon="78.188070"><ele>2770.267</ele><time>2023-02-14T04:53:11Z</time></trkpt><trkpt lat="31.051093" lon="78.188033"><ele>2770.090</ele><time>2023-02-14T04:53:21Z</time></trkpt><trkpt lat="31.051131" lon="78.188001"><ele>2769.664</ele><time>2023-02-14T04:53:31Z</time></trkpt><trkpt lat="31.051168" lon="78.187969"><ele>2769.252</ele><time>2023-02-14T04:53:38Z</time></trkpt><trkpt lat="31.051210" lon="78.187946"><ele>2768.461</ele><time>2023-02-14T04:53:47Z</time></trkpt><trkpt lat="31.051247" lon="78.187914"><ele>2767.927</ele><time>2023-02-14T04:53:55Z</time></trkpt><trkpt lat="31.051265" lon="78.187862"><ele>2768.159</ele><time>2023-02-14T04:54:02Z</time></trkpt><trkpt lat="31.051268" lon="78.187804"><ele>2768.934</ele><time>2023-02-14T04:54:09Z</time></trkpt><trkpt lat="31.051316" lon="78.187796"><ele>2767.514</ele><time>2023-02-14T04:54:19Z</time></trkpt><trkpt lat="31.051256" lon="78.187846"><ele>2768.654</ele><time>2023-02-14T04:54:38Z</time></trkpt><trkpt lat="31.051259" lon="78.187761"><ele>2769.809</ele><time>2023-02-14T04:54:47Z</time></trkpt><trkpt lat="31.051267" lon="78.187704"><ele>2770.409</ele><time>2023-02-14T04:54:52Z</time></trkpt><trkpt lat="31.051287" lon="78.187654"><ele>2770.452</ele><time>2023-02-14T04:54:58Z</time></trkpt><trkpt lat="31.051325" lon="78.187612"><ele>2769.663</ele><time>2023-02-14T04:55:03Z</time></trkpt><trkpt lat="31.051360" lon="78.187570"><ele>2768.936</ele><time>2023-02-14T04:55:08Z</time></trkpt><trkpt lat="31.051390" lon="78.187515"><ele>2768.440</ele><time>2023-02-14T04:55:15Z</time></trkpt><trkpt lat="31.051408" lon="78.187460"><ele>2768.818</ele><time>2023-02-14T04:55:23Z</time></trkpt><trkpt lat="31.051450" lon="78.187422"><ele>2768.097</ele><time>2023-02-14T04:55:31Z</time></trkpt><trkpt lat="31.051488" lon="78.187389"><ele>2767.243</ele><time>2023-02-14T04:55:40Z</time></trkpt><trkpt lat="31.051501" lon="78.187337"><ele>2767.715</ele><time>2023-02-14T04:55:49Z</time></trkpt><trkpt lat="31.051474" lon="78.187275"><ele>2770.150</ele><time>2023-02-14T04:56:11Z</time></trkpt><trkpt lat="31.051487" lon="78.187220"><ele>2770.778</ele><time>2023-02-14T04:56:22Z</time></trkpt><trkpt lat="31.051534" lon="78.187220"><ele>2768.733</ele><time>2023-02-14T04:56:36Z</time></trkpt><trkpt lat="31.051562" lon="78.187175"><ele>2768.426</ele><time>2023-02-14T04:56:42Z</time></trkpt><trkpt lat="31.051584" lon="78.187128"><ele>2768.409</ele><time>2023-02-14T04:56:48Z</time></trkpt><trkpt lat="31.051591" lon="78.187070"><ele>2769.258</ele><time>2023-02-14T04:56:59Z</time></trkpt><trkpt lat="31.051598" lon="78.187015"><ele>2769.989</ele><time>2023-02-14T04:57:05Z</time></trkpt><trkpt lat="31.051608" lon="78.186960"><ele>2770.592</ele><time>2023-02-14T04:57:14Z</time></trkpt><trkpt lat="31.051601" lon="78.186898"><ele>2772.076</ele><time>2023-02-14T04:57:20Z</time></trkpt><trkpt lat="31.051593" lon="78.186845"><ele>2773.494</ele><time>2023-02-14T04:57:28Z</time></trkpt><trkpt lat="31.051590" lon="78.186787"><ele>2774.653</ele><time>2023-02-14T04:57:38Z</time></trkpt><trkpt lat="31.051567" lon="78.186739"><ele>2776.719</ele><time>2023-02-14T04:57:54Z</time></trkpt><trkpt lat="31.051585" lon="78.186671"><ele>2777.141</ele><time>2023-02-14T04:58:57Z</time></trkpt><trkpt lat="31.051612" lon="78.186623"><ele>2777.466</ele><time>2023-02-14T04:59:22Z</time></trkpt><trkpt lat="31.051617" lon="78.186561"><ele>2779.585</ele><time>2023-02-14T04:59:40Z</time></trkpt><trkpt lat="31.051624" lon="78.186508"><ele>2781.189</ele><time>2023-02-14T04:59:48Z</time></trkpt><trkpt lat="31.051641" lon="78.186450"><ele>2782.517</ele><time>2023-02-14T04:59:54Z</time></trkpt><trkpt lat="31.051686" lon="78.186435"><ele>2781.609</ele><time>2023-02-14T05:00:00Z</time></trkpt><trkpt lat="31.051708" lon="78.186347"><ele>2784.699</ele><time>2023-02-14T05:00:20Z</time></trkpt><trkpt lat="31.051725" lon="78.186294"><ele>2786.350</ele><time>2023-02-14T05:00:34Z</time></trkpt><trkpt lat="31.051748" lon="78.186244"><ele>2787.933</ele><time>2023-02-14T05:00:41Z</time></trkpt><trkpt lat="31.051728" lon="78.186187"><ele>2790.437</ele><time>2023-02-14T05:00:56Z</time></trkpt><trkpt lat="31.051693" lon="78.186145"><ele>2792.625</ele><time>2023-02-14T05:01:10Z</time></trkpt><trkpt lat="31.051645" lon="78.186143"><ele>2793.934</ele><time>2023-02-14T05:01:14Z</time></trkpt><trkpt lat="31.051650" lon="78.186088"><ele>2795.810</ele><time>2023-02-14T05:01:24Z</time></trkpt><trkpt lat="31.051602" lon="78.186066"><ele>2798.532</ele><time>2023-02-14T05:01:45Z</time></trkpt><trkpt lat="31.051550" lon="78.186021"><ele>2802.037</ele><time>2023-02-14T05:02:03Z</time></trkpt><trkpt lat="31.051532" lon="78.185954"><ele>2805.099</ele><time>2023-02-14T05:02:43Z</time></trkpt><trkpt lat="31.051490" lon="78.186037"><ele>2803.607</ele><time>2023-02-14T05:04:04Z</time></trkpt><trkpt lat="31.051517" lon="78.185949"><ele>2805.727</ele><time>2023-02-14T05:04:31Z</time></trkpt><trkpt lat="31.051554" lon="78.185909"><ele>2805.809</ele><time>2023-02-14T05:04:36Z</time></trkpt><trkpt lat="31.051599" lon="78.185892"><ele>2805.060</ele><time>2023-02-14T05:04:47Z</time></trkpt><trkpt lat="31.051647" lon="78.185805"><ele>2806.431</ele><time>2023-02-14T05:05:15Z</time></trkpt><trkpt lat="31.051652" lon="78.185750"><ele>2807.724</ele><time>2023-02-14T05:05:34Z</time></trkpt><trkpt lat="31.051672" lon="78.185673"><ele>2809.158</ele><time>2023-02-14T05:05:58Z</time></trkpt><trkpt lat="31.051634" lon="78.185616"><ele>2811.896</ele><time>2023-02-14T05:07:48Z</time></trkpt><trkpt lat="31.051662" lon="78.185564"><ele>2812.345</ele><time>2023-02-14T05:07:53Z</time></trkpt><trkpt lat="31.051702" lon="78.185526"><ele>2812.521</ele><time>2023-02-14T05:07:58Z</time></trkpt><trkpt lat="31.051735" lon="78.185489"><ele>2813.013</ele><time>2023-02-14T05:08:02Z</time></trkpt><trkpt lat="31.051770" lon="78.185449"><ele>2813.598</ele><time>2023-02-14T05:08:08Z</time></trkpt><trkpt lat="31.051802" lon="78.185406"><ele>2814.251</ele><time>2023-02-14T05:08:13Z</time></trkpt><trkpt lat="31.051814" lon="78.185353"><ele>2815.401</ele><time>2023-02-14T05:08:19Z</time></trkpt><trkpt lat="31.051839" lon="78.185306"><ele>2816.311</ele><time>2023-02-14T05:08:26Z</time></trkpt><trkpt lat="31.051854" lon="78.185251"><ele>2817.609</ele><time>2023-02-14T05:08:34Z</time></trkpt><trkpt lat="31.051879" lon="78.185206"><ele>2818.596</ele><time>2023-02-14T05:08:43Z</time></trkpt><trkpt lat="31.051922" lon="78.185183"><ele>2818.527</ele><time>2023-02-14T05:08:52Z</time></trkpt><trkpt lat="31.051959" lon="78.185146"><ele>2819.040</ele><time>2023-02-14T05:09:00Z</time></trkpt><trkpt lat="31.052002" lon="78.185113"><ele>2819.444</ele><time>2023-02-14T05:09:12Z</time></trkpt><trkpt lat="31.052017" lon="78.185051"><ele>2820.982</ele><time>2023-02-14T05:09:18Z</time></trkpt><trkpt lat="31.051990" lon="78.184996"><ele>2822.871</ele><time>2023-02-14T05:09:23Z</time></trkpt><trkpt lat="31.052012" lon="78.184946"><ele>2823.857</ele><time>2023-02-14T05:09:29Z</time></trkpt><trkpt lat="31.052012" lon="78.184889"><ele>2825.249</ele><time>2023-02-14T05:09:35Z</time></trkpt><trkpt lat="31.052029" lon="78.184837"><ele>2826.274</ele><time>2023-02-14T05:09:40Z</time></trkpt><trkpt lat="31.052039" lon="78.184784"><ele>2827.293</ele><time>2023-02-14T05:09:50Z</time></trkpt><trkpt lat="31.052057" lon="78.184729"><ele>2828.165</ele><time>2023-02-14T05:09:58Z</time></trkpt><trkpt lat="31.052089" lon="78.184681"><ele>2828.421</ele><time>2023-02-14T05:10:03Z</time></trkpt><trkpt lat="31.052112" lon="78.184636"><ele>2828.809</ele><time>2023-02-14T05:10:09Z</time></trkpt><trkpt lat="31.052144" lon="78.184598"><ele>2828.790</ele><time>2023-02-14T05:10:12Z</time></trkpt><trkpt lat="31.052091" lon="78.184526"><ele>2831.821</ele><time>2023-02-14T05:10:42Z</time></trkpt><trkpt lat="31.052103" lon="78.184584"><ele>2830.274</ele><time>2023-02-14T05:11:21Z</time></trkpt><trkpt lat="31.052151" lon="78.184592"><ele>2828.738</ele><time>2023-02-14T05:11:29Z</time></trkpt><trkpt lat="31.052186" lon="78.184559"><ele>2828.316</ele><time>2023-02-14T05:11:36Z</time></trkpt><trkpt lat="31.052219" lon="78.184519"><ele>2828.025</ele><time>2023-02-14T05:11:42Z</time></trkpt><trkpt lat="31.052244" lon="78.184464"><ele>2828.241</ele><time>2023-02-14T05:11:49Z</time></trkpt><trkpt lat="31.052254" lon="78.184411"><ele>2828.783</ele><time>2023-02-14T05:11:57Z</time></trkpt><trkpt lat="31.052289" lon="78.184376"><ele>2828.018</ele><time>2023-02-14T05:12:10Z</time></trkpt><trkpt lat="31.052322" lon="78.184326"><ele>2827.516</ele><time>2023-02-14T05:12:17Z</time></trkpt><trkpt lat="31.052260" lon="78.184289"><ele>2830.476</ele><time>2023-02-14T05:12:48Z</time></trkpt><trkpt lat="31.052312" lon="78.184297"><ele>2828.313</ele><time>2023-02-14T05:13:05Z</time></trkpt><trkpt lat="31.052360" lon="78.184282"><ele>2826.609</ele><time>2023-02-14T05:15:12Z</time></trkpt><trkpt lat="31.052315" lon="78.184275"><ele>2828.542</ele><time>2023-02-14T05:16:45Z</time></trkpt><trkpt lat="31.052295" lon="78.184223"><ele>2830.083</ele><time>2023-02-14T05:19:22Z</time></trkpt><trkpt lat="31.052318" lon="78.184175"><ele>2829.726</ele><time>2023-02-14T05:21:58Z</time></trkpt><trkpt lat="31.052313" lon="78.184232"><ele>2829.230</ele><time>2023-02-14T05:23:01Z</time></trkpt><trkpt lat="31.052301" lon="78.184284"><ele>2828.968</ele><time>2023-02-14T05:26:23Z</time></trkpt><trkpt lat="31.052301" lon="78.184349"><ele>2828.087</ele><time>2023-02-14T05:26:28Z</time></trkpt><trkpt lat="31.052354" lon="78.184217"><ele>2827.713</ele><time>2023-02-14T05:26:57Z</time></trkpt><trkpt lat="31.052289" lon="78.184264"><ele>2829.765</ele><time>2023-02-14T05:27:18Z</time></trkpt><trkpt lat="31.052339" lon="78.184234"><ele>2828.180</ele><time>2023-02-14T05:28:55Z</time></trkpt><trkpt lat="31.052366" lon="78.184052"><ele>2832.948</ele><time>2023-02-14T05:29:17Z</time></trkpt><trkpt lat="31.052374" lon="78.184107"><ele>2830.161</ele><time>2023-02-14T05:29:27Z</time></trkpt><trkpt lat="31.052387" lon="78.184245"><ele>2826.017</ele><time>2023-02-14T05:31:22Z</time></trkpt><trkpt lat="31.052330" lon="78.184257"><ele>2828.109</ele><time>2023-02-14T05:31:33Z</time></trkpt><trkpt lat="31.052285" lon="78.184214"><ele>2830.695</ele><time>2023-02-14T05:31:36Z</time></trkpt><trkpt lat="31.052250" lon="78.184172"><ele>2832.726</ele><time>2023-02-14T05:31:42Z</time></trkpt><trkpt lat="31.052253" lon="78.184240"><ele>2831.599</ele><time>2023-02-14T05:34:01Z</time></trkpt><trkpt lat="31.052296" lon="78.184255"><ele>2829.543</ele><time>2023-02-14T05:34:09Z</time></trkpt><trkpt lat="31.052359" lon="78.184212"><ele>2827.571</ele><time>2023-02-14T05:38:18Z</time></trkpt><trkpt lat="31.052352" lon="78.184142"><ele>2829.540</ele><time>2023-02-14T05:40:37Z</time></trkpt><trkpt lat="31.052309" lon="78.184124"><ele>2832.136</ele><time>2023-02-14T05:40:44Z</time></trkpt><trkpt lat="31.052261" lon="78.184142"><ele>2833.498</ele><time>2023-02-14T05:40:58Z</time></trkpt><trkpt lat="31.052243" lon="78.184190"><ele>2832.783</ele><time>2023-02-14T05:41:04Z</time></trkpt><trkpt lat="31.052215" lon="78.184248"><ele>2832.922</ele><time>2023-02-14T05:41:09Z</time></trkpt><trkpt lat="31.052190" lon="78.184301"><ele>2832.962</ele><time>2023-02-14T05:41:13Z</time></trkpt><trkpt lat="31.052175" lon="78.184356"><ele>2832.508</ele><time>2023-02-14T05:41:18Z</time></trkpt><trkpt lat="31.052142" lon="78.184403"><ele>2832.709</ele><time>2023-02-14T05:41:22Z</time></trkpt><trkpt lat="31.052132" lon="78.184465"><ele>2831.893</ele><time>2023-02-14T05:41:26Z</time></trkpt><trkpt lat="31.052084" lon="78.184492"><ele>2832.824</ele><time>2023-02-14T05:41:32Z</time></trkpt><trkpt lat="31.052091" lon="78.184560"><ele>2831.097</ele><time>2023-02-14T05:42:12Z</time></trkpt><trkpt lat="31.052134" lon="78.184585"><ele>2829.391</ele><time>2023-02-14T05:42:41Z</time></trkpt><trkpt lat="31.052191" lon="78.184615"><ele>2827.199</ele><time>2023-02-14T05:43:24Z</time></trkpt><trkpt lat="31.052243" lon="78.184612"><ele>2825.878</ele><time>2023-02-14T05:43:31Z</time></trkpt><trkpt lat="31.052293" lon="78.184600"><ele>2824.694</ele><time>2023-02-14T05:43:38Z</time></trkpt><trkpt lat="31.052341" lon="78.184583"><ele>2823.596</ele><time>2023-02-14T05:43:44Z</time></trkpt><trkpt lat="31.052386" lon="78.184565"><ele>2822.421</ele><time>2023-02-14T05:43:49Z</time></trkpt><trkpt lat="31.052433" lon="78.184563"><ele>2821.144</ele><time>2023-02-14T05:43:58Z</time></trkpt><trkpt lat="31.052471" lon="78.184593"><ele>2819.705</ele><time>2023-02-14T05:44:05Z</time></trkpt><trkpt lat="31.052518" lon="78.184576"><ele>2819.315</ele><time>2023-02-14T05:44:12Z</time></trkpt><trkpt lat="31.052555" lon="78.184543"><ele>2820.009</ele><time>2023-02-14T05:44:17Z</time></trkpt><trkpt lat="31.052602" lon="78.184513"><ele>2820.985</ele><time>2023-02-14T05:44:22Z</time></trkpt><trkpt lat="31.052647" lon="78.184476"><ele>2821.816</ele><time>2023-02-14T05:44:28Z</time></trkpt><trkpt lat="31.052692" lon="78.184434"><ele>2822.979</ele><time>2023-02-14T05:44:33Z</time></trkpt><trkpt lat="31.052727" lon="78.184397"><ele>2823.823</ele><time>2023-02-14T05:44:39Z</time></trkpt><trkpt lat="31.052764" lon="78.184357"><ele>2824.821</ele><time>2023-02-14T05:44:44Z</time></trkpt><trkpt lat="31.052802" lon="78.184314"><ele>2826.080</ele><time>2023-02-14T05:44:50Z</time></trkpt><trkpt lat="31.052840" lon="78.184279"><ele>2827.186</ele><time>2023-02-14T05:44:59Z</time></trkpt><trkpt lat="31.052873" lon="78.184227"><ele>2828.398</ele><time>2023-02-14T05:45:06Z</time></trkpt><trkpt lat="31.052870" lon="78.184309"><ele>2827.273</ele><time>2023-02-14T05:45:22Z</time></trkpt><trkpt lat="31.052830" lon="78.184369"><ele>2825.763</ele><time>2023-02-14T05:45:29Z</time></trkpt><trkpt lat="31.052878" lon="78.184324"><ele>2827.144</ele><time>2023-02-14T05:45:32Z</time></trkpt><trkpt lat="31.052913" lon="78.184286"><ele>2828.218</ele><time>2023-02-14T05:45:36Z</time></trkpt><trkpt lat="31.052930" lon="78.184218"><ele>2829.509</ele><time>2023-02-14T05:45:40Z</time></trkpt><trkpt lat="31.052942" lon="78.184156"><ele>2830.727</ele><time>2023-02-14T05:45:44Z</time></trkpt><trkpt lat="31.052972" lon="78.184103"><ele>2832.078</ele><time>2023-02-14T05:45:49Z</time></trkpt><trkpt lat="31.053024" lon="78.184036"><ele>2833.571</ele><time>2023-02-14T05:45:53Z</time></trkpt><trkpt lat="31.053011" lon="78.183984"><ele>2834.095</ele><time>2023-02-14T05:46:01Z</time></trkpt><trkpt lat="31.053019" lon="78.183929"><ele>2834.793</ele><time>2023-02-14T05:46:06Z</time></trkpt><trkpt lat="31.053067" lon="78.183876"><ele>2835.372</ele><time>2023-02-14T05:46:24Z</time></trkpt><trkpt lat="31.053095" lon="78.183828"><ele>2835.798</ele><time>2023-02-14T05:46:34Z</time></trkpt><trkpt lat="31.053120" lon="78.183725"><ele>2836.240</ele><time>2023-02-14T05:46:57Z</time></trkpt><trkpt lat="31.053208" lon="78.183620"><ele>2835.375</ele><time>2023-02-14T05:47:36Z</time></trkpt><trkpt lat="31.053263" lon="78.183595"><ele>2834.496</ele><time>2023-02-14T05:48:08Z</time></trkpt><trkpt lat="31.053141" lon="78.183512"><ele>2836.831</ele><time>2023-02-14T05:48:32Z</time></trkpt><trkpt lat="31.053148" lon="78.183452"><ele>2836.824</ele><time>2023-02-14T05:49:31Z</time></trkpt><trkpt lat="31.053046" lon="78.183359"><ele>2840.409</ele><time>2023-02-14T05:49:58Z</time></trkpt><trkpt lat="31.053001" lon="78.183344"><ele>2842.050</ele><time>2023-02-14T05:50:34Z</time></trkpt><trkpt lat="31.052909" lon="78.183354"><ele>2844.941</ele><time>2023-02-14T05:51:11Z</time></trkpt><trkpt lat="31.052854" lon="78.183332"><ele>2847.184</ele><time>2023-02-14T05:52:39Z</time></trkpt><trkpt lat="31.052817" lon="78.183294"><ele>2848.798</ele><time>2023-02-14T05:52:43Z</time></trkpt><trkpt lat="31.052800" lon="78.183227"><ele>2849.936</ele><time>2023-02-14T05:53:13Z</time></trkpt><trkpt lat="31.052753" lon="78.183157"><ele>2852.245</ele><time>2023-02-14T05:53:35Z</time></trkpt><trkpt lat="31.052708" lon="78.183144"><ele>2853.921</ele><time>2023-02-14T05:53:44Z</time></trkpt><trkpt lat="31.052658" lon="78.183129"><ele>2855.963</ele><time>2023-02-14T05:53:56Z</time></trkpt><trkpt lat="31.052611" lon="78.183154"><ele>2857.438</ele><time>2023-02-14T05:54:02Z</time></trkpt><trkpt lat="31.052619" lon="78.183101"><ele>2857.723</ele><time>2023-02-14T05:54:33Z</time></trkpt><trkpt lat="31.052532" lon="78.183034"><ele>2861.783</ele><time>2023-02-14T05:54:55Z</time></trkpt><trkpt lat="31.052545" lon="78.182979"><ele>2861.911</ele><time>2023-02-14T05:55:08Z</time></trkpt><trkpt lat="31.052498" lon="78.182979"><ele>2863.809</ele><time>2023-02-14T05:55:56Z</time></trkpt><trkpt lat="31.052498" lon="78.183032"><ele>2863.133</ele><time>2023-02-14T05:56:21Z</time></trkpt><trkpt lat="31.052451" lon="78.183024"><ele>2865.364</ele><time>2023-02-14T05:56:34Z</time></trkpt><trkpt lat="31.052409" lon="78.183052"><ele>2866.977</ele><time>2023-02-14T05:56:41Z</time></trkpt><trkpt lat="31.052361" lon="78.183054"><ele>2869.011</ele><time>2023-02-14T05:56:49Z</time></trkpt><trkpt lat="31.052314" lon="78.183064"><ele>2871.029</ele><time>2023-02-14T05:56:57Z</time></trkpt><trkpt lat="31.052271" lon="78.183036"><ele>2873.438</ele><time>2023-02-14T05:57:29Z</time></trkpt><trkpt lat="31.052213" lon="78.183038"><ele>2876.054</ele><time>2023-02-14T05:57:57Z</time></trkpt><trkpt lat="31.052158" lon="78.183006"><ele>2879.156</ele><time>2023-02-14T05:58:23Z</time></trkpt><trkpt lat="31.052120" lon="78.182969"><ele>2881.431</ele><time>2023-02-14T05:58:31Z</time></trkpt><trkpt lat="31.052012" lon="78.182987"><ele>2886.147</ele><time>2023-02-14T05:58:52Z</time></trkpt><trkpt lat="31.051970" lon="78.182964"><ele>2888.529</ele><time>2023-02-14T05:59:01Z</time></trkpt><trkpt lat="31.051918" lon="78.182981"><ele>2890.621</ele><time>2023-02-14T05:59:14Z</time></trkpt><trkpt lat="31.051870" lon="78.182999"><ele>2892.409</ele><time>2023-02-14T05:59:31Z</time></trkpt><trkpt lat="31.051825" lon="78.183002"><ele>2894.535</ele><time>2023-02-14T05:59:42Z</time></trkpt><trkpt lat="31.051775" lon="78.182987"><ele>2897.166</ele><time>2023-02-14T05:59:49Z</time></trkpt><trkpt lat="31.051727" lon="78.182982"><ele>2899.469</ele><time>2023-02-14T06:00:01Z</time></trkpt><trkpt lat="31.051684" lon="78.182999"><ele>2901.043</ele><time>2023-02-14T06:08:09Z</time></trkpt><trkpt lat="31.051639" lon="78.182986"><ele>2902.321</ele><time>2023-02-14T06:08:18Z</time></trkpt><trkpt lat="31.051594" lon="78.182983"><ele>2902.870</ele><time>2023-02-14T06:08:25Z</time></trkpt><trkpt lat="31.051556" lon="78.183021"><ele>2902.416</ele><time>2023-02-14T06:08:34Z</time></trkpt><trkpt lat="31.051496" lon="78.183014"><ele>2903.048</ele><time>2023-02-14T06:08:50Z</time></trkpt><trkpt lat="31.051454" lon="78.182992"><ele>2903.873</ele><time>2023-02-14T06:08:58Z</time></trkpt><trkpt lat="31.051411" lon="78.182965"><ele>2904.712</ele><time>2023-02-14T06:09:04Z</time></trkpt><trkpt lat="31.051388" lon="78.182920"><ele>2905.832</ele><time>2023-02-14T06:09:10Z</time></trkpt><trkpt lat="31.051378" lon="78.182865"><ele>2906.905</ele><time>2023-02-14T06:09:16Z</time></trkpt><trkpt lat="31.051360" lon="78.182812"><ele>2908.009</ele><time>2023-02-14T06:09:23Z</time></trkpt><trkpt lat="31.051352" lon="78.182759"><ele>2909.122</ele><time>2023-02-14T06:09:34Z</time></trkpt><trkpt lat="31.051260" lon="78.182701"><ele>2910.833</ele><time>2023-02-14T06:10:28Z</time></trkpt><trkpt lat="31.051258" lon="78.182643"><ele>2911.976</ele><time>2023-02-14T06:10:36Z</time></trkpt><trkpt lat="31.051225" lon="78.182603"><ele>2912.850</ele><time>2023-02-14T06:10:49Z</time></trkpt><trkpt lat="31.051182" lon="78.182568"><ele>2913.778</ele><time>2023-02-14T06:11:21Z</time></trkpt><trkpt lat="31.051209" lon="78.182523"><ele>2914.317</ele><time>2023-02-14T06:13:01Z</time></trkpt><trkpt lat="31.051232" lon="78.182478"><ele>2915.273</ele><time>2023-02-14T06:13:07Z</time></trkpt><trkpt lat="31.051242" lon="78.182426"><ele>2916.765</ele><time>2023-02-14T06:13:15Z</time></trkpt><trkpt lat="31.051269" lon="78.182378"><ele>2917.750</ele><time>2023-02-14T06:14:56Z</time></trkpt><trkpt lat="31.051226" lon="78.182353"><ele>2919.054</ele><time>2023-02-14T06:15:05Z</time></trkpt><trkpt lat="31.051216" lon="78.182296"><ele>2920.856</ele><time>2023-02-14T06:15:45Z</time></trkpt><trkpt lat="31.051193" lon="78.182246"><ele>2922.811</ele><time>2023-02-14T06:16:02Z</time></trkpt><trkpt lat="31.051138" lon="78.182223"><ele>2924.609</ele><time>2023-02-14T06:16:46Z</time></trkpt><trkpt lat="31.051105" lon="78.182183"><ele>2926.816</ele><time>2023-02-14T06:16:53Z</time></trkpt><trkpt lat="31.051060" lon="78.182158"><ele>2928.737</ele><time>2023-02-14T06:16:58Z</time></trkpt><trkpt lat="31.051015" lon="78.182156"><ele>2929.930</ele><time>2023-02-14T06:17:08Z</time></trkpt><trkpt lat="31.051040" lon="78.182206"><ele>2927.334</ele><time>2023-02-14T06:17:18Z</time></trkpt><trkpt lat="31.051082" lon="78.182246"><ele>2924.982</ele><time>2023-02-14T06:17:39Z</time></trkpt><trkpt lat="31.051109" lon="78.182293"><ele>2922.711</ele><time>2023-02-14T06:17:49Z</time></trkpt><trkpt lat="31.051162" lon="78.182313"><ele>2921.227</ele><time>2023-02-14T06:18:03Z</time></trkpt><trkpt lat="31.051140" lon="78.182376"><ele>2919.489</ele><time>2023-02-14T06:19:15Z</time></trkpt><trkpt lat="31.051213" lon="78.182389"><ele>2918.184</ele><time>2023-02-14T06:19:40Z</time></trkpt><trkpt lat="31.051230" lon="78.182536"><ele>2914.078</ele><time>2023-02-14T06:21:22Z</time></trkpt><trkpt lat="31.051260" lon="78.182436"><ele>2916.233</ele><time>2023-02-14T06:22:00Z</time></trkpt><trkpt lat="31.051233" lon="78.182373"><ele>2918.326</ele><time>2023-02-14T06:23:07Z</time></trkpt><trkpt lat="31.051216" lon="78.182308"><ele>2920.509</ele><time>2023-02-14T06:23:18Z</time></trkpt><trkpt lat="31.051214" lon="78.182250"><ele>2922.228</ele><time>2023-02-14T06:23:28Z</time></trkpt><trkpt lat="31.051191" lon="78.182202"><ele>2924.289</ele><time>2023-02-14T06:23:33Z</time></trkpt><trkpt lat="31.051156" lon="78.182164"><ele>2926.292</ele><time>2023-02-14T06:23:43Z</time></trkpt><trkpt lat="31.051146" lon="78.182112"><ele>2928.296</ele><time>2023-02-14T06:23:59Z</time></trkpt><trkpt lat="31.051126" lon="78.182062"><ele>2930.524</ele><time>2023-02-14T06:24:12Z</time></trkpt><trkpt lat="31.051079" lon="78.182030"><ele>2933.133</ele><time>2023-02-14T06:24:22Z</time></trkpt><trkpt lat="31.051094" lon="78.181937"><ele>2936.069</ele><time>2023-02-14T06:26:04Z</time></trkpt><trkpt lat="31.051002" lon="78.181967"><ele>2938.141</ele><time>2023-02-14T06:26:33Z</time></trkpt><trkpt lat="31.050962" lon="78.182000"><ele>2938.026</ele><time>2023-02-14T06:28:24Z</time></trkpt><trkpt lat="31.050967" lon="78.182143"><ele>2931.692</ele><time>2023-02-14T06:28:45Z</time></trkpt><trkpt lat="31.051060" lon="78.182155"><ele>2928.973</ele><time>2023-02-14T06:30:23Z</time></trkpt><trkpt lat="31.051085" lon="78.182090"><ele>2930.720</ele><time>2023-02-14T06:30:36Z</time></trkpt><trkpt lat="31.051102" lon="78.182038"><ele>2932.109</ele><time>2023-02-14T06:33:45Z</time></trkpt><trkpt lat="31.051075" lon="78.181926"><ele>2937.170</ele><time>2023-02-14T06:34:06Z</time></trkpt><trkpt lat="31.050995" lon="78.181968"><ele>2938.391</ele><time>2023-02-14T06:34:33Z</time></trkpt><trkpt lat="31.051000" lon="78.182023"><ele>2935.824</ele><time>2023-02-14T06:34:37Z</time></trkpt><trkpt lat="31.051017" lon="78.182075"><ele>2933.218</ele><time>2023-02-14T06:34:41Z</time></trkpt><trkpt lat="31.051077" lon="78.182120"><ele>2929.826</ele><time>2023-02-14T06:34:56Z</time></trkpt><trkpt lat="31.051107" lon="78.182160"><ele>2927.575</ele><time>2023-02-14T06:35:02Z</time></trkpt><trkpt lat="31.051129" lon="78.182215"><ele>2925.111</ele><time>2023-02-14T06:35:09Z</time></trkpt><trkpt lat="31.051151" lon="78.182270"><ele>2922.863</ele><time>2023-02-14T06:35:20Z</time></trkpt><trkpt lat="31.051164" lon="78.182330"><ele>2920.668</ele><time>2023-02-14T06:35:27Z</time></trkpt><trkpt lat="31.051202" lon="78.182378"><ele>2918.539</ele><time>2023-02-14T06:35:34Z</time></trkpt><trkpt lat="31.051249" lon="78.182418"><ele>2916.801</ele><time>2023-02-14T06:36:29Z</time></trkpt><trkpt lat="31.051201" lon="78.182436"><ele>2916.821</ele><time>2023-02-14T06:36:37Z</time></trkpt><trkpt lat="31.051163" lon="78.182404"><ele>2918.209</ele><time>2023-02-14T06:36:56Z</time></trkpt><trkpt lat="31.051118" lon="78.182394"><ele>2919.044</ele><time>2023-02-14T06:37:02Z</time></trkpt><trkpt lat="31.051070" lon="78.182382"><ele>2920.055</ele><time>2023-02-14T06:38:23Z</time></trkpt><trkpt lat="31.051020" lon="78.182377"><ele>2920.978</ele><time>2023-02-14T06:38:30Z</time></trkpt><trkpt lat="31.050968" lon="78.182374"><ele>2921.662</ele><time>2023-02-14T06:38:35Z</time></trkpt><trkpt lat="31.050923" lon="78.182374"><ele>2922.280</ele><time>2023-02-14T06:38:41Z</time></trkpt><trkpt lat="31.050878" lon="78.182364"><ele>2923.319</ele><time>2023-02-14T06:38:48Z</time></trkpt><trkpt lat="31.050833" lon="78.182347"><ele>2924.775</ele><time>2023-02-14T06:39:05Z</time></trkpt><trkpt lat="31.050793" lon="78.182315"><ele>2928.597</ele><time>2023-02-14T06:39:14Z</time></trkpt><trkpt lat="31.050741" lon="78.182320"><ele>2931.022</ele><time>2023-02-14T06:39:55Z</time></trkpt><trkpt lat="31.050693" lon="78.182348"><ele>2932.287</ele><time>2023-02-14T06:41:17Z</time></trkpt><trkpt lat="31.050650" lon="78.182403"><ele>2931.942</ele><time>2023-02-14T06:41:39Z</time></trkpt><trkpt lat="31.050613" lon="78.182448"><ele>2931.826</ele><time>2023-02-14T06:41:45Z</time></trkpt><trkpt lat="31.050571" lon="78.182476"><ele>2932.909</ele><time>2023-02-14T06:41:52Z</time></trkpt><trkpt lat="31.050528" lon="78.182504"><ele>2934.139</ele><time>2023-02-14T06:42:00Z</time></trkpt><trkpt lat="31.050443" lon="78.182521"><ele>2938.670</ele><time>2023-02-14T06:46:42Z</time></trkpt><trkpt lat="31.050506" lon="78.182573"><ele>2934.073</ele><time>2023-02-14T06:47:27Z</time></trkpt><trkpt lat="31.050431" lon="78.182538"><ele>2938.937</ele><time>2023-02-14T06:47:45Z</time></trkpt><trkpt lat="31.050379" lon="78.182546"><ele>2941.625</ele><time>2023-02-14T06:47:50Z</time></trkpt><trkpt lat="31.050334" lon="78.182561"><ele>2943.844</ele><time>2023-02-14T06:47:56Z</time></trkpt><trkpt lat="31.050292" lon="78.182596"><ele>2945.450</ele><time>2023-02-14T06:48:05Z</time></trkpt><trkpt lat="31.050227" lon="78.182596"><ele>2948.932</ele><time>2023-02-14T06:48:29Z</time></trkpt><trkpt lat="31.050182" lon="78.182658"><ele>2949.987</ele><time>2023-02-14T06:48:52Z</time></trkpt><trkpt lat="31.050140" lon="78.182681"><ele>2951.793</ele><time>2023-02-14T06:48:58Z</time></trkpt><trkpt lat="31.050072" lon="78.182688"><ele>2955.265</ele><time>2023-02-14T06:49:32Z</time></trkpt><trkpt lat="31.050035" lon="78.182736"><ele>2955.921</ele><time>2023-02-14T06:49:48Z</time></trkpt><trkpt lat="31.049990" lon="78.182761"><ele>2957.509</ele><time>2023-02-14T06:49:57Z</time></trkpt><trkpt lat="31.049943" lon="78.182759"><ele>2959.280</ele><time>2023-02-14T06:50:06Z</time></trkpt><trkpt lat="31.049898" lon="78.182777"><ele>2960.361</ele><time>2023-02-14T06:50:14Z</time></trkpt><trkpt lat="31.049923" lon="78.182874"><ele>2956.614</ele><time>2023-02-14T06:50:30Z</time></trkpt><trkpt lat="31.049878" lon="78.182882"><ele>2957.818</ele><time>2023-02-14T06:52:32Z</time></trkpt><trkpt lat="31.049831" lon="78.182847"><ele>2960.556</ele><time>2023-02-14T06:53:45Z</time></trkpt><trkpt lat="31.049781" lon="78.182860"><ele>2961.735</ele><time>2023-02-14T06:53:50Z</time></trkpt><trkpt lat="31.049746" lon="78.182902"><ele>2961.491</ele><time>2023-02-14T06:53:57Z</time></trkpt><trkpt lat="31.049701" lon="78.182902"><ele>2962.893</ele><time>2023-02-14T06:54:31Z</time></trkpt><trkpt lat="31.049656" lon="78.182900"><ele>2964.348</ele><time>2023-02-14T06:54:42Z</time></trkpt><trkpt lat="31.049614" lon="78.182925"><ele>2964.772</ele><time>2023-02-14T06:54:50Z</time></trkpt><trkpt lat="31.049579" lon="78.182965"><ele>2964.313</ele><time>2023-02-14T06:54:54Z</time></trkpt><trkpt lat="31.049574" lon="78.183025"><ele>2962.114</ele><time>2023-02-14T06:54:58Z</time></trkpt><trkpt lat="31.049529" lon="78.183042"><ele>2962.709</ele><time>2023-02-14T06:55:37Z</time></trkpt><trkpt lat="31.049486" lon="78.183057"><ele>2963.398</ele><time>2023-02-14T06:55:43Z</time></trkpt><trkpt lat="31.049438" lon="78.183047"><ele>2965.029</ele><time>2023-02-14T06:55:51Z</time></trkpt><trkpt lat="31.049440" lon="78.182989"><ele>2967.472</ele><time>2023-02-14T06:55:58Z</time></trkpt><trkpt lat="31.049473" lon="78.182921"><ele>2969.356</ele><time>2023-02-14T06:57:42Z</time></trkpt><trkpt lat="31.049481" lon="78.182859"><ele>2971.674</ele><time>2023-02-14T06:57:58Z</time></trkpt><trkpt lat="31.049521" lon="78.182832"><ele>2971.353</ele><time>2023-02-14T06:59:17Z</time></trkpt><trkpt lat="31.049496" lon="78.182787"><ele>2974.059</ele><time>2023-02-14T06:59:23Z</time></trkpt><trkpt lat="31.049469" lon="78.182742"><ele>2976.821</ele><time>2023-02-14T06:59:30Z</time></trkpt><trkpt lat="31.049464" lon="78.182679"><ele>2979.716</ele><time>2023-02-14T06:59:41Z</time></trkpt><trkpt lat="31.049451" lon="78.182627"><ele>2982.452</ele><time>2023-02-14T06:59:48Z</time></trkpt><trkpt lat="31.049408" lon="78.182565"><ele>2986.853</ele><time>2023-02-14T07:00:00Z</time></trkpt><trkpt lat="31.049383" lon="78.182520"><ele>2989.808</ele><time>2023-02-14T07:00:05Z</time></trkpt><trkpt lat="31.049340" lon="78.182490"><ele>2992.909</ele><time>2023-02-14T07:00:20Z</time></trkpt><trkpt lat="31.049293" lon="78.182495"><ele>2994.766</ele><time>2023-02-14T07:00:27Z</time></trkpt><trkpt lat="31.049266" lon="78.182542"><ele>2993.797</ele><time>2023-02-14T07:00:33Z</time></trkpt><trkpt lat="31.049281" lon="78.182639"><ele>2988.580</ele><time>2023-02-14T07:00:50Z</time></trkpt><trkpt lat="31.049273" lon="78.182697"><ele>2986.194</ele><time>2023-02-14T07:00:56Z</time></trkpt><trkpt lat="31.049238" lon="78.182749"><ele>2984.912</ele><time>2023-02-14T07:01:11Z</time></trkpt><trkpt lat="31.049166" lon="78.182756"><ele>2987.171</ele><time>2023-02-14T07:01:30Z</time></trkpt><trkpt lat="31.049121" lon="78.182769"><ele>2989.877</ele><time>2023-02-14T07:01:37Z</time></trkpt><trkpt lat="31.049091" lon="78.182716"><ele>2994.729</ele><time>2023-02-14T07:01:50Z</time></trkpt><trkpt lat="31.049083" lon="78.182663"><ele>2997.924</ele><time>2023-02-14T07:01:56Z</time></trkpt><trkpt lat="31.049041" lon="78.182596"><ele>3004.317</ele><time>2023-02-14T07:03:00Z</time></trkpt><trkpt lat="31.049039" lon="78.182538"><ele>3007.387</ele><time>2023-02-14T07:03:16Z</time></trkpt><trkpt lat="31.049011" lon="78.182493"><ele>3011.415</ele><time>2023-02-14T07:03:42Z</time></trkpt><trkpt lat="31.048998" lon="78.182441"><ele>3013.809</ele><time>2023-02-14T07:03:50Z</time></trkpt><trkpt lat="31.048976" lon="78.182394"><ele>3016.652</ele><time>2023-02-14T07:04:00Z</time></trkpt><trkpt lat="31.048934" lon="78.182366"><ele>3020.193</ele><time>2023-02-14T07:04:15Z</time></trkpt><trkpt lat="31.048942" lon="78.182424"><ele>3018.126</ele><time>2023-02-14T07:05:01Z</time></trkpt><trkpt lat="31.048925" lon="78.182532"><ele>3015.940</ele><time>2023-02-14T07:06:39Z</time></trkpt><trkpt lat="31.048922" lon="78.182429"><ele>3019.438</ele><time>2023-02-14T07:07:10Z</time></trkpt><trkpt lat="31.049085" lon="78.182559"><ele>3002.937</ele><time>2023-02-14T07:09:03Z</time></trkpt><trkpt lat="31.049008" lon="78.182399"><ele>3014.363</ele><time>2023-02-14T07:09:41Z</time></trkpt><trkpt lat="31.048933" lon="78.182392"><ele>3019.525</ele><time>2023-02-14T07:10:29Z</time></trkpt><trkpt lat="31.048866" lon="78.182195"><ele>3028.480</ele><time>2023-02-14T07:14:37Z</time></trkpt><trkpt lat="31.048853" lon="78.182260"><ele>3027.891</ele><time>2023-02-14T07:15:40Z</time></trkpt><trkpt lat="31.048891" lon="78.182290"><ele>3024.781</ele><time>2023-02-14T07:15:44Z</time></trkpt><trkpt lat="31.048879" lon="78.182365"><ele>3023.819</ele><time>2023-02-14T07:16:01Z</time></trkpt><trkpt lat="31.048806" lon="78.182308"><ele>3029.809</ele><time>2023-02-14T07:16:33Z</time></trkpt><trkpt lat="31.048854" lon="78.182280"><ele>3027.310</ele><time>2023-02-14T07:16:38Z</time></trkpt><trkpt lat="31.048887" lon="78.182168"><ele>3027.861</ele><time>2023-02-14T07:17:20Z</time></trkpt><trkpt lat="31.048712" lon="78.182265"><ele>3036.574</ele><time>2023-02-14T07:18:47Z</time></trkpt><trkpt lat="31.048600" lon="78.182190"><ele>3044.348</ele><time>2023-02-14T07:19:56Z</time></trkpt><trkpt lat="31.048667" lon="78.182213"><ele>3040.076</ele><time>2023-02-14T07:20:06Z</time></trkpt><trkpt lat="31.048605" lon="78.182261"><ele>3043.285</ele><time>2023-02-14T07:20:48Z</time></trkpt><trkpt lat="31.048598" lon="78.182203"><ele>3044.241</ele><time>2023-02-14T07:22:00Z</time></trkpt><trkpt lat="31.048713" lon="78.182198"><ele>3037.563</ele><time>2023-02-14T07:22:54Z</time></trkpt><trkpt lat="31.048655" lon="78.182238"><ele>3040.458</ele><time>2023-02-14T07:23:19Z</time></trkpt><trkpt lat="31.048620" lon="78.182278"><ele>3042.095</ele><time>2023-02-14T07:23:40Z</time></trkpt><trkpt lat="31.048638" lon="78.182220"><ele>3041.649</ele><time>2023-02-14T07:24:34Z</time></trkpt><trkpt lat="31.048590" lon="78.182240"><ele>3044.323</ele><time>2023-02-14T07:27:35Z</time></trkpt><trkpt lat="31.048542" lon="78.182270"><ele>3047.009</ele><time>2023-02-14T07:27:51Z</time></trkpt><trkpt lat="31.048514" lon="78.182313"><ele>3048.460</ele><time>2023-02-14T07:28:46Z</time></trkpt><trkpt lat="31.048471" lon="78.182271"><ele>3051.431</ele><time>2023-02-14T07:29:04Z</time></trkpt><trkpt lat="31.048469" lon="78.182211"><ele>3051.954</ele><time>2023-02-14T07:29:10Z</time></trkpt><trkpt lat="31.048452" lon="78.182161"><ele>3053.118</ele><time>2023-02-14T07:29:38Z</time></trkpt><trkpt lat="31.048417" lon="78.182063"><ele>3055.536</ele><time>2023-02-14T07:33:09Z</time></trkpt><trkpt lat="31.048410" lon="78.182006"><ele>3056.155</ele><time>2023-02-14T07:33:20Z</time></trkpt><trkpt lat="31.048445" lon="78.181966"><ele>3054.421</ele><time>2023-02-14T07:33:30Z</time></trkpt><trkpt lat="31.048488" lon="78.181938"><ele>3052.523</ele><time>2023-02-14T07:33:41Z</time></trkpt><trkpt lat="31.048500" lon="78.181881"><ele>3052.368</ele><time>2023-02-14T07:33:48Z</time></trkpt><trkpt lat="31.048497" lon="78.181826"><ele>3052.832</ele><time>2023-02-14T07:33:56Z</time></trkpt><trkpt lat="31.048452" lon="78.181796"><ele>3054.992</ele><time>2023-02-14T07:34:38Z</time></trkpt><trkpt lat="31.048499" lon="78.181811"><ele>3052.811</ele><time>2023-02-14T07:35:01Z</time></trkpt><trkpt lat="31.048456" lon="78.181784"><ele>3054.809</ele><time>2023-02-14T07:35:10Z</time></trkpt><trkpt lat="31.048408" lon="78.181787"><ele>3056.864</ele><time>2023-02-14T07:35:45Z</time></trkpt><trkpt lat="31.048363" lon="78.181792"><ele>3058.725</ele><time>2023-02-14T07:35:52Z</time></trkpt><trkpt lat="31.048330" lon="78.181830"><ele>3060.158</ele><time>2023-02-14T07:36:03Z</time></trkpt><trkpt lat="31.048323" lon="78.181895"><ele>3060.342</ele><time>2023-02-14T07:36:31Z</time></trkpt><trkpt lat="31.048278" lon="78.181882"><ele>3061.880</ele><time>2023-02-14T07:36:38Z</time></trkpt><trkpt lat="31.048233" lon="78.181879"><ele>3063.249</ele><time>2023-02-14T07:36:55Z</time></trkpt><trkpt lat="31.048185" lon="78.181892"><ele>3064.735</ele><time>2023-02-14T07:37:03Z</time></trkpt><trkpt lat="31.048128" lon="78.181909"><ele>3066.537</ele><time>2023-02-14T07:37:14Z</time></trkpt><trkpt lat="31.048010" lon="78.181971"><ele>3070.252</ele><time>2023-02-14T07:37:56Z</time></trkpt><trkpt lat="31.048117" lon="78.182044"><ele>3066.899</ele><time>2023-02-14T07:38:06Z</time></trkpt><trkpt lat="31.048060" lon="78.182029"><ele>3068.607</ele><time>2023-02-14T07:38:23Z</time></trkpt><trkpt lat="31.048012" lon="78.182021"><ele>3070.127</ele><time>2023-02-14T07:38:28Z</time></trkpt><trkpt lat="31.047965" lon="78.181999"><ele>3071.609</ele><time>2023-02-14T07:38:36Z</time></trkpt><trkpt lat="31.047935" lon="78.181956"><ele>3072.650</ele><time>2023-02-14T07:38:45Z</time></trkpt><trkpt lat="31.047888" lon="78.181923"><ele>3074.131</ele><time>2023-02-14T07:38:50Z</time></trkpt><trkpt lat="31.047846" lon="78.181888"><ele>3075.564</ele><time>2023-02-14T07:38:56Z</time></trkpt><trkpt lat="31.047798" lon="78.181866"><ele>3077.048</ele><time>2023-02-14T07:39:01Z</time></trkpt><trkpt lat="31.047766" lon="78.181823"><ele>3078.156</ele><time>2023-02-14T07:39:06Z</time></trkpt><trkpt lat="31.047718" lon="78.181813"><ele>3079.745</ele><time>2023-02-14T07:39:11Z</time></trkpt><trkpt lat="31.047670" lon="78.181786"><ele>3081.391</ele><time>2023-02-14T07:39:16Z</time></trkpt><trkpt lat="31.047625" lon="78.181759"><ele>3082.893</ele><time>2023-02-14T07:39:21Z</time></trkpt><trkpt lat="31.047580" lon="78.181747"><ele>3084.238</ele><time>2023-02-14T07:39:29Z</time></trkpt><trkpt lat="31.047557" lon="78.181699"><ele>3085.154</ele><time>2023-02-14T07:39:36Z</time></trkpt><trkpt lat="31.047519" lon="78.181667"><ele>3086.456</ele><time>2023-02-14T07:39:46Z</time></trkpt><trkpt lat="31.047439" lon="78.181725"><ele>3088.211</ele><time>2023-02-14T07:40:09Z</time></trkpt><trkpt lat="31.047487" lon="78.181710"><ele>3087.209</ele><time>2023-02-14T07:40:40Z</time></trkpt><trkpt lat="31.047464" lon="78.181660"><ele>3087.596</ele><time>2023-02-14T07:40:45Z</time></trkpt><trkpt lat="31.047409" lon="78.181647"><ele>3088.177</ele><time>2023-02-14T07:40:54Z</time></trkpt><trkpt lat="31.047364" lon="78.181685"><ele>3089.860</ele><time>2023-02-14T07:40:58Z</time></trkpt><trkpt lat="31.047319" lon="78.181692"><ele>3090.724</ele><time>2023-02-14T07:41:04Z</time></trkpt><trkpt lat="31.047281" lon="78.181664"><ele>3091.472</ele><time>2023-02-14T07:41:10Z</time></trkpt><trkpt lat="31.047239" lon="78.181639"><ele>3091.381</ele><time>2023-02-14T07:41:19Z</time></trkpt><trkpt lat="31.047196" lon="78.181614"><ele>3091.227</ele><time>2023-02-14T07:41:24Z</time></trkpt><trkpt lat="31.047161" lon="78.181577"><ele>3090.619</ele><time>2023-02-14T07:41:30Z</time></trkpt><trkpt lat="31.047121" lon="78.181537"><ele>3089.974</ele><time>2023-02-14T07:41:37Z</time></trkpt><trkpt lat="31.047081" lon="78.181505"><ele>3089.527</ele><time>2023-02-14T07:41:44Z</time></trkpt><trkpt lat="31.047031" lon="78.181490"><ele>3090.068</ele><time>2023-02-14T07:41:50Z</time></trkpt><trkpt lat="31.046979" lon="78.181468"><ele>3090.214</ele><time>2023-02-14T07:41:55Z</time></trkpt><trkpt lat="31.046937" lon="78.181440"><ele>3090.109</ele><time>2023-02-14T07:42:01Z</time></trkpt><trkpt lat="31.046889" lon="78.181418"><ele>3090.273</ele><time>2023-02-14T07:42:09Z</time></trkpt><trkpt lat="31.046846" lon="78.181388"><ele>3090.054</ele><time>2023-02-14T07:42:14Z</time></trkpt><trkpt lat="31.046806" lon="78.181361"><ele>3089.897</ele><time>2023-02-14T07:42:19Z</time></trkpt><trkpt lat="31.046754" lon="78.181338"><ele>3090.031</ele><time>2023-02-14T07:42:28Z</time></trkpt><trkpt lat="31.046714" lon="78.181310"><ele>3089.899</ele><time>2023-02-14T07:42:32Z</time></trkpt><trkpt lat="31.046667" lon="78.181307"><ele>3090.638</ele><time>2023-02-14T07:42:37Z</time></trkpt><trkpt lat="31.046619" lon="78.181295"><ele>3090.934</ele><time>2023-02-14T07:42:41Z</time></trkpt><trkpt lat="31.046582" lon="78.181258"><ele>3090.136</ele><time>2023-02-14T07:42:48Z</time></trkpt><trkpt lat="31.046534" lon="78.181221"><ele>3089.571</ele><time>2023-02-14T07:42:58Z</time></trkpt><trkpt lat="31.046491" lon="78.181206"><ele>3089.715</ele><time>2023-02-14T07:43:02Z</time></trkpt><trkpt lat="31.046439" lon="78.181173"><ele>3089.465</ele><time>2023-02-14T07:43:53Z</time></trkpt><trkpt lat="31.046472" lon="78.181135"><ele>3087.511</ele><time>2023-02-14T07:44:29Z</time></trkpt><trkpt lat="31.046499" lon="78.181092"><ele>3085.509</ele><time>2023-02-14T07:44:42Z</time></trkpt><trkpt lat="31.046459" lon="78.181059"><ele>3085.122</ele><time>2023-02-14T07:45:19Z</time></trkpt><trkpt lat="31.046434" lon="78.181012"><ele>3083.923</ele><time>2023-02-14T07:45:23Z</time></trkpt><trkpt lat="31.046397" lon="78.180965"><ele>3083.026</ele><time>2023-02-14T07:45:32Z</time></trkpt><trkpt lat="31.046370" lon="78.180915"><ele>3081.820</ele><time>2023-02-14T07:45:36Z</time></trkpt><trkpt lat="31.046328" lon="78.180887"><ele>3081.758</ele><time>2023-02-14T07:45:40Z</time></trkpt><trkpt lat="31.046286" lon="78.180855"><ele>3081.527</ele><time>2023-02-14T07:45:46Z</time></trkpt><trkpt lat="31.046253" lon="78.180810"><ele>3080.873</ele><time>2023-02-14T07:45:53Z</time></trkpt><trkpt lat="31.046216" lon="78.180770"><ele>3080.445</ele><time>2023-02-14T07:45:58Z</time></trkpt><trkpt lat="31.046169" lon="78.180738"><ele>3080.520</ele><time>2023-02-14T07:46:03Z</time></trkpt><trkpt lat="31.046117" lon="78.180730"><ele>3081.426</ele><time>2023-02-14T07:46:07Z</time></trkpt><trkpt lat="31.046072" lon="78.180705"><ele>3081.847</ele><time>2023-02-14T07:46:11Z</time></trkpt><trkpt lat="31.046077" lon="78.180638"><ele>3079.911</ele><time>2023-02-14T07:46:41Z</time></trkpt><trkpt lat="31.046010" lon="78.180615"><ele>3080.909</ele><time>2023-02-14T07:47:06Z</time></trkpt><trkpt lat="31.045972" lon="78.180585"><ele>3081.063</ele><time>2023-02-14T07:47:14Z</time></trkpt><trkpt lat="31.045934" lon="78.180555"><ele>3081.254</ele><time>2023-02-14T07:47:20Z</time></trkpt><trkpt lat="31.045879" lon="78.180542"><ele>3082.297</ele><time>2023-02-14T07:47:45Z</time></trkpt><trkpt lat="31.045832" lon="78.180527"><ele>3083.031</ele><time>2023-02-14T07:47:56Z</time></trkpt><trkpt lat="31.045814" lon="78.180474"><ele>3082.249</ele><time>2023-02-14T07:48:06Z</time></trkpt><trkpt lat="31.045781" lon="78.180434"><ele>3081.948</ele><time>2023-02-14T07:48:15Z</time></trkpt><trkpt lat="31.045736" lon="78.180406"><ele>3082.174</ele><time>2023-02-14T07:48:21Z</time></trkpt><trkpt lat="31.045693" lon="78.180388"><ele>3082.516</ele><time>2023-02-14T07:48:30Z</time></trkpt><trkpt lat="31.045660" lon="78.180350"><ele>3082.211</ele><time>2023-02-14T07:48:37Z</time></trkpt><trkpt lat="31.045647" lon="78.180295"><ele>3081.248</ele><time>2023-02-14T07:48:49Z</time></trkpt><trkpt lat="31.045597" lon="78.180277"><ele>3081.761</ele><time>2023-02-14T07:48:56Z</time></trkpt><trkpt lat="31.045562" lon="78.180230"><ele>3081.217</ele><time>2023-02-14T07:49:09Z</time></trkpt><trkpt lat="31.045520" lon="78.180200"><ele>3081.309</ele><time>2023-02-14T07:49:16Z</time></trkpt><trkpt lat="31.045478" lon="78.180172"><ele>3081.445</ele><time>2023-02-14T07:49:23Z</time></trkpt><trkpt lat="31.045438" lon="78.180142"><ele>3081.466</ele><time>2023-02-14T07:49:27Z</time></trkpt><trkpt lat="31.045400" lon="78.180110"><ele>3081.489</ele><time>2023-02-14T07:49:33Z</time></trkpt><trkpt lat="31.045353" lon="78.180090"><ele>3081.843</ele><time>2023-02-14T07:49:39Z</time></trkpt><trkpt lat="31.045306" lon="78.180077"><ele>3082.321</ele><time>2023-02-14T07:49:45Z</time></trkpt><trkpt lat="31.045261" lon="78.180052"><ele>3082.530</ele><time>2023-02-14T07:49:52Z</time></trkpt><trkpt lat="31.045226" lon="78.180007"><ele>3082.196</ele><time>2023-02-14T07:49:59Z</time></trkpt><trkpt lat="31.045179" lon="78.180000"><ele>3082.878</ele><time>2023-02-14T07:50:04Z</time></trkpt><trkpt lat="31.045127" lon="78.179987"><ele>3083.373</ele><time>2023-02-14T07:50:09Z</time></trkpt><trkpt lat="31.045082" lon="78.179995"><ele>3084.453</ele><time>2023-02-14T07:50:17Z</time></trkpt><trkpt lat="31.045040" lon="78.179965"><ele>3084.104</ele><time>2023-02-14T07:50:22Z</time></trkpt><trkpt lat="31.045010" lon="78.179925"><ele>3083.214</ele><time>2023-02-14T07:50:28Z</time></trkpt><trkpt lat="31.044968" lon="78.179902"><ele>3082.809</ele><time>2023-02-14T07:50:36Z</time></trkpt><trkpt lat="31.044923" lon="78.179889"><ele>3082.636</ele><time>2023-02-14T07:50:41Z</time></trkpt><trkpt lat="31.044880" lon="78.179871"><ele>3082.257</ele><time>2023-02-14T07:50:44Z</time></trkpt><trkpt lat="31.044838" lon="78.179851"><ele>3081.860</ele><time>2023-02-14T07:50:51Z</time></trkpt><trkpt lat="31.044786" lon="78.179844"><ele>3081.994</ele><time>2023-02-14T07:50:59Z</time></trkpt><trkpt lat="31.044743" lon="78.179862"><ele>3082.822</ele><time>2023-02-14T07:51:08Z</time></trkpt><trkpt lat="31.044823" lon="78.179872"><ele>3082.641</ele><time>2023-02-14T07:55:54Z</time></trkpt><trkpt lat="31.044870" lon="78.179857"><ele>3081.867</ele><time>2023-02-14T07:56:05Z</time></trkpt><trkpt lat="31.044918" lon="78.179879"><ele>3082.329</ele><time>2023-02-14T07:56:11Z</time></trkpt><trkpt lat="31.044965" lon="78.179891"><ele>3082.444</ele><time>2023-02-14T07:56:18Z</time></trkpt><trkpt lat="31.045000" lon="78.179934"><ele>3083.712</ele><time>2023-02-14T07:56:26Z</time></trkpt><trkpt lat="31.045045" lon="78.179957"><ele>3083.732</ele><time>2023-02-14T07:56:31Z</time></trkpt><trkpt lat="31.045075" lon="78.180002"><ele>3084.705</ele><time>2023-02-14T07:56:40Z</time></trkpt><trkpt lat="31.045102" lon="78.180047"><ele>3085.309</ele><time>2023-02-14T07:56:51Z</time></trkpt><trkpt lat="31.045129" lon="78.180090"><ele>3085.882</ele><time>2023-02-14T07:57:02Z</time></trkpt><trkpt lat="31.045141" lon="78.180142"><ele>3086.893</ele><time>2023-02-14T07:57:13Z</time></trkpt><trkpt lat="31.045146" lon="78.180195"><ele>3088.056</ele><time>2023-02-14T07:57:25Z</time></trkpt><trkpt lat="31.045143" lon="78.180263"><ele>3089.780</ele><time>2023-02-14T07:57:46Z</time></trkpt><trkpt lat="31.045173" lon="78.180306"><ele>3090.298</ele><time>2023-02-14T07:57:52Z</time></trkpt><trkpt lat="31.045130" lon="78.180276"><ele>3090.217</ele><time>2023-02-14T07:58:05Z</time></trkpt><trkpt lat="31.045092" lon="78.180314"><ele>3091.843</ele><time>2023-02-14T07:58:14Z</time></trkpt><trkpt lat="31.045082" lon="78.180374"><ele>3093.595</ele><time>2023-02-14T07:58:20Z</time></trkpt><trkpt lat="31.045115" lon="78.180414"><ele>3093.870</ele><time>2023-02-14T07:58:26Z</time></trkpt><trkpt lat="31.045160" lon="78.180427"><ele>3093.368</ele><time>2023-02-14T07:58:32Z</time></trkpt><trkpt lat="31.045195" lon="78.180460"><ele>3093.442</ele><time>2023-02-14T07:58:40Z</time></trkpt><trkpt lat="31.045245" lon="78.180428"><ele>3091.726</ele><time>2023-02-14T08:01:46Z</time></trkpt><trkpt lat="31.045297" lon="78.180500"><ele>3092.409</ele><time>2023-02-14T08:03:02Z</time></trkpt><trkpt lat="31.045215" lon="78.180480"><ele>3093.597</ele><time>2023-02-14T08:04:10Z</time></trkpt><trkpt lat="31.045302" lon="78.180433"><ele>3090.818</ele><time>2023-02-14T08:05:56Z</time></trkpt><trkpt lat="31.045259" lon="78.180415"><ele>3091.181</ele><time>2023-02-14T08:09:25Z</time></trkpt><trkpt lat="31.048492" lon="78.182363"><ele>3049.565</ele><time>2023-02-14T09:48:37Z</time></trkpt><trkpt lat="31.048564" lon="78.182321"><ele>3045.153</ele><time>2023-02-14T09:49:22Z</time></trkpt><trkpt lat="31.048521" lon="78.182306"><ele>3048.092</ele><time>2023-02-14T09:49:27Z</time></trkpt><trkpt lat="31.048513" lon="78.182243"><ele>3049.068</ele><time>2023-02-14T09:49:32Z</time></trkpt><trkpt lat="31.048491" lon="78.182185"><ele>3050.730</ele><time>2023-02-14T09:49:37Z</time></trkpt><trkpt lat="31.048468" lon="78.182140"><ele>3052.375</ele><time>2023-02-14T09:49:43Z</time></trkpt><trkpt lat="31.048468" lon="78.182078"><ele>3052.772</ele><time>2023-02-14T09:50:01Z</time></trkpt><trkpt lat="31.048488" lon="78.182026"><ele>3051.913</ele><time>2023-02-14T09:50:09Z</time></trkpt><trkpt lat="31.048495" lon="78.181971"><ele>3051.914</ele><time>2023-02-14T09:50:16Z</time></trkpt><trkpt lat="31.048532" lon="78.181938"><ele>3050.409</ele><time>2023-02-14T09:50:22Z</time></trkpt><trkpt lat="31.048560" lon="78.181888"><ele>3049.588</ele><time>2023-02-14T09:50:27Z</time></trkpt><trkpt lat="31.048585" lon="78.181796"><ele>3049.349</ele><time>2023-02-14T09:50:44Z</time></trkpt><trkpt lat="31.048535" lon="78.181789"><ele>3051.532</ele><time>2023-02-14T09:50:58Z</time></trkpt><trkpt lat="31.048488" lon="78.181777"><ele>3053.526</ele><time>2023-02-14T09:51:06Z</time></trkpt><trkpt lat="31.048446" lon="78.181802"><ele>3055.214</ele><time>2023-02-14T09:51:11Z</time></trkpt><trkpt lat="31.048419" lon="78.181847"><ele>3056.293</ele><time>2023-02-14T09:51:26Z</time></trkpt><trkpt lat="31.048361" lon="78.181867"><ele>3058.729</ele><time>2023-02-14T09:51:37Z</time></trkpt><trkpt lat="31.048319" lon="78.181892"><ele>3060.561</ele><time>2023-02-14T09:51:44Z</time></trkpt><trkpt lat="31.048276" lon="78.181924"><ele>3061.876</ele><time>2023-02-14T09:52:00Z</time></trkpt><trkpt lat="31.048224" lon="78.181977"><ele>3063.453</ele><time>2023-02-14T09:52:30Z</time></trkpt><trkpt lat="31.048179" lon="78.181982"><ele>3064.904</ele><time>2023-02-14T09:52:34Z</time></trkpt><trkpt lat="31.048134" lon="78.182009"><ele>3066.314</ele><time>2023-02-14T09:52:44Z</time></trkpt><trkpt lat="31.048054" lon="78.182024"><ele>3068.809</ele><time>2023-02-14T09:56:46Z</time></trkpt><trkpt lat="31.048144" lon="78.182011"><ele>3065.976</ele><time>2023-02-14T09:57:21Z</time></trkpt><trkpt lat="31.048079" lon="78.182036"><ele>3068.047</ele><time>2023-02-14T09:58:02Z</time></trkpt><trkpt lat="31.048146" lon="78.182016"><ele>3065.910</ele><time>2023-02-14T10:11:49Z</time></trkpt><trkpt lat="31.048074" lon="78.182074"><ele>3068.184</ele><time>2023-02-14T10:15:41Z</time></trkpt><trkpt lat="31.048079" lon="78.182021"><ele>3068.082</ele><time>2023-02-14T10:18:09Z</time></trkpt><trkpt lat="31.048052" lon="78.182068"><ele>3068.861</ele><time>2023-02-14T10:18:26Z</time></trkpt><trkpt lat="31.048020" lon="78.182030"><ele>3069.887</ele><time>2023-02-14T10:18:43Z</time></trkpt><trkpt lat="31.047972" lon="78.182040"><ele>3071.399</ele><time>2023-02-14T10:19:13Z</time></trkpt><trkpt lat="31.047980" lon="78.181927"><ele>3071.214</ele><time>2023-02-14T10:20:54Z</time></trkpt><trkpt lat="31.048005" lon="78.181995"><ele>3070.343</ele><time>2023-02-14T10:21:29Z</time></trkpt><trkpt lat="31.048088" lon="78.181997"><ele>3067.764</ele><time>2023-02-14T10:23:54Z</time></trkpt><trkpt lat="31.048046" lon="78.182025"><ele>3069.010</ele><time>2023-02-14T10:24:41Z</time></trkpt><trkpt lat="31.048066" lon="78.181975"><ele>3068.409</ele><time>2023-02-14T10:25:33Z</time></trkpt><trkpt lat="31.048088" lon="78.181925"><ele>3067.865</ele><time>2023-02-14T10:25:40Z</time></trkpt><trkpt lat="31.048133" lon="78.181920"><ele>3066.316</ele><time>2023-02-14T10:25:44Z</time></trkpt><trkpt lat="31.048176" lon="78.181947"><ele>3065.049</ele><time>2023-02-14T10:25:52Z</time></trkpt><trkpt lat="31.048206" lon="78.181904"><ele>3064.043</ele><time>2023-02-14T10:26:20Z</time></trkpt><trkpt lat="31.048294" lon="78.181894"><ele>3061.211</ele><time>2023-02-14T10:26:55Z</time></trkpt><trkpt lat="31.048241" lon="78.181901"><ele>3062.950</ele><time>2023-02-14T10:27:45Z</time></trkpt><trkpt lat="31.048274" lon="78.181863"><ele>3061.956</ele><time>2023-02-14T10:28:58Z</time></trkpt><trkpt lat="31.048251" lon="78.181950"><ele>3062.678</ele><time>2023-02-14T10:30:00Z</time></trkpt><trkpt lat="31.048208" lon="78.181970"><ele>3064.063</ele><time>2023-02-14T10:30:07Z</time></trkpt><trkpt lat="31.048155" lon="78.181972"><ele>3065.691</ele><time>2023-02-14T10:31:05Z</time></trkpt><trkpt lat="31.048130" lon="78.182017"><ele>3066.481</ele><time>2023-02-14T10:31:12Z</time></trkpt><trkpt lat="31.048077" lon="78.182050"><ele>3068.019</ele><time>2023-02-14T10:31:38Z</time></trkpt><trkpt lat="31.048020" lon="78.181972"><ele>3069.909</ele><time>2023-02-14T10:33:05Z</time></trkpt><trkpt lat="31.048077" lon="78.181987"><ele>3068.150</ele><time>2023-02-14T10:33:25Z</time></trkpt><trkpt lat="31.048089" lon="78.181935"><ele>3067.731</ele><time>2023-02-14T10:34:04Z</time></trkpt><trkpt lat="31.048137" lon="78.181902"><ele>3066.294</ele><time>2023-02-14T10:34:10Z</time></trkpt><trkpt lat="31.048189" lon="78.181899"><ele>3064.638</ele><time>2023-02-14T10:34:15Z</time></trkpt><trkpt lat="31.048236" lon="78.181887"><ele>3063.186</ele><time>2023-02-14T10:34:20Z</time></trkpt><trkpt lat="31.048278" lon="78.181955"><ele>3061.715</ele><time>2023-02-14T10:37:08Z</time></trkpt><trkpt lat="31.048226" lon="78.181960"><ele>3063.471</ele><time>2023-02-14T10:37:16Z</time></trkpt><trkpt lat="31.048178" lon="78.181987"><ele>3064.983</ele><time>2023-02-14T10:37:57Z</time></trkpt><trkpt lat="31.048133" lon="78.182009"><ele>3066.388</ele><time>2023-02-14T10:38:02Z</time></trkpt><trkpt lat="31.048075" lon="78.182061"><ele>3068.192</ele><time>2023-02-14T10:43:03Z</time></trkpt><trkpt lat="31.048025" lon="78.182049"><ele>3069.773</ele><time>2023-02-14T10:43:09Z</time></trkpt><trkpt lat="31.047985" lon="78.182022"><ele>3070.920</ele><time>2023-02-14T10:43:16Z</time></trkpt><trkpt lat="31.047967" lon="78.181969"><ele>3071.609</ele><time>2023-02-14T10:44:02Z</time></trkpt><trkpt lat="31.047922" lon="78.181959"><ele>3073.040</ele><time>2023-02-14T10:44:07Z</time></trkpt><trkpt lat="31.047877" lon="78.181957"><ele>3074.491</ele><time>2023-02-14T10:44:11Z</time></trkpt><trkpt lat="31.047840" lon="78.181925"><ele>3075.644</ele><time>2023-02-14T10:44:16Z</time></trkpt><trkpt lat="31.047805" lon="78.181848"><ele>3076.858</ele><time>2023-02-14T10:44:40Z</time></trkpt><trkpt lat="31.047758" lon="78.181781"><ele>3078.536</ele><time>2023-02-14T10:45:15Z</time></trkpt><trkpt lat="31.047718" lon="78.181816"><ele>3079.785</ele><time>2023-02-14T10:45:20Z</time></trkpt><trkpt lat="31.047675" lon="78.181784"><ele>3081.141</ele><time>2023-02-14T10:45:26Z</time></trkpt><trkpt lat="31.047625" lon="78.181786"><ele>3082.713</ele><time>2023-02-14T10:45:33Z</time></trkpt><trkpt lat="31.047583" lon="78.181746"><ele>3084.148</ele><time>2023-02-14T10:45:40Z</time></trkpt><trkpt lat="31.047543" lon="78.181708"><ele>3085.521</ele><time>2023-02-14T10:45:45Z</time></trkpt><trkpt lat="31.047498" lon="78.181698"><ele>3087.041</ele><time>2023-02-14T10:45:50Z</time></trkpt><trkpt lat="31.047448" lon="78.181691"><ele>3088.005</ele><time>2023-02-14T10:45:55Z</time></trkpt><trkpt lat="31.047400" lon="78.181699"><ele>3089.009</ele><time>2023-02-14T10:46:00Z</time></trkpt><trkpt lat="31.047365" lon="78.181732"><ele>3089.753</ele><time>2023-02-14T10:46:10Z</time></trkpt><trkpt lat="31.047318" lon="78.181712"><ele>3090.764</ele><time>2023-02-14T10:46:18Z</time></trkpt><trkpt lat="31.047273" lon="78.181687"><ele>3091.797</ele><time>2023-02-14T10:46:24Z</time></trkpt><trkpt lat="31.047233" lon="78.181652"><ele>3091.951</ele><time>2023-02-14T10:46:29Z</time></trkpt><trkpt lat="31.047186" lon="78.181615"><ele>3091.539</ele><time>2023-02-14T10:46:34Z</time></trkpt><trkpt lat="31.047144" lon="78.181578"><ele>3091.058</ele><time>2023-02-14T10:46:38Z</time></trkpt><trkpt lat="31.047107" lon="78.181543"><ele>3090.484</ele><time>2023-02-14T10:46:42Z</time></trkpt><trkpt lat="31.047080" lon="78.181500"><ele>3089.476</ele><time>2023-02-14T10:46:48Z</time></trkpt><trkpt lat="31.047032" lon="78.181488"><ele>3089.991</ele><time>2023-02-14T10:46:56Z</time></trkpt><trkpt lat="31.046987" lon="78.181471"><ele>3090.292</ele><time>2023-02-14T10:47:01Z</time></trkpt><trkpt lat="31.046942" lon="78.181446"><ele>3090.273</ele><time>2023-02-14T10:47:07Z</time></trkpt><trkpt lat="31.046897" lon="78.181419"><ele>3090.120</ele><time>2023-02-14T10:47:13Z</time></trkpt><trkpt lat="31.046854" lon="78.181396"><ele>3090.109</ele><time>2023-02-14T10:47:18Z</time></trkpt><trkpt lat="31.046807" lon="78.181361"><ele>3089.840</ele><time>2023-02-14T10:47:23Z</time></trkpt><trkpt lat="31.046769" lon="78.181323"><ele>3089.171</ele><time>2023-02-14T10:47:28Z</time></trkpt><trkpt lat="31.046722" lon="78.181320"><ele>3090.054</ele><time>2023-02-14T10:47:33Z</time></trkpt><trkpt lat="31.046677" lon="78.181318"><ele>3090.828</ele><time>2023-02-14T10:47:39Z</time></trkpt><trkpt lat="31.046635" lon="78.181280"><ele>3090.196</ele><time>2023-02-14T10:47:43Z</time></trkpt><trkpt lat="31.046585" lon="78.181250"><ele>3089.885</ele><time>2023-02-14T10:47:49Z</time></trkpt><trkpt lat="31.046542" lon="78.181228"><ele>3089.731</ele><time>2023-02-14T10:47:52Z</time></trkpt><trkpt lat="31.046502" lon="78.181191"><ele>3089.083</ele><time>2023-02-14T10:47:56Z</time></trkpt><trkpt lat="31.046485" lon="78.181133"><ele>3087.298</ele><time>2023-02-14T10:48:01Z</time></trkpt><trkpt lat="31.046500" lon="78.181075"><ele>3084.982</ele><time>2023-02-14T10:48:06Z</time></trkpt><trkpt lat="31.046507" lon="78.181020"><ele>3082.943</ele><time>2023-02-14T10:48:10Z</time></trkpt><trkpt lat="31.046469" lon="78.180987"><ele>3082.417</ele><time>2023-02-14T10:48:16Z</time></trkpt><trkpt lat="31.046427" lon="78.180962"><ele>3082.309</ele><time>2023-02-14T10:48:21Z</time></trkpt><trkpt lat="31.046395" lon="78.180920"><ele>3081.569</ele><time>2023-02-14T10:48:25Z</time></trkpt><trkpt lat="31.046352" lon="78.180892"><ele>3081.470</ele><time>2023-02-14T10:48:33Z</time></trkpt><trkpt lat="31.046309" lon="78.180865"><ele>3081.363</ele><time>2023-02-14T10:48:40Z</time></trkpt><trkpt lat="31.046281" lon="78.180823"><ele>3080.687</ele><time>2023-02-14T10:48:45Z</time></trkpt><trkpt lat="31.046241" lon="78.180786"><ele>3080.355</ele><time>2023-02-14T10:48:51Z</time></trkpt><trkpt lat="31.046198" lon="78.180766"><ele>3080.724</ele><time>2023-02-14T10:48:56Z</time></trkpt><trkpt lat="31.046151" lon="78.180744"><ele>3081.120</ele><time>2023-02-14T10:49:01Z</time></trkpt><trkpt lat="31.046106" lon="78.180734"><ele>3081.812</ele><time>2023-02-14T10:49:06Z</time></trkpt><trkpt lat="31.046084" lon="78.180687"><ele>3081.057</ele><time>2023-02-14T10:49:11Z</time></trkpt><trkpt lat="31.046067" lon="78.180637"><ele>3080.199</ele><time>2023-02-14T10:49:16Z</time></trkpt><trkpt lat="31.046032" lon="78.180592"><ele>3079.807</ele><time>2023-02-14T10:49:28Z</time></trkpt><trkpt lat="31.045987" lon="78.180562"><ele>3080.127</ele><time>2023-02-14T10:49:34Z</time></trkpt><trkpt lat="31.045940" lon="78.180545"><ele>3080.809</ele><time>2023-02-14T10:49:40Z</time></trkpt><trkpt lat="31.045898" lon="78.180578"><ele>3082.690</ele><time>2023-02-14T10:49:46Z</time></trkpt><trkpt lat="31.045865" lon="78.180533"><ele>3082.441</ele><time>2023-02-14T10:49:51Z</time></trkpt><trkpt lat="31.045835" lon="78.180491"><ele>3082.244</ele><time>2023-02-14T10:49:56Z</time></trkpt><trkpt lat="31.045803" lon="78.180441"><ele>3081.658</ele><time>2023-02-14T10:50:01Z</time></trkpt><trkpt lat="31.045773" lon="78.180394"><ele>3081.196</ele><time>2023-02-14T10:50:07Z</time></trkpt><trkpt lat="31.045733" lon="78.180367"><ele>3081.285</ele><time>2023-02-14T10:50:14Z</time></trkpt><trkpt lat="31.045693" lon="78.180334"><ele>3081.241</ele><time>2023-02-14T10:50:20Z</time></trkpt><trkpt lat="31.045646" lon="78.180307"><ele>3081.583</ele><time>2023-02-14T10:50:25Z</time></trkpt><trkpt lat="31.045599" lon="78.180282"><ele>3081.788</ele><time>2023-02-14T10:50:30Z</time></trkpt><trkpt lat="31.045569" lon="78.180237"><ele>3081.332</ele><time>2023-02-14T10:50:36Z</time></trkpt><trkpt lat="31.045551" lon="78.180184"><ele>3080.492</ele><time>2023-02-14T10:50:43Z</time></trkpt><trkpt lat="31.045519" lon="78.180227"><ele>3081.911</ele><time>2023-02-14T10:50:52Z</time></trkpt><trkpt lat="31.045467" lon="78.180242"><ele>3083.209</ele><time>2023-02-14T10:51:05Z</time></trkpt><trkpt lat="31.045420" lon="78.180235"><ele>3083.954</ele><time>2023-02-14T10:51:12Z</time></trkpt><trkpt lat="31.045375" lon="78.180240"><ele>3084.915</ele><time>2023-02-14T10:51:22Z</time></trkpt><trkpt lat="31.045333" lon="78.180265"><ele>3086.218</ele><time>2023-02-14T10:51:29Z</time></trkpt><trkpt lat="31.045306" lon="78.180310"><ele>3087.862</ele><time>2023-02-14T10:51:37Z</time></trkpt><trkpt lat="31.044869" lon="78.180393"><ele>3096.790</ele><time>2023-02-14T22:43:35Z</time></trkpt><trkpt lat="31.044831" lon="78.180358"><ele>3096.259</ele><time>2023-02-14T22:43:44Z</time></trkpt><trkpt lat="31.044788" lon="78.180333"><ele>3095.975</ele><time>2023-02-14T22:43:55Z</time></trkpt><trkpt lat="31.044755" lon="78.180295"><ele>3095.257</ele><time>2023-02-14T22:43:59Z</time></trkpt><trkpt lat="31.044712" lon="78.180318"><ele>3096.272</ele><time>2023-02-14T22:44:07Z</time></trkpt><trkpt lat="31.044670" lon="78.180340"><ele>3097.234</ele><time>2023-02-14T22:44:15Z</time></trkpt><trkpt lat="31.044622" lon="78.180327"><ele>3097.355</ele><time>2023-02-14T22:44:23Z</time></trkpt><trkpt lat="31.044575" lon="78.180312"><ele>3097.210</ele><time>2023-02-14T22:44:31Z</time></trkpt><trkpt lat="31.044535" lon="78.180337"><ele>3098.409</ele><time>2023-02-14T22:44:37Z</time></trkpt><trkpt lat="31.044498" lon="78.180304"><ele>3097.774</ele><time>2023-02-14T22:44:43Z</time></trkpt><trkpt lat="31.044446" lon="78.180292"><ele>3097.895</ele><time>2023-02-14T22:44:50Z</time></trkpt><trkpt lat="31.044406" lon="78.180319"><ele>3099.038</ele><time>2023-02-14T22:44:55Z</time></trkpt><trkpt lat="31.044359" lon="78.180322"><ele>3099.572</ele><time>2023-02-14T22:45:03Z</time></trkpt><trkpt lat="31.044312" lon="78.180322"><ele>3099.930</ele><time>2023-02-14T22:45:08Z</time></trkpt><trkpt lat="31.044265" lon="78.180294"><ele>3099.469</ele><time>2023-02-14T22:45:15Z</time></trkpt><trkpt lat="31.044218" lon="78.180277"><ele>3099.275</ele><time>2023-02-14T22:45:23Z</time></trkpt><trkpt lat="31.044173" lon="78.180257"><ele>3098.947</ele><time>2023-02-14T22:45:31Z</time></trkpt><trkpt lat="31.044128" lon="78.180242"><ele>3099.122</ele><time>2023-02-14T22:45:39Z</time></trkpt><trkpt lat="31.044083" lon="78.180247"><ele>3100.089</ele><time>2023-02-14T22:45:49Z</time></trkpt><trkpt lat="31.044038" lon="78.180244"><ele>3100.606</ele><time>2023-02-14T22:45:57Z</time></trkpt><trkpt lat="31.043980" lon="78.180259"><ele>3102.126</ele><time>2023-02-14T22:46:22Z</time></trkpt><trkpt lat="31.043932" lon="78.180252"><ele>3102.609</ele><time>2023-02-14T22:46:31Z</time></trkpt><trkpt lat="31.043894" lon="78.180224"><ele>3102.449</ele><time>2023-02-14T22:46:41Z</time></trkpt><trkpt lat="31.043849" lon="78.180212"><ele>3102.870</ele><time>2023-02-14T22:46:52Z</time></trkpt><trkpt lat="31.043804" lon="78.180234"><ele>3104.223</ele><time>2023-02-14T22:47:01Z</time></trkpt><trkpt lat="31.043757" lon="78.180249"><ele>3105.477</ele><time>2023-02-14T22:47:30Z</time></trkpt><trkpt lat="31.043717" lon="78.180277"><ele>3106.815</ele><time>2023-02-14T22:47:40Z</time></trkpt><trkpt lat="31.043655" lon="78.180299"><ele>3108.424</ele><time>2023-02-14T22:47:57Z</time></trkpt><trkpt lat="31.043608" lon="78.180292"><ele>3109.030</ele><time>2023-02-14T22:48:10Z</time></trkpt><trkpt lat="31.043560" lon="78.180297"><ele>3109.932</ele><time>2023-02-14T22:48:19Z</time></trkpt><trkpt lat="31.043508" lon="78.180320"><ele>3111.257</ele><time>2023-02-14T22:48:33Z</time></trkpt><trkpt lat="31.043440" lon="78.180337"><ele>3112.714</ele><time>2023-02-14T22:48:54Z</time></trkpt><trkpt lat="31.043407" lon="78.180397"><ele>3114.554</ele><time>2023-02-14T22:49:08Z</time></trkpt><trkpt lat="31.043322" lon="78.180444"><ele>3116.809</ele><time>2023-02-14T22:50:03Z</time></trkpt><trkpt lat="31.043282" lon="78.180481"><ele>3118.109</ele><time>2023-02-14T22:50:16Z</time></trkpt><trkpt lat="31.043235" lon="78.180419"><ele>3117.572</ele><time>2023-02-14T22:50:44Z</time></trkpt><trkpt lat="31.043207" lon="78.180461"><ele>3118.893</ele><time>2023-02-14T22:50:46Z</time></trkpt><trkpt lat="31.043114" lon="78.180509"><ele>3121.076</ele><time>2023-02-14T22:51:22Z</time></trkpt><trkpt lat="31.043092" lon="78.180646"><ele>3123.970</ele><time>2023-02-14T22:52:13Z</time></trkpt><trkpt lat="31.043012" lon="78.180581"><ele>3123.778</ele><time>2023-02-14T22:52:50Z</time></trkpt><trkpt lat="31.042967" lon="78.180591"><ele>3124.447</ele><time>2023-02-14T22:53:00Z</time></trkpt><trkpt lat="31.042924" lon="78.180576"><ele>3124.763</ele><time>2023-02-14T22:53:47Z</time></trkpt><trkpt lat="31.042881" lon="78.180553"><ele>3124.955</ele><time>2023-02-14T22:53:57Z</time></trkpt><trkpt lat="31.042841" lon="78.180521"><ele>3125.030</ele><time>2023-02-14T22:54:03Z</time></trkpt><trkpt lat="31.042796" lon="78.180526"><ele>3125.739</ele><time>2023-02-14T22:54:14Z</time></trkpt><trkpt lat="31.042658" lon="78.180519"><ele>3127.401</ele><time>2023-02-14T22:54:53Z</time></trkpt><trkpt lat="31.042598" lon="78.180497"><ele>3128.021</ele><time>2023-02-14T22:55:08Z</time></trkpt><trkpt lat="31.042553" lon="78.180490"><ele>3128.509</ele><time>2023-02-14T22:55:15Z</time></trkpt><trkpt lat="31.042505" lon="78.180478"><ele>3129.174</ele><time>2023-02-14T22:55:22Z</time></trkpt><trkpt lat="31.042470" lon="78.180440"><ele>3129.275</ele><time>2023-02-14T22:55:29Z</time></trkpt><trkpt lat="31.042433" lon="78.180405"><ele>3129.478</ele><time>2023-02-14T22:55:36Z</time></trkpt><trkpt lat="31.042388" lon="78.180385"><ele>3129.932</ele><time>2023-02-14T22:55:43Z</time></trkpt><trkpt lat="31.042351" lon="78.180347"><ele>3130.290</ele><time>2023-02-14T22:55:53Z</time></trkpt><trkpt lat="31.042273" lon="78.180369"><ele>3131.679</ele><time>2023-02-14T22:57:20Z</time></trkpt><trkpt lat="31.042230" lon="78.180337"><ele>3132.275</ele><time>2023-02-14T22:57:26Z</time></trkpt><trkpt lat="31.042190" lon="78.180309"><ele>3132.737</ele><time>2023-02-14T22:57:33Z</time></trkpt><trkpt lat="31.042142" lon="78.180306"><ele>3133.552</ele><time>2023-02-14T22:57:40Z</time></trkpt><trkpt lat="31.042097" lon="78.180311"><ele>3134.335</ele><time>2023-02-14T22:57:46Z</time></trkpt><trkpt lat="31.042077" lon="78.180359"><ele>3134.786</ele><time>2023-02-14T22:57:53Z</time></trkpt><trkpt lat="31.042034" lon="78.180377"><ele>3135.514</ele><time>2023-02-14T22:57:59Z</time></trkpt><trkpt lat="31.041989" lon="78.180387"><ele>3136.209</ele><time>2023-02-14T22:58:04Z</time></trkpt><trkpt lat="31.041944" lon="78.180399"><ele>3136.954</ele><time>2023-02-14T22:58:10Z</time></trkpt><trkpt lat="31.041896" lon="78.180402"><ele>3137.695</ele><time>2023-02-14T22:58:15Z</time></trkpt><trkpt lat="31.041849" lon="78.180430"><ele>3138.288</ele><time>2023-02-14T22:58:21Z</time></trkpt><trkpt lat="31.041796" lon="78.180418"><ele>3139.122</ele><time>2023-02-14T22:58:27Z</time></trkpt><trkpt lat="31.041753" lon="78.180445"><ele>3139.630</ele><time>2023-02-14T22:58:32Z</time></trkpt><trkpt lat="31.041701" lon="78.180462"><ele>3140.299</ele><time>2023-02-14T22:58:37Z</time></trkpt><trkpt lat="31.041653" lon="78.180472"><ele>3140.815</ele><time>2023-02-14T22:58:43Z</time></trkpt><trkpt lat="31.041605" lon="78.180477"><ele>3141.757</ele><time>2023-02-14T22:58:49Z</time></trkpt><trkpt lat="31.041560" lon="78.180509"><ele>3142.342</ele><time>2023-02-14T22:59:05Z</time></trkpt><trkpt lat="31.041515" lon="78.180537"><ele>3143.058</ele><time>2023-02-14T22:59:10Z</time></trkpt><trkpt lat="31.041465" lon="78.180539"><ele>3143.952</ele><time>2023-02-14T22:59:16Z</time></trkpt><trkpt lat="31.041415" lon="78.180532"><ele>3144.817</ele><time>2023-02-14T22:59:21Z</time></trkpt><trkpt lat="31.041368" lon="78.180545"><ele>3145.709</ele><time>2023-02-14T22:59:27Z</time></trkpt><trkpt lat="31.041340" lon="78.180588"><ele>3146.096</ele><time>2023-02-14T22:59:34Z</time></trkpt><trkpt lat="31.041295" lon="78.180626"><ele>3146.727</ele><time>2023-02-14T22:59:43Z</time></trkpt><trkpt lat="31.041245" lon="78.180639"><ele>3147.760</ele><time>2023-02-14T22:59:52Z</time></trkpt><trkpt lat="31.041202" lon="78.180662"><ele>3148.564</ele><time>2023-02-14T22:59:59Z</time></trkpt><trkpt lat="31.041164" lon="78.180699"><ele>3149.122</ele><time>2023-02-14T23:00:06Z</time></trkpt><trkpt lat="31.041117" lon="78.180716"><ele>3150.121</ele><time>2023-02-14T23:00:13Z</time></trkpt><trkpt lat="31.041075" lon="78.180751"><ele>3150.937</ele><time>2023-02-14T23:00:21Z</time></trkpt><trkpt lat="31.041030" lon="78.180756"><ele>3151.899</ele><time>2023-02-14T23:00:30Z</time></trkpt><trkpt lat="31.040985" lon="78.180756"><ele>3152.764</ele><time>2023-02-14T23:00:39Z</time></trkpt><trkpt lat="31.040940" lon="78.180763"><ele>3153.787</ele><time>2023-02-14T23:00:46Z</time></trkpt><trkpt lat="31.040908" lon="78.180805"><ele>3154.442</ele><time>2023-02-14T23:00:56Z</time></trkpt><trkpt lat="31.040806" lon="78.180813"><ele>3156.226</ele><time>2023-02-14T23:01:10Z</time></trkpt><trkpt lat="31.040766" lon="78.180841"><ele>3156.409</ele><time>2023-02-14T23:02:02Z</time></trkpt><trkpt lat="31.040719" lon="78.180866"><ele>3156.099</ele><time>2023-02-14T23:02:12Z</time></trkpt><trkpt lat="31.040674" lon="78.180864"><ele>3156.540</ele><time>2023-02-14T23:02:20Z</time></trkpt><trkpt lat="31.040627" lon="78.180872"><ele>3156.853</ele><time>2023-02-14T23:02:28Z</time></trkpt><trkpt lat="31.040582" lon="78.180865"><ele>3157.527</ele><time>2023-02-14T23:02:37Z</time></trkpt><trkpt lat="31.040537" lon="78.180873"><ele>3157.755</ele><time>2023-02-14T23:02:49Z</time></trkpt><trkpt lat="31.040497" lon="78.180900"><ele>3157.524</ele><time>2023-02-14T23:02:56Z</time></trkpt><trkpt lat="31.040450" lon="78.180918"><ele>3157.630</ele><time>2023-02-14T23:03:04Z</time></trkpt><trkpt lat="31.040378" lon="78.180880"><ele>3159.372</ele><time>2023-02-14T23:03:26Z</time></trkpt><trkpt lat="31.040346" lon="78.180837"><ele>3160.647</ele><time>2023-02-14T23:03:33Z</time></trkpt><trkpt lat="31.040306" lon="78.180805"><ele>3161.023</ele><time>2023-02-14T23:03:41Z</time></trkpt><trkpt lat="31.040278" lon="78.180757"><ele>3161.183</ele><time>2023-02-14T23:03:49Z</time></trkpt><trkpt lat="31.040280" lon="78.180704"><ele>3161.011</ele><time>2023-02-14T23:03:57Z</time></trkpt><trkpt lat="31.040227" lon="78.180701"><ele>3161.409</ele><time>2023-02-14T23:04:32Z</time></trkpt><trkpt lat="31.040177" lon="78.180724"><ele>3162.013</ele><time>2023-02-14T23:04:42Z</time></trkpt><trkpt lat="31.040134" lon="78.180749"><ele>3162.444</ele><time>2023-02-14T23:04:50Z</time></trkpt><trkpt lat="31.040086" lon="78.180752"><ele>3162.987</ele><time>2023-02-14T23:04:57Z</time></trkpt><trkpt lat="31.040023" lon="78.180760"><ele>3163.561</ele><time>2023-02-14T23:05:11Z</time></trkpt><trkpt lat="31.039980" lon="78.180782"><ele>3164.489</ele><time>2023-02-14T23:05:22Z</time></trkpt><trkpt lat="31.039878" lon="78.180789"><ele>3167.778</ele><time>2023-02-14T23:05:54Z</time></trkpt><trkpt lat="31.039833" lon="78.180794"><ele>3169.254</ele><time>2023-02-14T23:06:06Z</time></trkpt><trkpt lat="31.039791" lon="78.180826"><ele>3170.936</ele><time>2023-02-14T23:06:16Z</time></trkpt><trkpt lat="31.039748" lon="78.180848"><ele>3172.431</ele><time>2023-02-14T23:06:24Z</time></trkpt><trkpt lat="31.039715" lon="78.180886"><ele>3173.587</ele><time>2023-02-14T23:06:42Z</time></trkpt><trkpt lat="31.039675" lon="78.180911"><ele>3175.042</ele><time>2023-02-14T23:06:52Z</time></trkpt><trkpt lat="31.039628" lon="78.180921"><ele>3176.726</ele><time>2023-02-14T23:07:01Z</time></trkpt><trkpt lat="31.039580" lon="78.180933"><ele>3178.409</ele><time>2023-02-14T23:08:03Z</time></trkpt><trkpt lat="31.039533" lon="78.180943"><ele>3180.259</ele><time>2023-02-14T23:08:12Z</time></trkpt><trkpt lat="31.039488" lon="78.180930"><ele>3181.720</ele><time>2023-02-14T23:08:22Z</time></trkpt><trkpt lat="31.039443" lon="78.180943"><ele>3183.583</ele><time>2023-02-14T23:08:42Z</time></trkpt><trkpt lat="31.039400" lon="78.180958"><ele>3185.277</ele><time>2023-02-14T23:08:52Z</time></trkpt><trkpt lat="31.039368" lon="78.180996"><ele>3186.715</ele><time>2023-02-14T23:09:02Z</time></trkpt><trkpt lat="31.039340" lon="78.181038"><ele>3188.254</ele><time>2023-02-14T23:09:19Z</time></trkpt><trkpt lat="31.039283" lon="78.181071"><ele>3190.860</ele><time>2023-02-14T23:09:39Z</time></trkpt><trkpt lat="31.039241" lon="78.181091"><ele>3192.792</ele><time>2023-02-14T23:09:46Z</time></trkpt><trkpt lat="31.039194" lon="78.181103"><ele>3194.857</ele><time>2023-02-14T23:09:54Z</time></trkpt><trkpt lat="31.039149" lon="78.181111"><ele>3196.637</ele><time>2023-02-14T23:10:04Z</time></trkpt><trkpt lat="31.039097" lon="78.181128"><ele>3198.649</ele><time>2023-02-14T23:10:14Z</time></trkpt><trkpt lat="31.039049" lon="78.181140"><ele>3200.413</ele><time>2023-02-14T23:10:20Z</time></trkpt><trkpt lat="31.038999" lon="78.181147"><ele>3202.209</ele><time>2023-02-14T23:10:31Z</time></trkpt><trkpt lat="31.038949" lon="78.181145"><ele>3203.844</ele><time>2023-02-14T23:11:11Z</time></trkpt><trkpt lat="31.038906" lon="78.181162"><ele>3205.575</ele><time>2023-02-14T23:11:16Z</time></trkpt><trkpt lat="31.038861" lon="78.181180"><ele>3207.478</ele><time>2023-02-14T23:11:22Z</time></trkpt><trkpt lat="31.038823" lon="78.181220"><ele>3209.462</ele><time>2023-02-14T23:11:31Z</time></trkpt><trkpt lat="31.038818" lon="78.181273"><ele>3210.620</ele><time>2023-02-14T23:11:44Z</time></trkpt><trkpt lat="31.038771" lon="78.181256"><ele>3211.999</ele><time>2023-02-14T23:12:20Z</time></trkpt><trkpt lat="31.038756" lon="78.181318"><ele>3213.655</ele><time>2023-02-14T23:12:24Z</time></trkpt><trkpt lat="31.038763" lon="78.181373"><ele>3214.427</ele><time>2023-02-14T23:12:29Z</time></trkpt><trkpt lat="31.038786" lon="78.181423"><ele>3214.592</ele><time>2023-02-14T23:12:36Z</time></trkpt><trkpt lat="31.038774" lon="78.181483"><ele>3216.189</ele><time>2023-02-14T23:12:43Z</time></trkpt><trkpt lat="31.038756" lon="78.181533"><ele>3217.706</ele><time>2023-02-14T23:12:48Z</time></trkpt><trkpt lat="31.038756" lon="78.181590"><ele>3218.826</ele><time>2023-02-14T23:12:55Z</time></trkpt><trkpt lat="31.038766" lon="78.181650"><ele>3219.509</ele><time>2023-02-14T23:13:04Z</time></trkpt><trkpt lat="31.038739" lon="78.181693"><ele>3220.429</ele><time>2023-02-14T23:13:11Z</time></trkpt><trkpt lat="31.038704" lon="78.181735"><ele>3220.980</ele><time>2023-02-14T23:13:20Z</time></trkpt><trkpt lat="31.038672" lon="78.181773"><ele>3221.573</ele><time>2023-02-14T23:13:26Z</time></trkpt><trkpt lat="31.038637" lon="78.181811"><ele>3222.217</ele><time>2023-02-14T23:13:36Z</time></trkpt><trkpt lat="31.038589" lon="78.181801"><ele>3224.455</ele><time>2023-02-14T23:13:41Z</time></trkpt><trkpt lat="31.038541" lon="78.181823"><ele>3226.144</ele><time>2023-02-14T23:13:48Z</time></trkpt><trkpt lat="31.038523" lon="78.181871"><ele>3226.070</ele><time>2023-02-14T23:13:56Z</time></trkpt><trkpt lat="31.038556" lon="78.181909"><ele>3223.932</ele><time>2023-02-14T23:14:02Z</time></trkpt><trkpt lat="31.038524" lon="78.181969"><ele>3224.367</ele><time>2023-02-14T23:14:21Z</time></trkpt><trkpt lat="31.038482" lon="78.181996"><ele>3225.857</ele><time>2023-02-14T23:14:28Z</time></trkpt><trkpt lat="31.038444" lon="78.182033"><ele>3227.000</ele><time>2023-02-14T23:14:36Z</time></trkpt><trkpt lat="31.038377" lon="78.182053"><ele>3229.820</ele><time>2023-02-14T23:14:52Z</time></trkpt><trkpt lat="31.038327" lon="78.182066"><ele>3232.009</ele><time>2023-02-14T23:15:00Z</time></trkpt><trkpt lat="31.038317" lon="78.182121"><ele>3231.896</ele><time>2023-02-14T23:16:37Z</time></trkpt><trkpt lat="31.038290" lon="78.182171"><ele>3232.557</ele><time>2023-02-14T23:16:43Z</time></trkpt><trkpt lat="31.038268" lon="78.182221"><ele>3232.940</ele><time>2023-02-14T23:16:52Z</time></trkpt><trkpt lat="31.038235" lon="78.182258"><ele>3234.134</ele><time>2023-02-14T23:17:08Z</time></trkpt><trkpt lat="31.038187" lon="78.182278"><ele>3236.242</ele><time>2023-02-14T23:17:30Z</time></trkpt><trkpt lat="31.038165" lon="78.182230"><ele>3237.981</ele><time>2023-02-14T23:17:40Z</time></trkpt><trkpt lat="31.038175" lon="78.182172"><ele>3238.137</ele><time>2023-02-14T23:17:47Z</time></trkpt><trkpt lat="31.038183" lon="78.182117"><ele>3238.389</ele><time>2023-02-14T23:17:53Z</time></trkpt><trkpt lat="31.038175" lon="78.182062"><ele>3239.434</ele><time>2023-02-14T23:18:11Z</time></trkpt><trkpt lat="31.038157" lon="78.182012"><ele>3240.896</ele><time>2023-02-14T23:18:17Z</time></trkpt><trkpt lat="31.038117" lon="78.182052"><ele>3242.231</ele><time>2023-02-14T23:18:26Z</time></trkpt><trkpt lat="31.038082" lon="78.182094"><ele>3243.424</ele><time>2023-02-14T23:18:32Z</time></trkpt><trkpt lat="31.038037" lon="78.182119"><ele>3245.309</ele><time>2023-02-14T23:18:38Z</time></trkpt><trkpt lat="31.037974" lon="78.182127"><ele>3248.370</ele><time>2023-02-14T23:21:48Z</time></trkpt><trkpt lat="31.037929" lon="78.182150"><ele>3250.311</ele><time>2023-02-14T23:21:54Z</time></trkpt><trkpt lat="31.037907" lon="78.182100"><ele>3251.854</ele><time>2023-02-14T23:22:10Z</time></trkpt><trkpt lat="31.037864" lon="78.182080"><ele>3254.118</ele><time>2023-02-14T23:22:20Z</time></trkpt><trkpt lat="31.037817" lon="78.182098"><ele>3256.226</ele><time>2023-02-14T23:22:29Z</time></trkpt><trkpt lat="31.037792" lon="78.182150"><ele>3256.975</ele><time>2023-02-14T23:22:37Z</time></trkpt><trkpt lat="31.037769" lon="78.182202"><ele>3257.651</ele><time>2023-02-14T23:22:46Z</time></trkpt><trkpt lat="31.037737" lon="78.182147"><ele>3259.613</ele><time>2023-02-14T23:23:47Z</time></trkpt><trkpt lat="31.037690" lon="78.182125"><ele>3262.158</ele><time>2023-02-14T23:23:56Z</time></trkpt><trkpt lat="31.037648" lon="78.182103"><ele>3264.331</ele><time>2023-02-14T23:24:04Z</time></trkpt><trkpt lat="31.037628" lon="78.182051"><ele>3265.661</ele><time>2023-02-14T23:24:12Z</time></trkpt><trkpt lat="31.037600" lon="78.182008"><ele>3267.207</ele><time>2023-02-14T23:24:20Z</time></trkpt><trkpt lat="31.037582" lon="78.181953"><ele>3268.409</ele><time>2023-02-14T23:24:31Z</time></trkpt><trkpt lat="31.037572" lon="78.181896"><ele>3269.374</ele><time>2023-02-14T23:24:40Z</time></trkpt><trkpt lat="31.037549" lon="78.181839"><ele>3270.765</ele><time>2023-02-14T23:24:49Z</time></trkpt><trkpt lat="31.037504" lon="78.181837"><ele>3272.868</ele><time>2023-02-14T23:24:57Z</time></trkpt><trkpt lat="31.037464" lon="78.181864"><ele>3274.192</ele><time>2023-02-14T23:25:03Z</time></trkpt><trkpt lat="31.037421" lon="78.181884"><ele>3275.440</ele><time>2023-02-14T23:25:11Z</time></trkpt><trkpt lat="31.037369" lon="78.181884"><ele>3277.269</ele><time>2023-02-14T23:25:20Z</time></trkpt><trkpt lat="31.037334" lon="78.181924"><ele>3278.175</ele><time>2023-02-14T23:27:16Z</time></trkpt><trkpt lat="31.037299" lon="78.181959"><ele>3279.067</ele><time>2023-02-14T23:27:24Z</time></trkpt><trkpt lat="31.037254" lon="78.181977"><ele>3280.432</ele><time>2023-02-14T23:27:32Z</time></trkpt><trkpt lat="31.037214" lon="78.182002"><ele>3281.554</ele><time>2023-02-14T23:27:39Z</time></trkpt><trkpt lat="31.037154" lon="78.182014"><ele>3283.456</ele><time>2023-02-14T23:27:58Z</time></trkpt><trkpt lat="31.037107" lon="78.182032"><ele>3284.811</ele><time>2023-02-14T23:28:11Z</time></trkpt><trkpt lat="31.037064" lon="78.182050"><ele>3286.009</ele><time>2023-02-14T23:28:23Z</time></trkpt><trkpt lat="31.037017" lon="78.182047"><ele>3287.656</ele><time>2023-02-14T23:28:33Z</time></trkpt><trkpt lat="31.036974" lon="78.182024"><ele>3289.317</ele><time>2023-02-14T23:28:42Z</time></trkpt><trkpt lat="31.036926" lon="78.182012"><ele>3291.090</ele><time>2023-02-14T23:29:03Z</time></trkpt><trkpt lat="31.036894" lon="78.181962"><ele>3292.754</ele><time>2023-02-14T23:29:18Z</time></trkpt><trkpt lat="31.036882" lon="78.181909"><ele>3293.862</ele><time>2023-02-14T23:29:25Z</time></trkpt><trkpt lat="31.036864" lon="78.181859"><ele>3295.131</ele><time>2023-02-14T23:29:34Z</time></trkpt><trkpt lat="31.036846" lon="78.181804"><ele>3296.587</ele><time>2023-02-14T23:29:48Z</time></trkpt><trkpt lat="31.036844" lon="78.181751"><ele>3297.319</ele><time>2023-02-14T23:29:56Z</time></trkpt><trkpt lat="31.036809" lon="78.181718"><ele>3299.054</ele><time>2023-02-14T23:30:04Z</time></trkpt><trkpt lat="31.036764" lon="78.181716"><ele>3300.733</ele><time>2023-02-14T23:30:13Z</time></trkpt><trkpt lat="31.036716" lon="78.181719"><ele>3302.423</ele><time>2023-02-14T23:30:23Z</time></trkpt><trkpt lat="31.036671" lon="78.181736"><ele>3303.815</ele><time>2023-02-14T23:30:30Z</time></trkpt><trkpt lat="31.036623" lon="78.181739"><ele>3304.909</ele><time>2023-02-14T23:30:38Z</time></trkpt><trkpt lat="31.036581" lon="78.181716"><ele>3306.364</ele><time>2023-02-14T23:30:46Z</time></trkpt><trkpt lat="31.036541" lon="78.181683"><ele>3307.735</ele><time>2023-02-14T23:31:06Z</time></trkpt><trkpt lat="31.036503" lon="78.181648"><ele>3308.638</ele><time>2023-02-14T23:31:14Z</time></trkpt><trkpt lat="31.036455" lon="78.181615"><ele>3309.352</ele><time>2023-02-14T23:36:13Z</time></trkpt><trkpt lat="31.036405" lon="78.181575"><ele>3309.980</ele><time>2023-02-14T23:36:27Z</time></trkpt><trkpt lat="31.036367" lon="78.181547"><ele>3310.469</ele><time>2023-02-14T23:36:36Z</time></trkpt><trkpt lat="31.036324" lon="78.181525"><ele>3311.235</ele><time>2023-02-14T23:36:46Z</time></trkpt><trkpt lat="31.036271" lon="78.181558"><ele>3313.067</ele><time>2023-02-14T23:37:05Z</time></trkpt><trkpt lat="31.036233" lon="78.181586"><ele>3314.392</ele><time>2023-02-14T23:37:13Z</time></trkpt><trkpt lat="31.036196" lon="78.181629"><ele>3315.821</ele><time>2023-02-14T23:37:21Z</time></trkpt><trkpt lat="31.036158" lon="78.181657"><ele>3317.141</ele><time>2023-02-14T23:37:30Z</time></trkpt><trkpt lat="31.036121" lon="78.181689"><ele>3317.705</ele><time>2023-02-14T23:37:40Z</time></trkpt><trkpt lat="31.036073" lon="78.181697"><ele>3318.709</ele><time>2023-02-14T23:37:48Z</time></trkpt><trkpt lat="31.036025" lon="78.181702"><ele>3319.713</ele><time>2023-02-14T23:37:57Z</time></trkpt><trkpt lat="31.035978" lon="78.181680"><ele>3321.384</ele><time>2023-02-14T23:38:05Z</time></trkpt><trkpt lat="31.035963" lon="78.181623"><ele>3321.417</ele><time>2023-02-14T23:40:33Z</time></trkpt><trkpt lat="31.035963" lon="78.181565"><ele>3320.771</ele><time>2023-02-14T23:40:43Z</time></trkpt><trkpt lat="31.035945" lon="78.181515"><ele>3320.689</ele><time>2023-02-14T23:40:49Z</time></trkpt><trkpt lat="31.035918" lon="78.181467"><ele>3320.718</ele><time>2023-02-14T23:40:56Z</time></trkpt><trkpt lat="31.035895" lon="78.181420"><ele>3320.724</ele><time>2023-02-14T23:41:03Z</time></trkpt><trkpt lat="31.035868" lon="78.181367"><ele>3320.966</ele><time>2023-02-14T23:41:11Z</time></trkpt><trkpt lat="31.035820" lon="78.181342"><ele>3321.911</ele><time>2023-02-14T23:41:18Z</time></trkpt><trkpt lat="31.035772" lon="78.181349"><ele>3323.213</ele><time>2023-02-14T23:41:27Z</time></trkpt><trkpt lat="31.035724" lon="78.181352"><ele>3324.643</ele><time>2023-02-14T23:41:35Z</time></trkpt><trkpt lat="31.035677" lon="78.181370"><ele>3326.007</ele><time>2023-02-14T23:41:44Z</time></trkpt><trkpt lat="31.035629" lon="78.181373"><ele>3327.309</ele><time>2023-02-14T23:41:52Z</time></trkpt><trkpt lat="31.035586" lon="78.181358"><ele>3328.332</ele><time>2023-02-14T23:42:01Z</time></trkpt><trkpt lat="31.035544" lon="78.181338"><ele>3329.323</ele><time>2023-02-14T23:42:09Z</time></trkpt><trkpt lat="31.035501" lon="78.181316"><ele>3330.336</ele><time>2023-02-14T23:42:20Z</time></trkpt><trkpt lat="31.035454" lon="78.181301"><ele>3331.430</ele><time>2023-02-14T23:42:30Z</time></trkpt><trkpt lat="31.035409" lon="78.181288"><ele>3332.538</ele><time>2023-02-14T23:42:39Z</time></trkpt><trkpt lat="31.035374" lon="78.181255"><ele>3333.257</ele><time>2023-02-14T23:42:46Z</time></trkpt><trkpt lat="31.035326" lon="78.181257"><ele>3334.613</ele><time>2023-02-14T23:42:58Z</time></trkpt><trkpt lat="31.035279" lon="78.181242"><ele>3335.775</ele><time>2023-02-14T23:43:10Z</time></trkpt><trkpt lat="31.035241" lon="78.181209"><ele>3336.590</ele><time>2023-02-14T23:43:22Z</time></trkpt><trkpt lat="31.035208" lon="78.181171"><ele>3337.251</ele><time>2023-02-14T23:43:32Z</time></trkpt><trkpt lat="31.035200" lon="78.181104"><ele>3336.901</ele><time>2023-02-14T23:43:45Z</time></trkpt><trkpt lat="31.035162" lon="78.181071"><ele>3337.811</ele><time>2023-02-14T23:43:54Z</time></trkpt><trkpt lat="31.035115" lon="78.181061"><ele>3339.109</ele><time>2023-02-14T23:44:02Z</time></trkpt><trkpt lat="31.035088" lon="78.181014"><ele>3339.536</ele><time>2023-02-14T23:44:14Z</time></trkpt><trkpt lat="31.035053" lon="78.180977"><ele>3340.387</ele><time>2023-02-14T23:44:24Z</time></trkpt><trkpt lat="31.035011" lon="78.180950"><ele>3341.460</ele><time>2023-02-14T23:44:33Z</time></trkpt><trkpt lat="31.034966" lon="78.180963"><ele>3342.784</ele><time>2023-02-14T23:44:41Z</time></trkpt><trkpt lat="31.034919" lon="78.180978"><ele>3344.122</ele><time>2023-02-14T23:44:50Z</time></trkpt><trkpt lat="31.034871" lon="78.180966"><ele>3345.481</ele><time>2023-02-14T23:45:01Z</time></trkpt><trkpt lat="31.034823" lon="78.180964"><ele>3346.787</ele><time>2023-02-14T23:45:08Z</time></trkpt><trkpt lat="31.034771" lon="78.180961"><ele>3348.189</ele><time>2023-02-14T23:45:17Z</time></trkpt><trkpt lat="31.034733" lon="78.180933"><ele>3349.074</ele><time>2023-02-14T23:45:27Z</time></trkpt><trkpt lat="31.034680" lon="78.180905"><ele>3350.336</ele><time>2023-02-14T23:45:42Z</time></trkpt><trkpt lat="31.034648" lon="78.180867"><ele>3350.917</ele><time>2023-02-14T23:45:54Z</time></trkpt><trkpt lat="31.034616" lon="78.180827"><ele>3351.518</ele><time>2023-02-14T23:46:03Z</time></trkpt><trkpt lat="31.034581" lon="78.180794"><ele>3352.209</ele><time>2023-02-14T23:46:12Z</time></trkpt><trkpt lat="31.034541" lon="78.180762"><ele>3353.154</ele><time>2023-02-14T23:46:21Z</time></trkpt><trkpt lat="31.034494" lon="78.180734"><ele>3354.235</ele><time>2023-02-14T23:46:32Z</time></trkpt><trkpt lat="31.034449" lon="78.180714"><ele>3355.468</ele><time>2023-02-14T23:46:42Z</time></trkpt><trkpt lat="31.034412" lon="78.180679"><ele>3356.462</ele><time>2023-02-14T23:46:49Z</time></trkpt><trkpt lat="31.034382" lon="78.180626"><ele>3357.010</ele><time>2023-02-14T23:46:56Z</time></trkpt><trkpt lat="31.034354" lon="78.180574"><ele>3357.729</ele><time>2023-02-14T23:47:02Z</time></trkpt><trkpt lat="31.034332" lon="78.180522"><ele>3358.315</ele><time>2023-02-14T23:47:08Z</time></trkpt><trkpt lat="31.034325" lon="78.180467"><ele>3358.347</ele><time>2023-02-14T23:47:15Z</time></trkpt><trkpt lat="31.034317" lon="78.180410"><ele>3358.482</ele><time>2023-02-14T23:47:24Z</time></trkpt><trkpt lat="31.034302" lon="78.180360"><ele>3358.855</ele><time>2023-02-14T23:47:32Z</time></trkpt><trkpt lat="31.034267" lon="78.180315"><ele>3360.007</ele><time>2023-02-14T23:47:48Z</time></trkpt><trkpt lat="31.034245" lon="78.180267"><ele>3360.817</ele><time>2023-02-14T23:48:02Z</time></trkpt><trkpt lat="31.034243" lon="78.180210"><ele>3360.809</ele><time>2023-02-14T23:48:15Z</time></trkpt><trkpt lat="31.034215" lon="78.180162"><ele>3361.996</ele><time>2023-02-14T23:48:29Z</time></trkpt><trkpt lat="31.034193" lon="78.180114"><ele>3362.837</ele><time>2023-02-14T23:48:39Z</time></trkpt><trkpt lat="31.034163" lon="78.180074"><ele>3364.290</ele><time>2023-02-14T23:48:50Z</time></trkpt><trkpt lat="31.034146" lon="78.180019"><ele>3365.184</ele><time>2023-02-14T23:49:01Z</time></trkpt><trkpt lat="31.034141" lon="78.179964"><ele>3365.892</ele><time>2023-02-14T23:49:13Z</time></trkpt><trkpt lat="31.034131" lon="78.179912"><ele>3366.931</ele><time>2023-02-14T23:49:24Z</time></trkpt><trkpt lat="31.034116" lon="78.179859"><ele>3368.317</ele><time>2023-02-14T23:49:33Z</time></trkpt><trkpt lat="31.034109" lon="78.179806"><ele>3369.279</ele><time>2023-02-14T23:49:42Z</time></trkpt><trkpt lat="31.034132" lon="78.179746"><ele>3368.774</ele><time>2023-02-14T23:50:18Z</time></trkpt><trkpt lat="31.034087" lon="78.179648"><ele>3372.032</ele><time>2023-02-14T23:50:39Z</time></trkpt><trkpt lat="31.034045" lon="78.179611"><ele>3374.392</ele><time>2023-02-14T23:50:52Z</time></trkpt><trkpt lat="31.033982" lon="78.179511"><ele>3378.011</ele><time>2023-02-14T23:51:26Z</time></trkpt><trkpt lat="31.033887" lon="78.179508"><ele>3382.209</ele><time>2023-02-14T23:51:59Z</time></trkpt><trkpt lat="31.033840" lon="78.179493"><ele>3384.484</ele><time>2023-02-14T23:52:09Z</time></trkpt><trkpt lat="31.033810" lon="78.179446"><ele>3385.965</ele><time>2023-02-14T23:52:16Z</time></trkpt><trkpt lat="31.033763" lon="78.179421"><ele>3388.088</ele><time>2023-02-14T23:52:24Z</time></trkpt><trkpt lat="31.033743" lon="78.179346"><ele>3389.142</ele><time>2023-02-14T23:54:02Z</time></trkpt><trkpt lat="31.033691" lon="78.179333"><ele>3391.320</ele><time>2023-02-14T23:54:08Z</time></trkpt><trkpt lat="31.033648" lon="78.179315"><ele>3393.179</ele><time>2023-02-14T23:54:16Z</time></trkpt><trkpt lat="31.033598" lon="78.179302"><ele>3395.175</ele><time>2023-02-14T23:54:23Z</time></trkpt><trkpt lat="31.033558" lon="78.179274"><ele>3396.727</ele><time>2023-02-14T23:54:30Z</time></trkpt><trkpt lat="31.033510" lon="78.179261"><ele>3398.562</ele><time>2023-02-14T23:54:39Z</time></trkpt><trkpt lat="31.033463" lon="78.179231"><ele>3400.334</ele><time>2023-02-14T23:54:46Z</time></trkpt><trkpt lat="31.033448" lon="78.179174"><ele>3400.855</ele><time>2023-02-14T23:54:54Z</time></trkpt><trkpt lat="31.033405" lon="78.179134"><ele>3401.910</ele><time>2023-02-14T23:55:12Z</time></trkpt><trkpt lat="31.033343" lon="78.179119"><ele>3404.109</ele><time>2023-02-14T23:55:29Z</time></trkpt><trkpt lat="31.033291" lon="78.179114"><ele>3405.574</ele><time>2023-02-14T23:55:37Z</time></trkpt><trkpt lat="31.033241" lon="78.179127"><ele>3407.035</ele><time>2023-02-14T23:55:46Z</time></trkpt><trkpt lat="31.033194" lon="78.179127"><ele>3408.258</ele><time>2023-02-14T23:55:56Z</time></trkpt><trkpt lat="31.033147" lon="78.179142"><ele>3409.682</ele><time>2023-02-14T23:56:04Z</time></trkpt><trkpt lat="31.033100" lon="78.179117"><ele>3410.690</ele><time>2023-02-14T23:56:14Z</time></trkpt><trkpt lat="31.033070" lon="78.179077"><ele>3410.959</ele><time>2023-02-14T23:56:21Z</time></trkpt><trkpt lat="31.033085" lon="78.179022"><ele>3409.985</ele><time>2023-02-14T23:56:30Z</time></trkpt><trkpt lat="31.033112" lon="78.178969"><ele>3408.627</ele><time>2023-02-14T23:56:38Z</time></trkpt><trkpt lat="31.033097" lon="78.178909"><ele>3408.362</ele><time>2023-02-14T23:56:54Z</time></trkpt><trkpt lat="31.033054" lon="78.178936"><ele>3409.855</ele><time>2023-02-14T23:57:05Z</time></trkpt><trkpt lat="31.033012" lon="78.178964"><ele>3411.207</ele><time>2023-02-14T23:57:13Z</time></trkpt><trkpt lat="31.032965" lon="78.178959"><ele>3412.517</ele><time>2023-02-14T23:57:26Z</time></trkpt><trkpt lat="31.032920" lon="78.178936"><ele>3413.409</ele><time>2023-02-14T23:57:35Z</time></trkpt><trkpt lat="31.032890" lon="78.178894"><ele>3413.876</ele><time>2023-02-14T23:57:45Z</time></trkpt><trkpt lat="31.032872" lon="78.178839"><ele>3413.757</ele><time>2023-02-14T23:57:53Z</time></trkpt><trkpt lat="31.032865" lon="78.178786"><ele>3413.390</ele><time>2023-02-14T23:58:01Z</time></trkpt><trkpt lat="31.032872" lon="78.178728"><ele>3412.534</ele><time>2023-02-14T23:58:29Z</time></trkpt><trkpt lat="31.032890" lon="78.178676"><ele>3411.492</ele><time>2023-02-14T23:58:36Z</time></trkpt><trkpt lat="31.032880" lon="78.178613"><ele>3411.061</ele><time>2023-02-14T23:59:49Z</time></trkpt><trkpt lat="31.032863" lon="78.178556"><ele>3410.987</ele><time>2023-02-14T23:59:54Z</time></trkpt><trkpt lat="31.032811" lon="78.178533"><ele>3412.159</ele><time>2023-02-15T00:00:03Z</time></trkpt><trkpt lat="31.032766" lon="78.178506"><ele>3413.114</ele><time>2023-02-15T00:00:10Z</time></trkpt><trkpt lat="31.032734" lon="78.178463"><ele>3413.676</ele><time>2023-02-15T00:00:16Z</time></trkpt><trkpt lat="31.032699" lon="78.178425"><ele>3414.290</ele><time>2023-02-15T00:00:24Z</time></trkpt><trkpt lat="31.032649" lon="78.178420"><ele>3415.619</ele><time>2023-02-15T00:00:34Z</time></trkpt><trkpt lat="31.032599" lon="78.178412"><ele>3416.909</ele><time>2023-02-15T00:00:43Z</time></trkpt><trkpt lat="31.032559" lon="78.178377"><ele>3417.788</ele><time>2023-02-15T00:00:52Z</time></trkpt><trkpt lat="31.032519" lon="78.178337"><ele>3418.589</ele><time>2023-02-15T00:01:00Z</time></trkpt><trkpt lat="31.032479" lon="78.178310"><ele>3419.612</ele><time>2023-02-15T00:01:10Z</time></trkpt><trkpt lat="31.032437" lon="78.178282"><ele>3420.826</ele><time>2023-02-15T00:01:17Z</time></trkpt><trkpt lat="31.032389" lon="78.178257"><ele>3422.234</ele><time>2023-02-15T00:01:27Z</time></trkpt><trkpt lat="31.032344" lon="78.178247"><ele>3423.483</ele><time>2023-02-15T00:01:34Z</time></trkpt><trkpt lat="31.032302" lon="78.178219"><ele>3424.649</ele><time>2023-02-15T00:01:41Z</time></trkpt><trkpt lat="31.032257" lon="78.178196"><ele>3425.861</ele><time>2023-02-15T00:01:50Z</time></trkpt><trkpt lat="31.032215" lon="78.178169"><ele>3426.936</ele><time>2023-02-15T00:01:59Z</time></trkpt><trkpt lat="31.032172" lon="78.178151"><ele>3428.052</ele><time>2023-02-15T00:02:08Z</time></trkpt><trkpt lat="31.032125" lon="78.178158"><ele>3429.353</ele><time>2023-02-15T00:02:15Z</time></trkpt><trkpt lat="31.032078" lon="78.178150"><ele>3430.508</ele><time>2023-02-15T00:02:25Z</time></trkpt><trkpt lat="31.032031" lon="78.178137"><ele>3431.709</ele><time>2023-02-15T00:02:35Z</time></trkpt><trkpt lat="31.031991" lon="78.178110"><ele>3432.656</ele><time>2023-02-15T00:02:43Z</time></trkpt><trkpt lat="31.031943" lon="78.178108"><ele>3433.927</ele><time>2023-02-15T00:02:54Z</time></trkpt><trkpt lat="31.031885" lon="78.178113"><ele>3435.480</ele><time>2023-02-15T00:06:27Z</time></trkpt><trkpt lat="31.031907" lon="78.178055"><ele>3434.584</ele><time>2023-02-15T00:11:50Z</time></trkpt><trkpt lat="31.031894" lon="78.178110"><ele>3435.212</ele><time>2023-02-15T00:23:53Z</time></trkpt><trkpt lat="31.031852" lon="78.178138"><ele>3436.431</ele><time>2023-02-15T00:24:04Z</time></trkpt><trkpt lat="31.031807" lon="78.178148"><ele>3437.787</ele><time>2023-02-15T00:24:14Z</time></trkpt><trkpt lat="31.031757" lon="78.178158"><ele>3439.159</ele><time>2023-02-15T00:24:23Z</time></trkpt><trkpt lat="31.031710" lon="78.178166"><ele>3440.484</ele><time>2023-02-15T00:24:31Z</time></trkpt><trkpt lat="31.031665" lon="78.178186"><ele>3441.815</ele><time>2023-02-15T00:24:39Z</time></trkpt><trkpt lat="31.031622" lon="78.178204"><ele>3442.365</ele><time>2023-02-15T00:24:54Z</time></trkpt><trkpt lat="31.031594" lon="78.178249"><ele>3442.811</ele><time>2023-02-15T00:25:14Z</time></trkpt><trkpt lat="31.031596" lon="78.178302"><ele>3443.109</ele><time>2023-02-15T00:25:21Z</time></trkpt><trkpt lat="31.031611" lon="78.178355"><ele>3443.682</ele><time>2023-02-15T00:25:30Z</time></trkpt><trkpt lat="31.031584" lon="78.178400"><ele>3444.523</ele><time>2023-02-15T00:25:38Z</time></trkpt><trkpt lat="31.031559" lon="78.178450"><ele>3445.466</ele><time>2023-02-15T00:25:48Z</time></trkpt><trkpt lat="31.031512" lon="78.178465"><ele>3445.910</ele><time>2023-02-15T00:25:57Z</time></trkpt><trkpt lat="31.031489" lon="78.178418"><ele>3445.288</ele><time>2023-02-15T00:26:10Z</time></trkpt><trkpt lat="31.031479" lon="78.178366"><ele>3444.397</ele><time>2023-02-15T00:26:19Z</time></trkpt><trkpt lat="31.031451" lon="78.178324"><ele>3443.873</ele><time>2023-02-15T00:26:27Z</time></trkpt><trkpt lat="31.031396" lon="78.178302"><ele>3444.135</ele><time>2023-02-15T00:26:43Z</time></trkpt><trkpt lat="31.031356" lon="78.178275"><ele>3444.480</ele><time>2023-02-15T00:26:52Z</time></trkpt><trkpt lat="31.031328" lon="78.178232"><ele>3444.817</ele><time>2023-02-15T00:26:58Z</time></trkpt><trkpt lat="31.031290" lon="78.178195"><ele>3445.487</ele><time>2023-02-15T00:27:11Z</time></trkpt><trkpt lat="31.031247" lon="78.178175"><ele>3446.015</ele><time>2023-02-15T00:27:21Z</time></trkpt><trkpt lat="31.031204" lon="78.178160"><ele>3446.609</ele><time>2023-02-15T00:27:31Z</time></trkpt><trkpt lat="31.031149" lon="78.178148"><ele>3447.352</ele><time>2023-02-15T00:27:47Z</time></trkpt><trkpt lat="31.031094" lon="78.178138"><ele>3448.163</ele><time>2023-02-15T00:28:39Z</time></trkpt><trkpt lat="31.031059" lon="78.178095"><ele>3449.296</ele><time>2023-02-15T00:28:46Z</time></trkpt><trkpt lat="31.031009" lon="78.178075"><ele>3450.350</ele><time>2023-02-15T00:28:58Z</time></trkpt><trkpt lat="31.030964" lon="78.178075"><ele>3450.988</ele><time>2023-02-15T00:29:08Z</time></trkpt><trkpt lat="31.030916" lon="78.178070"><ele>3451.727</ele><time>2023-02-15T00:29:20Z</time></trkpt><trkpt lat="31.030864" lon="78.178070"><ele>3452.523</ele><time>2023-02-15T00:29:31Z</time></trkpt><trkpt lat="31.030737" lon="78.178092"><ele>3456.425</ele><time>2023-02-15T00:30:26Z</time></trkpt><trkpt lat="31.030690" lon="78.178075"><ele>3458.870</ele><time>2023-02-15T00:30:36Z</time></trkpt><trkpt lat="31.030597" lon="78.178050"><ele>3463.223</ele><time>2023-02-15T00:31:20Z</time></trkpt><trkpt lat="31.030545" lon="78.178038"><ele>3465.583</ele><time>2023-02-15T00:31:36Z</time></trkpt><trkpt lat="31.030497" lon="78.178031"><ele>3467.611</ele><time>2023-02-15T00:31:49Z</time></trkpt><trkpt lat="31.030452" lon="78.178038"><ele>3469.309</ele><time>2023-02-15T00:32:04Z</time></trkpt><trkpt lat="31.030404" lon="78.178043"><ele>3471.243</ele><time>2023-02-15T00:32:15Z</time></trkpt><trkpt lat="31.030361" lon="78.178025"><ele>3473.294</ele><time>2023-02-15T00:32:23Z</time></trkpt><trkpt lat="31.030326" lon="78.177992"><ele>3475.037</ele><time>2023-02-15T00:32:33Z</time></trkpt><trkpt lat="31.030298" lon="78.177949"><ele>3476.671</ele><time>2023-02-15T00:32:45Z</time></trkpt><trkpt lat="31.030256" lon="78.177927"><ele>3478.489</ele><time>2023-02-15T00:32:55Z</time></trkpt><trkpt lat="31.030221" lon="78.177885"><ele>3480.198</ele><time>2023-02-15T00:33:04Z</time></trkpt><trkpt lat="31.030186" lon="78.177848"><ele>3481.684</ele><time>2023-02-15T00:33:17Z</time></trkpt><trkpt lat="31.030153" lon="78.177808"><ele>3483.056</ele><time>2023-02-15T00:33:28Z</time></trkpt><trkpt lat="31.030105" lon="78.177815"><ele>3484.661</ele><time>2023-02-15T00:33:39Z</time></trkpt><trkpt lat="31.030047" lon="78.177807"><ele>3486.734</ele><time>2023-02-15T00:34:00Z</time></trkpt><trkpt lat="31.029974" lon="78.177750"><ele>3489.455</ele><time>2023-02-15T00:34:53Z</time></trkpt><trkpt lat="31.029927" lon="78.177755"><ele>3491.310</ele><time>2023-02-15T00:35:16Z</time></trkpt><trkpt lat="31.029845" lon="78.177697"><ele>3494.809</ele><time>2023-02-15T00:36:03Z</time></trkpt><trkpt lat="31.029787" lon="78.177670"><ele>3497.234</ele><time>2023-02-15T00:36:43Z</time></trkpt><trkpt lat="31.029742" lon="78.177672"><ele>3499.035</ele><time>2023-02-15T00:36:53Z</time></trkpt><trkpt lat="31.029685" lon="78.177629"><ele>3501.678</ele><time>2023-02-15T00:37:31Z</time></trkpt><trkpt lat="31.029617" lon="78.177602"><ele>3504.552</ele><time>2023-02-15T00:38:05Z</time></trkpt><trkpt lat="31.029592" lon="78.177554"><ele>3505.820</ele><time>2023-02-15T00:38:14Z</time></trkpt><trkpt lat="31.029482" lon="78.177482"><ele>3510.679</ele><time>2023-02-15T00:39:12Z</time></trkpt><trkpt lat="31.029435" lon="78.177460"><ele>3512.585</ele><time>2023-02-15T00:40:04Z</time></trkpt><trkpt lat="31.029378" lon="78.177412"><ele>3514.627</ele><time>2023-02-15T00:40:49Z</time></trkpt><trkpt lat="31.029331" lon="78.177404"><ele>3516.622</ele><time>2023-02-15T00:41:10Z</time></trkpt><trkpt lat="31.029289" lon="78.177426"><ele>3518.558</ele><time>2023-02-15T00:41:57Z</time></trkpt><trkpt lat="31.029236" lon="78.177438"><ele>3520.952</ele><time>2023-02-15T00:42:42Z</time></trkpt><trkpt lat="31.029189" lon="78.177448"><ele>3522.917</ele><time>2023-02-15T00:43:01Z</time></trkpt><trkpt lat="31.029087" lon="78.177460"><ele>3525.909</ele><time>2023-02-15T00:44:16Z</time></trkpt><trkpt lat="31.029007" lon="78.177442"><ele>3527.966</ele><time>2023-02-15T00:45:06Z</time></trkpt><trkpt lat="31.028962" lon="78.177434"><ele>3529.077</ele><time>2023-02-15T00:45:26Z</time></trkpt><trkpt lat="31.028879" lon="78.177446"><ele>3531.180</ele><time>2023-02-15T00:46:32Z</time></trkpt><trkpt lat="31.028831" lon="78.177444"><ele>3532.324</ele><time>2023-02-15T00:46:57Z</time></trkpt><trkpt lat="31.028786" lon="78.177437"><ele>3533.572</ele><time>2023-02-15T00:47:13Z</time></trkpt><trkpt lat="31.028739" lon="78.177422"><ele>3534.831</ele><time>2023-02-15T00:47:38Z</time></trkpt><trkpt lat="31.028687" lon="78.177384"><ele>3536.487</ele><time>2023-02-15T00:48:01Z</time></trkpt><trkpt lat="31.028644" lon="78.177367"><ele>3537.719</ele><time>2023-02-15T00:48:16Z</time></trkpt><trkpt lat="31.028589" lon="78.177352"><ele>3539.484</ele><time>2023-02-15T00:48:22Z</time></trkpt><trkpt lat="31.028554" lon="78.177319"><ele>3540.783</ele><time>2023-02-15T00:48:27Z</time></trkpt><trkpt lat="31.028504" lon="78.177311"><ele>3542.225</ele><time>2023-02-15T00:48:33Z</time></trkpt><trkpt lat="31.028457" lon="78.177309"><ele>3543.517</ele><time>2023-02-15T00:48:39Z</time></trkpt><trkpt lat="31.028410" lon="78.177321"><ele>3544.709</ele><time>2023-02-15T00:48:46Z</time></trkpt><trkpt lat="31.028365" lon="78.177311"><ele>3546.179</ele><time>2023-02-15T00:48:51Z</time></trkpt><trkpt lat="31.028315" lon="78.177308"><ele>3547.750</ele><time>2023-02-15T00:49:03Z</time></trkpt><trkpt lat="31.028270" lon="78.177296"><ele>3549.583</ele><time>2023-02-15T00:49:10Z</time></trkpt><trkpt lat="31.028225" lon="78.177271"><ele>3551.477</ele><time>2023-02-15T00:49:21Z</time></trkpt><trkpt lat="31.028187" lon="78.177236"><ele>3553.295</ele><time>2023-02-15T00:49:32Z</time></trkpt><trkpt lat="31.028137" lon="78.177206"><ele>3555.334</ele><time>2023-02-15T00:49:45Z</time></trkpt><trkpt lat="31.028110" lon="78.177158"><ele>3556.660</ele><time>2023-02-15T00:49:55Z</time></trkpt><trkpt lat="31.028085" lon="78.177110"><ele>3557.992</ele><time>2023-02-15T00:50:03Z</time></trkpt><trkpt lat="31.028047" lon="78.177075"><ele>3559.387</ele><time>2023-02-15T00:50:11Z</time></trkpt><trkpt lat="31.028002" lon="78.177058"><ele>3560.897</ele><time>2023-02-15T00:50:17Z</time></trkpt><trkpt lat="31.027962" lon="78.177016"><ele>3562.223</ele><time>2023-02-15T00:50:26Z</time></trkpt><trkpt lat="31.027944" lon="78.176968"><ele>3563.025</ele><time>2023-02-15T00:50:32Z</time></trkpt><trkpt lat="31.027906" lon="78.176938"><ele>3564.109</ele><time>2023-02-15T00:50:38Z</time></trkpt><trkpt lat="31.027893" lon="78.176880"><ele>3564.760</ele><time>2023-02-15T00:50:48Z</time></trkpt><trkpt lat="31.027868" lon="78.176830"><ele>3565.521</ele><time>2023-02-15T00:50:55Z</time></trkpt><trkpt lat="31.027835" lon="78.176790"><ele>3566.324</ele><time>2023-02-15T00:51:04Z</time></trkpt><trkpt lat="31.027807" lon="78.176748"><ele>3567.068</ele><time>2023-02-15T00:51:15Z</time></trkpt><trkpt lat="31.027772" lon="78.176691"><ele>3567.816</ele><time>2023-02-15T00:51:35Z</time></trkpt><trkpt lat="31.027727" lon="78.176669"><ele>3568.645</ele><time>2023-02-15T00:51:43Z</time></trkpt><trkpt lat="31.027685" lon="78.176639"><ele>3569.521</ele><time>2023-02-15T00:51:51Z</time></trkpt><trkpt lat="31.027643" lon="78.176669"><ele>3570.343</ele><time>2023-02-15T00:52:02Z</time></trkpt><trkpt lat="31.027605" lon="78.176704"><ele>3571.128</ele><time>2023-02-15T00:52:20Z</time></trkpt><trkpt lat="31.027573" lon="78.176744"><ele>3572.021</ele><time>2023-02-15T00:52:30Z</time></trkpt><trkpt lat="31.027526" lon="78.176744"><ele>3573.041</ele><time>2023-02-15T00:52:39Z</time></trkpt><trkpt lat="31.027486" lon="78.176717"><ele>3573.505</ele><time>2023-02-15T00:52:51Z</time></trkpt><trkpt lat="31.027454" lon="78.176675"><ele>3573.409</ele><time>2023-02-15T00:53:05Z</time></trkpt><trkpt lat="31.027406" lon="78.176597"><ele>3573.933</ele><time>2023-02-15T00:56:23Z</time></trkpt><trkpt lat="31.027353" lon="78.176569"><ele>3574.354</ele><time>2023-02-15T00:59:12Z</time></trkpt><trkpt lat="31.027311" lon="78.176529"><ele>3574.777</ele><time>2023-02-15T00:59:16Z</time></trkpt><trkpt lat="31.027281" lon="78.176482"><ele>3574.921</ele><time>2023-02-15T00:59:22Z</time></trkpt><trkpt lat="31.027243" lon="78.176432"><ele>3575.389</ele><time>2023-02-15T00:59:26Z</time></trkpt><trkpt lat="31.027211" lon="78.176384"><ele>3575.598</ele><time>2023-02-15T00:59:31Z</time></trkpt><trkpt lat="31.027176" lon="78.176326"><ele>3575.844</ele><time>2023-02-15T00:59:36Z</time></trkpt><trkpt lat="31.027156" lon="78.176274"><ele>3576.026</ele><time>2023-02-15T00:59:41Z</time></trkpt><trkpt lat="31.027126" lon="78.176226"><ele>3576.221</ele><time>2023-02-15T00:59:45Z</time></trkpt><trkpt lat="31.027099" lon="78.176168"><ele>3576.413</ele><time>2023-02-15T00:59:51Z</time></trkpt><trkpt lat="31.027061" lon="78.176123"><ele>3576.743</ele><time>2023-02-15T00:59:57Z</time></trkpt><trkpt lat="31.027011" lon="78.176103"><ele>3577.007</ele><time>2023-02-15T01:00:03Z</time></trkpt><trkpt lat="31.026968" lon="78.176076"><ele>3577.309</ele><time>2023-02-15T01:00:07Z</time></trkpt><trkpt lat="31.026928" lon="78.176051"><ele>3577.582</ele><time>2023-02-15T01:00:12Z</time></trkpt><trkpt lat="31.026888" lon="78.176021"><ele>3577.813</ele><time>2023-02-15T01:00:16Z</time></trkpt><trkpt lat="31.026835" lon="78.176003"><ele>3578.146</ele><time>2023-02-15T01:00:22Z</time></trkpt><trkpt lat="31.026790" lon="78.175991"><ele>3578.420</ele><time>2023-02-15T01:00:28Z</time></trkpt><trkpt lat="31.026747" lon="78.175961"><ele>3578.628</ele><time>2023-02-15T01:00:33Z</time></trkpt><trkpt lat="31.026715" lon="78.175913"><ele>3578.897</ele><time>2023-02-15T01:00:37Z</time></trkpt><trkpt lat="31.026677" lon="78.175868"><ele>3579.033</ele><time>2023-02-15T01:00:45Z</time></trkpt><trkpt lat="31.026637" lon="78.175833"><ele>3579.715</ele><time>2023-02-15T01:00:51Z</time></trkpt><trkpt lat="31.026595" lon="78.175808"><ele>3580.670</ele><time>2023-02-15T01:00:58Z</time></trkpt><trkpt lat="31.026552" lon="78.175791"><ele>3581.667</ele><time>2023-02-15T01:01:04Z</time></trkpt><trkpt lat="31.026507" lon="78.175766"><ele>3582.581</ele><time>2023-02-15T01:01:12Z</time></trkpt><trkpt lat="31.026467" lon="78.175733"><ele>3583.119</ele><time>2023-02-15T01:01:19Z</time></trkpt><trkpt lat="31.026430" lon="78.175701"><ele>3583.709</ele><time>2023-02-15T01:01:30Z</time></trkpt><trkpt lat="31.026380" lon="78.175693"><ele>3584.717</ele><time>2023-02-15T01:01:38Z</time></trkpt><trkpt lat="31.026335" lon="78.175676"><ele>3585.558</ele><time>2023-02-15T01:01:43Z</time></trkpt><trkpt lat="31.026287" lon="78.175654"><ele>3586.371</ele><time>2023-02-15T01:01:50Z</time></trkpt><trkpt lat="31.026237" lon="78.175634"><ele>3587.155</ele><time>2023-02-15T01:01:56Z</time></trkpt><trkpt lat="31.026192" lon="78.175611"><ele>3587.763</ele><time>2023-02-15T01:02:04Z</time></trkpt><trkpt lat="31.026112" lon="78.175584"><ele>3588.962</ele><time>2023-02-15T01:02:26Z</time></trkpt><trkpt lat="31.026032" lon="78.175592"><ele>3590.648</ele><time>2023-02-15T01:02:52Z</time></trkpt><trkpt lat="31.025989" lon="78.175609"><ele>3591.790</ele><time>2023-02-15T01:03:18Z</time></trkpt><trkpt lat="31.025944" lon="78.175629"><ele>3592.985</ele><time>2023-02-15T01:03:32Z</time></trkpt><trkpt lat="31.025899" lon="78.175619"><ele>3593.658</ele><time>2023-02-15T01:03:45Z</time></trkpt><trkpt lat="31.025846" lon="78.175642"><ele>3595.152</ele><time>2023-02-15T01:04:22Z</time></trkpt><trkpt lat="31.025804" lon="78.175667"><ele>3596.717</ele><time>2023-02-15T01:04:39Z</time></trkpt><trkpt lat="31.025744" lon="78.175732"><ele>3599.409</ele><time>2023-02-15T01:05:48Z</time></trkpt><trkpt lat="31.025706" lon="78.175775"><ele>3600.866</ele><time>2023-02-15T01:06:26Z</time></trkpt><trkpt lat="31.025646" lon="78.175813"><ele>3602.587</ele><time>2023-02-15T01:07:13Z</time></trkpt><trkpt lat="31.025596" lon="78.175825"><ele>3603.510</ele><time>2023-02-15T01:07:56Z</time></trkpt><trkpt lat="31.025553" lon="78.175847"><ele>3604.384</ele><time>2023-02-15T01:08:08Z</time></trkpt><trkpt lat="31.025531" lon="78.175795"><ele>3604.892</ele><time>2023-02-15T01:08:47Z</time></trkpt><trkpt lat="31.025538" lon="78.175738"><ele>3604.721</ele><time>2023-02-15T01:08:53Z</time></trkpt><trkpt lat="31.025516" lon="78.175686"><ele>3605.417</ele><time>2023-02-15T01:09:03Z</time></trkpt><trkpt lat="31.025466" lon="78.175684"><ele>3606.819</ele><time>2023-02-15T01:09:21Z</time></trkpt><trkpt lat="31.025423" lon="78.175657"><ele>3608.354</ele><time>2023-02-15T01:10:28Z</time></trkpt><trkpt lat="31.025395" lon="78.175615"><ele>3609.631</ele><time>2023-02-15T01:10:34Z</time></trkpt><trkpt lat="31.025338" lon="78.175575"><ele>3612.061</ele><time>2023-02-15T01:11:04Z</time></trkpt><trkpt lat="31.025273" lon="78.175510"><ele>3615.607</ele><time>2023-02-15T01:11:42Z</time></trkpt><trkpt lat="31.025215" lon="78.175472"><ele>3618.709</ele><time>2023-02-15T01:11:59Z</time></trkpt><trkpt lat="31.025178" lon="78.175440"><ele>3621.164</ele><time>2023-02-15T01:12:08Z</time></trkpt><trkpt lat="31.025146" lon="78.175400"><ele>3623.675</ele><time>2023-02-15T01:12:47Z</time></trkpt><trkpt lat="31.025103" lon="78.175332"><ele>3627.798</ele><time>2023-02-15T01:13:06Z</time></trkpt><trkpt lat="31.025103" lon="78.175275"><ele>3629.362</ele><time>2023-02-15T01:16:06Z</time></trkpt><trkpt lat="31.025081" lon="78.175228"><ele>3632.040</ele><time>2023-02-15T01:16:17Z</time></trkpt><trkpt lat="31.025034" lon="78.175225"><ele>3634.929</ele><time>2023-02-15T01:16:28Z</time></trkpt><trkpt lat="31.024989" lon="78.175222"><ele>3636.995</ele><time>2023-02-15T01:16:40Z</time></trkpt><trkpt lat="31.024969" lon="78.175172"><ele>3638.797</ele><time>2023-02-15T01:17:03Z</time></trkpt><trkpt lat="31.024946" lon="78.175120"><ele>3640.592</ele><time>2023-02-15T01:18:16Z</time></trkpt><trkpt lat="31.024906" lon="78.175082"><ele>3641.724</ele><time>2023-02-15T01:18:29Z</time></trkpt><trkpt lat="31.024876" lon="78.175042"><ele>3643.104</ele><time>2023-02-15T01:18:38Z</time></trkpt><trkpt lat="31.024833" lon="78.175065"><ele>3642.114</ele><time>2023-02-15T01:18:57Z</time></trkpt><trkpt lat="31.024793" lon="78.175090"><ele>3641.009</ele><time>2023-02-15T01:19:07Z</time></trkpt><trkpt lat="31.024786" lon="78.175027"><ele>3643.493</ele><time>2023-02-15T01:19:23Z</time></trkpt><trkpt lat="31.024778" lon="78.174970"><ele>3644.884</ele><time>2023-02-15T01:22:22Z</time></trkpt><trkpt lat="31.024770" lon="78.174915"><ele>3645.497</ele><time>2023-02-15T01:22:30Z</time></trkpt><trkpt lat="31.024777" lon="78.174862"><ele>3646.091</ele><time>2023-02-15T01:22:39Z</time></trkpt><trkpt lat="31.024765" lon="78.174807"><ele>3646.779</ele><time>2023-02-15T01:22:49Z</time></trkpt><trkpt lat="31.024757" lon="78.174755"><ele>3647.458</ele><time>2023-02-15T01:22:58Z</time></trkpt><trkpt lat="31.024749" lon="78.174703"><ele>3648.184</ele><time>2023-02-15T01:23:10Z</time></trkpt><trkpt lat="31.024721" lon="78.174661"><ele>3649.176</ele><time>2023-02-15T01:23:32Z</time></trkpt><trkpt lat="31.024701" lon="78.174586"><ele>3650.691</ele><time>2023-02-15T01:24:00Z</time></trkpt><trkpt lat="31.024679" lon="78.174536"><ele>3651.827</ele><time>2023-02-15T01:24:17Z</time></trkpt><trkpt lat="31.024644" lon="78.174428"><ele>3654.668</ele><time>2023-02-15T01:26:27Z</time></trkpt><trkpt lat="31.024667" lon="78.174378"><ele>3654.814</ele><time>2023-02-15T01:26:39Z</time></trkpt><trkpt lat="31.024637" lon="78.174318"><ele>3656.909</ele><time>2023-02-15T01:27:15Z</time></trkpt><trkpt lat="31.024604" lon="78.174255"><ele>3659.383</ele><time>2023-02-15T01:27:39Z</time></trkpt><trkpt lat="31.024606" lon="78.174200"><ele>3660.324</ele><time>2023-02-15T01:28:10Z</time></trkpt><trkpt lat="31.024594" lon="78.174140"><ele>3662.117</ele><time>2023-02-15T01:28:25Z</time></trkpt><trkpt lat="31.024607" lon="78.174082"><ele>3662.631</ele><time>2023-02-15T01:29:05Z</time></trkpt><trkpt lat="31.024579" lon="78.174037"><ele>3664.779</ele><time>2023-02-15T01:30:03Z</time></trkpt><trkpt lat="31.024556" lon="78.173990"><ele>3666.698</ele><time>2023-02-15T01:30:10Z</time></trkpt><trkpt lat="31.024533" lon="78.173943"><ele>3668.594</ele><time>2023-02-15T01:30:17Z</time></trkpt><trkpt lat="31.024541" lon="78.173886"><ele>3669.216</ele><time>2023-02-15T01:30:23Z</time></trkpt><trkpt lat="31.024524" lon="78.173834"><ele>3670.931</ele><time>2023-02-15T01:30:31Z</time></trkpt><trkpt lat="31.024501" lon="78.173789"><ele>3672.844</ele><time>2023-02-15T01:30:37Z</time></trkpt><trkpt lat="31.024491" lon="78.173732"><ele>3674.305</ele><time>2023-02-15T01:30:44Z</time></trkpt><trkpt lat="31.024473" lon="78.173675"><ele>3676.215</ele><time>2023-02-15T01:30:53Z</time></trkpt><trkpt lat="31.024443" lon="78.173632"><ele>3678.309</ele><time>2023-02-15T01:31:01Z</time></trkpt><trkpt lat="31.024426" lon="78.173579"><ele>3680.115</ele><time>2023-02-15T01:31:09Z</time></trkpt><trkpt lat="31.024418" lon="78.173526"><ele>3681.436</ele><time>2023-02-15T01:31:17Z</time></trkpt><trkpt lat="31.024416" lon="78.173473"><ele>3682.549</ele><time>2023-02-15T01:31:38Z</time></trkpt><trkpt lat="31.024421" lon="78.173420"><ele>3683.363</ele><time>2023-02-15T01:31:49Z</time></trkpt><trkpt lat="31.024418" lon="78.173365"><ele>3684.551</ele><time>2023-02-15T01:32:24Z</time></trkpt><trkpt lat="31.024375" lon="78.173325"><ele>3687.130</ele><time>2023-02-15T01:33:07Z</time></trkpt><trkpt lat="31.024328" lon="78.173298"><ele>3689.496</ele><time>2023-02-15T01:33:18Z</time></trkpt><trkpt lat="31.024320" lon="78.173246"><ele>3690.488</ele><time>2023-02-15T01:33:36Z</time></trkpt><trkpt lat="31.024285" lon="78.173203"><ele>3692.353</ele><time>2023-02-15T01:34:15Z</time></trkpt><trkpt lat="31.024228" lon="78.173195"><ele>3694.831</ele><time>2023-02-15T01:35:19Z</time></trkpt><trkpt lat="31.024191" lon="78.173235"><ele>3695.961</ele><time>2023-02-15T01:35:37Z</time></trkpt><trkpt lat="31.024153" lon="78.173263"><ele>3697.207</ele><time>2023-02-15T01:35:47Z</time></trkpt><trkpt lat="31.024131" lon="78.173213"><ele>3698.709</ele><time>2023-02-15T01:35:55Z</time></trkpt><trkpt lat="31.024106" lon="78.173165"><ele>3700.454</ele><time>2023-02-15T01:36:04Z</time></trkpt><trkpt lat="31.024068" lon="78.173128"><ele>3702.755</ele><time>2023-02-15T01:36:16Z</time></trkpt><trkpt lat="31.024083" lon="78.173058"><ele>3703.018</ele><time>2023-02-15T01:36:34Z</time></trkpt><trkpt lat="31.024071" lon="78.172990"><ele>3704.722</ele><time>2023-02-15T01:37:20Z</time></trkpt><trkpt lat="31.024063" lon="78.172933"><ele>3706.070</ele><time>2023-02-15T01:37:32Z</time></trkpt><trkpt lat="31.024051" lon="78.172880"><ele>3707.629</ele><time>2023-02-15T01:37:46Z</time></trkpt><trkpt lat="31.024041" lon="78.172825"><ele>3709.235</ele><time>2023-02-15T01:38:03Z</time></trkpt><trkpt lat="31.024034" lon="78.172768"><ele>3710.727</ele><time>2023-02-15T01:38:51Z</time></trkpt><trkpt lat="31.024036" lon="78.172701"><ele>3711.782</ele><time>2023-02-15T01:39:10Z</time></trkpt><trkpt lat="31.024014" lon="78.172648"><ele>3714.453</ele><time>2023-02-15T01:39:22Z</time></trkpt><trkpt lat="31.023961" lon="78.172550"><ele>3720.704</ele><time>2023-02-15T01:39:58Z</time></trkpt><trkpt lat="31.023926" lon="78.172508"><ele>3724.614</ele><time>2023-02-15T01:40:30Z</time></trkpt><trkpt lat="31.023888" lon="78.172476"><ele>3728.209</ele><time>2023-02-15T01:40:55Z</time></trkpt><trkpt lat="31.023846" lon="78.172453"><ele>3731.946</ele><time>2023-02-15T01:41:20Z</time></trkpt><trkpt lat="31.023803" lon="78.172435"><ele>3735.647</ele><time>2023-02-15T01:41:48Z</time></trkpt><trkpt lat="31.023756" lon="78.172483"><ele>3739.540</ele><time>2023-02-15T01:42:14Z</time></trkpt><trkpt lat="31.023743" lon="78.172430"><ele>3740.614</ele><time>2023-02-15T01:43:29Z</time></trkpt><trkpt lat="31.023721" lon="78.172377"><ele>3742.312</ele><time>2023-02-15T01:43:42Z</time></trkpt><trkpt lat="31.023689" lon="78.172337"><ele>3744.851</ele><time>2023-02-15T01:44:02Z</time></trkpt><trkpt lat="31.023662" lon="78.172294"><ele>3746.887</ele><time>2023-02-15T01:44:13Z</time></trkpt><trkpt lat="31.023624" lon="78.172249"><ele>3749.429</ele><time>2023-02-15T01:44:26Z</time></trkpt><trkpt lat="31.023599" lon="78.172204"><ele>3751.064</ele><time>2023-02-15T01:44:35Z</time></trkpt><trkpt lat="31.023557" lon="78.172171"><ele>3753.759</ele><time>2023-02-15T01:44:44Z</time></trkpt><trkpt lat="31.023522" lon="78.172131"><ele>3755.803</ele><time>2023-02-15T01:44:52Z</time></trkpt><trkpt lat="31.023482" lon="78.172096"><ele>3758.223</ele><time>2023-02-15T01:44:58Z</time></trkpt><trkpt lat="31.023434" lon="78.172079"><ele>3761.209</ele><time>2023-02-15T01:45:06Z</time></trkpt><trkpt lat="31.023386" lon="78.172056"><ele>3764.076</ele><time>2023-02-15T01:45:12Z</time></trkpt><trkpt lat="31.023341" lon="78.172041"><ele>3766.747</ele><time>2023-02-15T01:45:18Z</time></trkpt><trkpt lat="31.023294" lon="78.172024"><ele>3768.270</ele><time>2023-02-15T01:45:22Z</time></trkpt><trkpt lat="31.023247" lon="78.172012"><ele>3769.594</ele><time>2023-02-15T01:45:28Z</time></trkpt><trkpt lat="31.023204" lon="78.171995"><ele>3770.732</ele><time>2023-02-15T01:45:38Z</time></trkpt><trkpt lat="31.023157" lon="78.172002"><ele>3772.441</ele><time>2023-02-15T01:45:47Z</time></trkpt><trkpt lat="31.023109" lon="78.172015"><ele>3774.267</ele><time>2023-02-15T01:45:53Z</time></trkpt><trkpt lat="31.023062" lon="78.172012"><ele>3775.749</ele><time>2023-02-15T01:46:00Z</time></trkpt><trkpt lat="31.023015" lon="78.172002"><ele>3777.324</ele><time>2023-02-15T01:46:07Z</time></trkpt><trkpt lat="31.022972" lon="78.171984"><ele>3778.616</ele><time>2023-02-15T01:46:20Z</time></trkpt><trkpt lat="31.022929" lon="78.172009"><ele>3780.276</ele><time>2023-02-15T01:46:29Z</time></trkpt><trkpt lat="31.022882" lon="78.172004"><ele>3781.813</ele><time>2023-02-15T01:46:38Z</time></trkpt><trkpt lat="31.022837" lon="78.172024"><ele>3783.309</ele><time>2023-02-15T01:46:46Z</time></trkpt><trkpt lat="31.022787" lon="78.172016"><ele>3785.082</ele><time>2023-02-15T01:46:55Z</time></trkpt><trkpt lat="31.022739" lon="78.171999"><ele>3786.783</ele><time>2023-02-15T01:47:01Z</time></trkpt><trkpt lat="31.022706" lon="78.171957"><ele>3788.136</ele><time>2023-02-15T01:47:08Z</time></trkpt><trkpt lat="31.022669" lon="78.171917"><ele>3789.860</ele><time>2023-02-15T01:47:15Z</time></trkpt><trkpt lat="31.022622" lon="78.171914"><ele>3791.558</ele><time>2023-02-15T01:47:22Z</time></trkpt><trkpt lat="31.022582" lon="78.171947"><ele>3792.767</ele><time>2023-02-15T01:47:28Z</time></trkpt><trkpt lat="31.022537" lon="78.171975"><ele>3793.983</ele><time>2023-02-15T01:47:33Z</time></trkpt><trkpt lat="31.022500" lon="78.172018"><ele>3794.585</ele><time>2023-02-15T01:47:39Z</time></trkpt><trkpt lat="31.022457" lon="78.172041"><ele>3792.990</ele><time>2023-02-15T01:47:45Z</time></trkpt><trkpt lat="31.022409" lon="78.172049"><ele>3791.485</ele><time>2023-02-15T01:47:55Z</time></trkpt><trkpt lat="31.022556" lon="78.171971"><ele>3793.389</ele><time>2023-02-15T03:51:21Z</time></trkpt><trkpt lat="31.022593" lon="78.171933"><ele>3792.417</ele><time>2023-02-15T03:51:26Z</time></trkpt><trkpt lat="31.022628" lon="78.171890"><ele>3791.609</ele><time>2023-02-15T03:51:33Z</time></trkpt><trkpt lat="31.022623" lon="78.171832"><ele>3792.479</ele><time>2023-02-15T03:51:39Z</time></trkpt><trkpt lat="31.022638" lon="78.171885"><ele>3791.280</ele><time>2023-02-15T03:52:29Z</time></trkpt><trkpt lat="31.022693" lon="78.171873"><ele>3789.233</ele><time>2023-02-15T03:52:39Z</time></trkpt><trkpt lat="31.022716" lon="78.171828"><ele>3788.617</ele><time>2023-02-15T03:52:43Z</time></trkpt><trkpt lat="31.022754" lon="78.171791"><ele>3787.235</ele><time>2023-02-15T03:52:49Z</time></trkpt><trkpt lat="31.022786" lon="78.171748"><ele>3786.024</ele><time>2023-02-15T03:52:56Z</time></trkpt><trkpt lat="31.022808" lon="78.171698"><ele>3785.180</ele><time>2023-02-15T03:53:02Z</time></trkpt><trkpt lat="31.022781" lon="78.171638"><ele>3785.792</ele><time>2023-02-15T03:53:12Z</time></trkpt><trkpt lat="31.022739" lon="78.171610"><ele>3786.867</ele><time>2023-02-15T03:53:16Z</time></trkpt><trkpt lat="31.022716" lon="78.171563"><ele>3786.247</ele><time>2023-02-15T03:53:21Z</time></trkpt><trkpt lat="31.022673" lon="78.171538"><ele>3787.129</ele><time>2023-02-15T03:53:31Z</time></trkpt><trkpt lat="31.022628" lon="78.171513"><ele>3787.921</ele><time>2023-02-15T03:53:46Z</time></trkpt><trkpt lat="31.022585" lon="78.171480"><ele>3788.209</ele><time>2023-02-15T03:53:52Z</time></trkpt><trkpt lat="31.022632" lon="78.171450"><ele>3785.475</ele><time>2023-02-15T03:55:17Z</time></trkpt><trkpt lat="31.022679" lon="78.171443"><ele>3783.596</ele><time>2023-02-15T03:55:23Z</time></trkpt><trkpt lat="31.022721" lon="78.171416"><ele>3781.399</ele><time>2023-02-15T03:57:48Z</time></trkpt><trkpt lat="31.022759" lon="78.171378"><ele>3778.923</ele><time>2023-02-15T04:01:36Z</time></trkpt><trkpt lat="31.022736" lon="78.171423"><ele>3781.041</ele><time>2023-02-15T04:02:03Z</time></trkpt><trkpt lat="31.022706" lon="78.171468"><ele>3783.590</ele><time>2023-02-15T04:02:14Z</time></trkpt><trkpt lat="31.022664" lon="78.171493"><ele>3785.886</ele><time>2023-02-15T04:03:44Z</time></trkpt><trkpt lat="31.022716" lon="78.171480"><ele>3783.588</ele><time>2023-02-15T04:05:02Z</time></trkpt><trkpt lat="31.022691" lon="78.171430"><ele>3782.723</ele><time>2023-02-15T04:05:21Z</time></trkpt><trkpt lat="31.022654" lon="78.171468"><ele>3785.344</ele><time>2023-02-15T04:06:22Z</time></trkpt><trkpt lat="31.022699" lon="78.171485"><ele>3784.305</ele><time>2023-02-15T04:07:54Z</time></trkpt><trkpt lat="31.022734" lon="78.171447"><ele>3781.815</ele><time>2023-02-15T04:08:02Z</time></trkpt><trkpt lat="31.022757" lon="78.171397"><ele>3779.509</ele><time>2023-02-15T04:11:58Z</time></trkpt><trkpt lat="31.022747" lon="78.171339"><ele>3778.155</ele><time>2023-02-15T04:12:05Z</time></trkpt><trkpt lat="31.022757" lon="78.171261"><ele>3775.446</ele><time>2023-02-15T04:12:07Z</time></trkpt><trkpt lat="31.022764" lon="78.171203"><ele>3773.679</ele><time>2023-02-15T04:12:11Z</time></trkpt><trkpt lat="31.022777" lon="78.171150"><ele>3771.823</ele><time>2023-02-15T04:12:24Z</time></trkpt><trkpt lat="31.022802" lon="78.171090"><ele>3769.891</ele><time>2023-02-15T04:12:35Z</time></trkpt><trkpt lat="31.022817" lon="78.171027"><ele>3768.020</ele><time>2023-02-15T04:12:37Z</time></trkpt><trkpt lat="31.022825" lon="78.170972"><ele>3766.516</ele><time>2023-02-15T04:12:39Z</time></trkpt><trkpt lat="31.022833" lon="78.170910"><ele>3764.978</ele><time>2023-02-15T04:12:45Z</time></trkpt><trkpt lat="31.022836" lon="78.170847"><ele>3763.473</ele><time>2023-02-15T04:12:52Z</time></trkpt><trkpt lat="31.022828" lon="78.170787"><ele>3761.182</ele><time>2023-02-15T04:12:56Z</time></trkpt><trkpt lat="31.022831" lon="78.170845"><ele>3763.343</ele><time>2023-02-15T04:13:11Z</time></trkpt><trkpt lat="31.022828" lon="78.170785"><ele>3761.017</ele><time>2023-02-15T04:13:26Z</time></trkpt><trkpt lat="31.022865" lon="78.170748"><ele>3759.709</ele><time>2023-02-15T04:13:41Z</time></trkpt><trkpt lat="31.022867" lon="78.170685"><ele>3757.269</ele><time>2023-02-15T04:13:47Z</time></trkpt><trkpt lat="31.022904" lon="78.170632"><ele>3755.290</ele><time>2023-02-15T04:13:51Z</time></trkpt><trkpt lat="31.022949" lon="78.170600"><ele>3754.243</ele><time>2023-02-15T04:13:58Z</time></trkpt><trkpt lat="31.022972" lon="78.170552"><ele>3752.337</ele><time>2023-02-15T04:14:02Z</time></trkpt><trkpt lat="31.023010" lon="78.170505"><ele>3750.665</ele><time>2023-02-15T04:14:07Z</time></trkpt><trkpt lat="31.023047" lon="78.170473"><ele>3749.424</ele><time>2023-02-15T04:14:10Z</time></trkpt><trkpt lat="31.023082" lon="78.170435"><ele>3748.120</ele><time>2023-02-15T04:14:13Z</time></trkpt><trkpt lat="31.023125" lon="78.170390"><ele>3746.442</ele><time>2023-02-15T04:14:16Z</time></trkpt><trkpt lat="31.023173" lon="78.170365"><ele>3745.647</ele><time>2023-02-15T04:14:19Z</time></trkpt><trkpt lat="31.023223" lon="78.170345"><ele>3745.068</ele><time>2023-02-15T04:14:22Z</time></trkpt><trkpt lat="31.023276" lon="78.170323"><ele>3744.342</ele><time>2023-02-15T04:14:26Z</time></trkpt><trkpt lat="31.023329" lon="78.170306"><ele>3743.826</ele><time>2023-02-15T04:14:31Z</time></trkpt><trkpt lat="31.023379" lon="78.170304"><ele>3742.909</ele><time>2023-02-15T04:15:27Z</time></trkpt><trkpt lat="31.023424" lon="78.170299"><ele>3741.837</ele><time>2023-02-15T04:15:31Z</time></trkpt><trkpt lat="31.023472" lon="78.170324"><ele>3741.888</ele><time>2023-02-15T04:15:37Z</time></trkpt><trkpt lat="31.023527" lon="78.170329"><ele>3740.881</ele><time>2023-02-15T04:15:42Z</time></trkpt><trkpt lat="31.023579" lon="78.170347"><ele>3740.265</ele><time>2023-02-15T04:15:47Z</time></trkpt><trkpt lat="31.023624" lon="78.170349"><ele>3739.393</ele><time>2023-02-15T04:15:51Z</time></trkpt><trkpt lat="31.023676" lon="78.170357"><ele>3738.322</ele><time>2023-02-15T04:15:56Z</time></trkpt><trkpt lat="31.023723" lon="78.170394"><ele>3738.098</ele><time>2023-02-15T04:16:01Z</time></trkpt><trkpt lat="31.023750" lon="78.170439"><ele>3738.270</ele><time>2023-02-15T04:16:05Z</time></trkpt><trkpt lat="31.023777" lon="78.170482"><ele>3738.285</ele><time>2023-02-15T04:16:08Z</time></trkpt><trkpt lat="31.023805" lon="78.170527"><ele>3738.066</ele><time>2023-02-15T04:16:11Z</time></trkpt><trkpt lat="31.023868" lon="78.170545"><ele>3736.229</ele><time>2023-02-15T04:16:15Z</time></trkpt><trkpt lat="31.023916" lon="78.170553"><ele>3734.721</ele><time>2023-02-15T04:16:18Z</time></trkpt><trkpt lat="31.023969" lon="78.170560"><ele>3733.009</ele><time>2023-02-15T04:16:21Z</time></trkpt><trkpt lat="31.024016" lon="78.170578"><ele>3731.527</ele><time>2023-02-15T04:16:25Z</time></trkpt><trkpt lat="31.024061" lon="78.170593"><ele>3729.998</ele><time>2023-02-15T04:16:30Z</time></trkpt><trkpt lat="31.024108" lon="78.170611"><ele>3728.261</ele><time>2023-02-15T04:16:35Z</time></trkpt><trkpt lat="31.024156" lon="78.170618"><ele>3726.425</ele><time>2023-02-15T04:16:39Z</time></trkpt><trkpt lat="31.024203" lon="78.170621"><ele>3724.473</ele><time>2023-02-15T04:16:47Z</time></trkpt><trkpt lat="31.024250" lon="78.170634"><ele>3722.412</ele><time>2023-02-15T04:16:55Z</time></trkpt><trkpt lat="31.024297" lon="78.170637"><ele>3720.398</ele><time>2023-02-15T04:17:05Z</time></trkpt><trkpt lat="31.024344" lon="78.170647"><ele>3718.320</ele><time>2023-02-15T04:17:11Z</time></trkpt><trkpt lat="31.024391" lon="78.170632"><ele>3716.335</ele><time>2023-02-15T04:17:16Z</time></trkpt><trkpt lat="31.024439" lon="78.170634"><ele>3714.235</ele><time>2023-02-15T04:17:24Z</time></trkpt><trkpt lat="31.024486" lon="78.170644"><ele>3712.286</ele><time>2023-02-15T04:17:29Z</time></trkpt><trkpt lat="31.024531" lon="78.170644"><ele>3710.314</ele><time>2023-02-15T04:17:35Z</time></trkpt><trkpt lat="31.024578" lon="78.170641"><ele>3708.309</ele><time>2023-02-15T04:17:41Z</time></trkpt><trkpt lat="31.024623" lon="78.170651"><ele>3706.474</ele><time>2023-02-15T04:17:50Z</time></trkpt><trkpt lat="31.024671" lon="78.170654"><ele>3704.365</ele><time>2023-02-15T04:18:01Z</time></trkpt><trkpt lat="31.024719" lon="78.170687"><ele>3702.478</ele><time>2023-02-15T04:18:06Z</time></trkpt><trkpt lat="31.024764" lon="78.170705"><ele>3700.662</ele><time>2023-02-15T04:18:13Z</time></trkpt><trkpt lat="31.024802" lon="78.170745"><ele>3699.340</ele><time>2023-02-15T04:18:20Z</time></trkpt><trkpt lat="31.024842" lon="78.170773"><ele>3697.849</ele><time>2023-02-15T04:18:31Z</time></trkpt><trkpt lat="31.024884" lon="78.170795"><ele>3696.375</ele><time>2023-02-15T04:18:41Z</time></trkpt><trkpt lat="31.024924" lon="78.170770"><ele>3694.537</ele><time>2023-02-15T04:18:56Z</time></trkpt><trkpt lat="31.024967" lon="78.170748"><ele>3692.542</ele><time>2023-02-15T04:19:05Z</time></trkpt><trkpt lat="31.025000" lon="78.170710"><ele>3690.836</ele><time>2023-02-15T04:19:17Z</time></trkpt><trkpt lat="31.025045" lon="78.170685"><ele>3688.117</ele><time>2023-02-15T04:19:33Z</time></trkpt><trkpt lat="31.025088" lon="78.170670"><ele>3685.718</ele><time>2023-02-15T04:19:44Z</time></trkpt><trkpt lat="31.025135" lon="78.170655"><ele>3683.109</ele><time>2023-02-15T04:19:55Z</time></trkpt><trkpt lat="31.025183" lon="78.170660"><ele>3680.534</ele><time>2023-02-15T04:20:03Z</time></trkpt><trkpt lat="31.025228" lon="78.170617"><ele>3677.975</ele><time>2023-02-15T04:20:12Z</time></trkpt><trkpt lat="31.025273" lon="78.170625"><ele>3675.678</ele><time>2023-02-15T04:20:25Z</time></trkpt><trkpt lat="31.025323" lon="78.170617"><ele>3672.962</ele><time>2023-02-15T04:20:34Z</time></trkpt><trkpt lat="31.025376" lon="78.170614"><ele>3670.110</ele><time>2023-02-15T04:20:42Z</time></trkpt><trkpt lat="31.025421" lon="78.170599"><ele>3667.859</ele><time>2023-02-15T04:20:49Z</time></trkpt><trkpt lat="31.025466" lon="78.170604"><ele>3665.415</ele><time>2023-02-15T04:21:01Z</time></trkpt><trkpt lat="31.025518" lon="78.170616"><ele>3662.767</ele><time>2023-02-15T04:21:06Z</time></trkpt><trkpt lat="31.025570" lon="78.170636"><ele>3659.942</ele><time>2023-02-15T04:21:13Z</time></trkpt><trkpt lat="31.025615" lon="78.170654"><ele>3657.415</ele><time>2023-02-15T04:21:22Z</time></trkpt><trkpt lat="31.025660" lon="78.170671"><ele>3654.965</ele><time>2023-02-15T04:21:30Z</time></trkpt><trkpt lat="31.025670" lon="78.170726"><ele>3654.011</ele><time>2023-02-15T04:22:00Z</time></trkpt><trkpt lat="31.025713" lon="78.170766"><ele>3651.409</ele><time>2023-02-15T04:23:49Z</time></trkpt><trkpt lat="31.025758" lon="78.170774"><ele>3648.862</ele><time>2023-02-15T04:23:52Z</time></trkpt><trkpt lat="31.025808" lon="78.170774"><ele>3646.013</ele><time>2023-02-15T04:23:56Z</time></trkpt><trkpt lat="31.025863" lon="78.170777"><ele>3643.386</ele><time>2023-02-15T04:24:01Z</time></trkpt><trkpt lat="31.025915" lon="78.170770"><ele>3641.290</ele><time>2023-02-15T04:24:06Z</time></trkpt><trkpt lat="31.025977" lon="78.170765"><ele>3638.738</ele><time>2023-02-15T04:24:08Z</time></trkpt><trkpt lat="31.026024" lon="78.170762"><ele>3636.737</ele><time>2023-02-15T04:24:11Z</time></trkpt><trkpt lat="31.026072" lon="78.170765"><ele>3634.743</ele><time>2023-02-15T04:24:14Z</time></trkpt><trkpt lat="31.026130" lon="78.170763"><ele>3632.395</ele><time>2023-02-15T04:24:17Z</time></trkpt><trkpt lat="31.026182" lon="78.170770"><ele>3630.190</ele><time>2023-02-15T04:24:20Z</time></trkpt><trkpt lat="31.026232" lon="78.170797"><ele>3627.951</ele><time>2023-02-15T04:24:26Z</time></trkpt><trkpt lat="31.026274" lon="78.170819"><ele>3626.101</ele><time>2023-02-15T04:24:29Z</time></trkpt><trkpt lat="31.026324" lon="78.170851"><ele>3623.711</ele><time>2023-02-15T04:24:34Z</time></trkpt><trkpt lat="31.026367" lon="78.170878"><ele>3621.609</ele><time>2023-02-15T04:24:42Z</time></trkpt><trkpt lat="31.026414" lon="78.170980"><ele>3618.266</ele><time>2023-02-15T04:24:58Z</time></trkpt><trkpt lat="31.026442" lon="78.171027"><ele>3616.477</ele><time>2023-02-15T04:25:02Z</time></trkpt><trkpt lat="31.026475" lon="78.171065"><ele>3614.490</ele><time>2023-02-15T04:25:05Z</time></trkpt><trkpt lat="31.026505" lon="78.171110"><ele>3612.454</ele><time>2023-02-15T04:25:10Z</time></trkpt><trkpt lat="31.026540" lon="78.171148"><ele>3610.372</ele><time>2023-02-15T04:25:15Z</time></trkpt><trkpt lat="31.026570" lon="78.171193"><ele>3608.351</ele><time>2023-02-15T04:25:20Z</time></trkpt><trkpt lat="31.026605" lon="78.171240"><ele>3605.967</ele><time>2023-02-15T04:25:25Z</time></trkpt><trkpt lat="31.026660" lon="78.171267"><ele>3603.069</ele><time>2023-02-15T04:25:29Z</time></trkpt><trkpt lat="31.026707" lon="78.171297"><ele>3600.464</ele><time>2023-02-15T04:25:33Z</time></trkpt><trkpt lat="31.026749" lon="78.171335"><ele>3597.951</ele><time>2023-02-15T04:25:37Z</time></trkpt><trkpt lat="31.026796" lon="78.171353"><ele>3595.501</ele><time>2023-02-15T04:25:43Z</time></trkpt><trkpt lat="31.026833" lon="78.171390"><ele>3593.311</ele><time>2023-02-15T04:25:50Z</time></trkpt><trkpt lat="31.026873" lon="78.171420"><ele>3591.209</ele><time>2023-02-15T04:25:55Z</time></trkpt><trkpt lat="31.026905" lon="78.171463"><ele>3589.376</ele><time>2023-02-15T04:26:00Z</time></trkpt><trkpt lat="31.026942" lon="78.171500"><ele>3587.347</ele><time>2023-02-15T04:26:08Z</time></trkpt><trkpt lat="31.026970" lon="78.171542"><ele>3585.740</ele><time>2023-02-15T04:26:18Z</time></trkpt><trkpt lat="31.027002" lon="78.171590"><ele>3583.994</ele><time>2023-02-15T04:26:29Z</time></trkpt><trkpt lat="31.027039" lon="78.171622"><ele>3582.182</ele><time>2023-02-15T04:26:44Z</time></trkpt><trkpt lat="31.027081" lon="78.171657"><ele>3580.281</ele><time>2023-02-15T04:26:50Z</time></trkpt><trkpt lat="31.027111" lon="78.171705"><ele>3578.697</ele><time>2023-02-15T04:26:57Z</time></trkpt><trkpt lat="31.027099" lon="78.171763"><ele>3578.619</ele><time>2023-02-15T04:27:18Z</time></trkpt><trkpt lat="31.027137" lon="78.171793"><ele>3576.994</ele><time>2023-02-15T04:28:11Z</time></trkpt><trkpt lat="31.027177" lon="78.171836"><ele>3575.136</ele><time>2023-02-15T04:28:16Z</time></trkpt><trkpt lat="31.027224" lon="78.171864"><ele>3573.217</ele><time>2023-02-15T04:28:22Z</time></trkpt><trkpt lat="31.027261" lon="78.171901"><ele>3571.618</ele><time>2023-02-15T04:28:25Z</time></trkpt><trkpt lat="31.027296" lon="78.171951"><ele>3570.109</ele><time>2023-02-15T04:28:35Z</time></trkpt><trkpt lat="31.027338" lon="78.171984"><ele>3568.464</ele><time>2023-02-15T04:28:39Z</time></trkpt><trkpt lat="31.027383" lon="78.172016"><ele>3566.785</ele><time>2023-02-15T04:28:44Z</time></trkpt><trkpt lat="31.027426" lon="78.172039"><ele>3565.138</ele><time>2023-02-15T04:28:48Z</time></trkpt><trkpt lat="31.027469" lon="78.172069"><ele>3563.622</ele><time>2023-02-15T04:28:53Z</time></trkpt><trkpt lat="31.027509" lon="78.172122"><ele>3562.170</ele><time>2023-02-15T04:29:10Z</time></trkpt><trkpt lat="31.027564" lon="78.172149"><ele>3560.329</ele><time>2023-02-15T04:29:15Z</time></trkpt><trkpt lat="31.027606" lon="78.172177"><ele>3558.985</ele><time>2023-02-15T04:29:20Z</time></trkpt><trkpt lat="31.027646" lon="78.172205"><ele>3557.557</ele><time>2023-02-15T04:29:29Z</time></trkpt><trkpt lat="31.027684" lon="78.172235"><ele>3556.222</ele><time>2023-02-15T04:31:04Z</time></trkpt><trkpt lat="31.027716" lon="78.172287"><ele>3555.053</ele><time>2023-02-15T04:31:38Z</time></trkpt><trkpt lat="31.027758" lon="78.172330"><ele>3553.604</ele><time>2023-02-15T04:31:44Z</time></trkpt><trkpt lat="31.027808" lon="78.172345"><ele>3551.914</ele><time>2023-02-15T04:31:49Z</time></trkpt><trkpt lat="31.027861" lon="78.172352"><ele>3550.309</ele><time>2023-02-15T04:31:55Z</time></trkpt><trkpt lat="31.027911" lon="78.172369"><ele>3548.616</ele><time>2023-02-15T04:32:00Z</time></trkpt><trkpt lat="31.027956" lon="78.172386"><ele>3547.287</ele><time>2023-02-15T04:32:06Z</time></trkpt><trkpt lat="31.027998" lon="78.172406"><ele>3545.870</ele><time>2023-02-15T04:32:11Z</time></trkpt><trkpt lat="31.028048" lon="78.172434"><ele>3544.184</ele><time>2023-02-15T04:32:16Z</time></trkpt><trkpt lat="31.028095" lon="78.172456"><ele>3542.672</ele><time>2023-02-15T04:32:21Z</time></trkpt><trkpt lat="31.028138" lon="78.172478"><ele>3541.261</ele><time>2023-02-15T04:32:26Z</time></trkpt><trkpt lat="31.028185" lon="78.172508"><ele>3539.627</ele><time>2023-02-15T04:32:31Z</time></trkpt><trkpt lat="31.028227" lon="78.172531"><ele>3538.169</ele><time>2023-02-15T04:32:36Z</time></trkpt><trkpt lat="31.028272" lon="78.172541"><ele>3536.724</ele><time>2023-02-15T04:32:42Z</time></trkpt><trkpt lat="31.028320" lon="78.172554"><ele>3535.125</ele><time>2023-02-15T04:32:48Z</time></trkpt><trkpt lat="31.028362" lon="78.172574"><ele>3534.326</ele><time>2023-02-15T04:32:57Z</time></trkpt><trkpt lat="31.028412" lon="78.172584"><ele>3533.708</ele><time>2023-02-15T04:33:03Z</time></trkpt><trkpt lat="31.028429" lon="78.172531"><ele>3533.709</ele><time>2023-02-15T04:33:15Z</time></trkpt><trkpt lat="31.028451" lon="78.172476"><ele>3533.683</ele><time>2023-02-15T04:33:24Z</time></trkpt><trkpt lat="31.028466" lon="78.172426"><ele>3533.474</ele><time>2023-02-15T04:33:31Z</time></trkpt><trkpt lat="31.028501" lon="78.172393"><ele>3532.917</ele><time>2023-02-15T04:33:54Z</time></trkpt><trkpt lat="31.028529" lon="78.172345"><ele>3532.571</ele><time>2023-02-15T04:34:01Z</time></trkpt><trkpt lat="31.028541" lon="78.172290"><ele>3532.239</ele><time>2023-02-15T04:34:08Z</time></trkpt><trkpt lat="31.028586" lon="78.172287"><ele>3531.478</ele><time>2023-02-15T04:34:18Z</time></trkpt><trkpt lat="31.028573" lon="78.172342"><ele>3531.884</ele><time>2023-02-15T04:34:29Z</time></trkpt><trkpt lat="31.028550" lon="78.172394"><ele>3532.236</ele><time>2023-02-15T04:34:37Z</time></trkpt><trkpt lat="31.028553" lon="78.172457"><ele>3532.391</ele><time>2023-02-15T04:34:56Z</time></trkpt><trkpt lat="31.028548" lon="78.172512"><ele>3532.462</ele><time>2023-02-15T04:35:00Z</time></trkpt><trkpt lat="31.028566" lon="78.172569"><ele>3531.983</ele><time>2023-02-15T04:35:08Z</time></trkpt><trkpt lat="31.028584" lon="78.172619"><ele>3531.511</ele><time>2023-02-15T04:35:14Z</time></trkpt><trkpt lat="31.028594" lon="78.172671"><ele>3531.209</ele><time>2023-02-15T04:35:20Z</time></trkpt><trkpt lat="31.028622" lon="78.172719"><ele>3530.767</ele><time>2023-02-15T04:35:25Z</time></trkpt><trkpt lat="31.028670" lon="78.172721"><ele>3530.178</ele><time>2023-02-15T04:35:29Z</time></trkpt><trkpt lat="31.028707" lon="78.172758"><ele>3529.611</ele><time>2023-02-15T04:35:33Z</time></trkpt><trkpt lat="31.028750" lon="78.172796"><ele>3528.915</ele><time>2023-02-15T04:35:38Z</time></trkpt><trkpt lat="31.028790" lon="78.172828"><ele>3528.483</ele><time>2023-02-15T04:35:43Z</time></trkpt><trkpt lat="31.028837" lon="78.172858"><ele>3527.852</ele><time>2023-02-15T04:35:49Z</time></trkpt><trkpt lat="31.028879" lon="78.172888"><ele>3527.248</ele><time>2023-02-15T04:35:53Z</time></trkpt><trkpt lat="31.028929" lon="78.172913"><ele>3526.660</ele><time>2023-02-15T04:35:58Z</time></trkpt><trkpt lat="31.028967" lon="78.172945"><ele>3526.155</ele><time>2023-02-15T04:36:04Z</time></trkpt><trkpt lat="31.029015" lon="78.172948"><ele>3525.512</ele><time>2023-02-15T04:37:01Z</time></trkpt><trkpt lat="31.029070" lon="78.172963"><ele>3524.932</ele><time>2023-02-15T04:42:22Z</time></trkpt><trkpt lat="31.029023" lon="78.172943"><ele>3525.505</ele><time>2023-02-15T04:42:58Z</time></trkpt><trkpt lat="31.028973" lon="78.172935"><ele>3526.009</ele><time>2023-02-15T04:43:04Z</time></trkpt><trkpt lat="31.028986" lon="78.172993"><ele>3525.762</ele><time>2023-02-15T04:46:17Z</time></trkpt><trkpt lat="31.028941" lon="78.173018"><ele>3526.123</ele><time>2023-02-15T04:47:48Z</time></trkpt><trkpt lat="31.028928" lon="78.173075"><ele>3526.176</ele><time>2023-02-15T04:48:17Z</time></trkpt><trkpt lat="31.028893" lon="78.173042"><ele>3526.690</ele><time>2023-02-15T04:48:51Z</time></trkpt><trkpt lat="31.028935" lon="78.173069"><ele>3526.058</ele><time>2023-02-15T04:49:15Z</time></trkpt><trkpt lat="31.028982" lon="78.173054"><ele>3525.677</ele><time>2023-02-15T04:49:27Z</time></trkpt><trkpt lat="31.029027" lon="78.173067"><ele>3525.133</ele><time>2023-02-15T04:49:40Z</time></trkpt><trkpt lat="31.029064" lon="78.173107"><ele>3524.625</ele><time>2023-02-15T04:49:48Z</time></trkpt><trkpt lat="31.029086" lon="78.173160"><ele>3524.220</ele><time>2023-02-15T04:49:55Z</time></trkpt><trkpt lat="31.029123" lon="78.173195"><ele>3523.814</ele><time>2023-02-15T04:50:04Z</time></trkpt><trkpt lat="31.029145" lon="78.173243"><ele>3523.454</ele><time>2023-02-15T04:50:12Z</time></trkpt><trkpt lat="31.029182" lon="78.173278"><ele>3522.909</ele><time>2023-02-15T04:50:20Z</time></trkpt><trkpt lat="31.029212" lon="78.173318"><ele>3522.509</ele><time>2023-02-15T04:50:29Z</time></trkpt><trkpt lat="31.029245" lon="78.173356"><ele>3521.582</ele><time>2023-02-15T04:50:36Z</time></trkpt><trkpt lat="31.029288" lon="78.173381"><ele>3520.473</ele><time>2023-02-15T04:50:43Z</time></trkpt><trkpt lat="31.029326" lon="78.173423"><ele>3519.076</ele><time>2023-02-15T04:50:50Z</time></trkpt><trkpt lat="31.029366" lon="78.173460"><ele>3517.770</ele><time>2023-02-15T04:50:56Z</time></trkpt><trkpt lat="31.029406" lon="78.173502"><ele>3516.318</ele><time>2023-02-15T04:51:01Z</time></trkpt><trkpt lat="31.029443" lon="78.173545"><ele>3514.957</ele><time>2023-02-15T04:51:06Z</time></trkpt><trkpt lat="31.029501" lon="78.173598"><ele>3513.063</ele><time>2023-02-15T04:53:56Z</time></trkpt><trkpt lat="31.029439" lon="78.173568"><ele>3514.455</ele><time>2023-02-15T04:59:30Z</time></trkpt><trkpt lat="31.029469" lon="78.173613"><ele>3513.040</ele><time>2023-02-15T05:01:17Z</time></trkpt><trkpt lat="31.029524" lon="78.173636"><ele>3511.998</ele><time>2023-02-15T05:07:38Z</time></trkpt><trkpt lat="31.029541" lon="78.173711"><ele>3510.115</ele><time>2023-02-15T05:10:18Z</time></trkpt><trkpt lat="31.029556" lon="78.173769"><ele>3508.626</ele><time>2023-02-15T05:10:24Z</time></trkpt><trkpt lat="31.029573" lon="78.173824"><ele>3507.209</ele><time>2023-02-15T05:10:31Z</time></trkpt><trkpt lat="31.029603" lon="78.173866"><ele>3506.020</ele><time>2023-02-15T05:10:35Z</time></trkpt><trkpt lat="31.029633" lon="78.173909"><ele>3504.731</ele><time>2023-02-15T05:10:40Z</time></trkpt><trkpt lat="31.029656" lon="78.173964"><ele>3503.384</ele><time>2023-02-15T05:10:49Z</time></trkpt><trkpt lat="31.029691" lon="78.174007"><ele>3502.168</ele><time>2023-02-15T05:10:56Z</time></trkpt><trkpt lat="31.029713" lon="78.174060"><ele>3500.736</ele><time>2023-02-15T05:11:04Z</time></trkpt><trkpt lat="31.029740" lon="78.174107"><ele>3499.595</ele><time>2023-02-15T05:11:12Z</time></trkpt><trkpt lat="31.029765" lon="78.174152"><ele>3498.371</ele><time>2023-02-15T05:11:19Z</time></trkpt><trkpt lat="31.029793" lon="78.174197"><ele>3497.273</ele><time>2023-02-15T05:11:24Z</time></trkpt><trkpt lat="31.029811" lon="78.174247"><ele>3496.038</ele><time>2023-02-15T05:11:31Z</time></trkpt><trkpt lat="31.029816" lon="78.174304"><ele>3494.886</ele><time>2023-02-15T05:11:36Z</time></trkpt><trkpt lat="31.029838" lon="78.174357"><ele>3493.460</ele><time>2023-02-15T05:11:41Z</time></trkpt><trkpt lat="31.029856" lon="78.174407"><ele>3492.126</ele><time>2023-02-15T05:11:47Z</time></trkpt><trkpt lat="31.029861" lon="78.174467"><ele>3490.709</ele><time>2023-02-15T05:11:54Z</time></trkpt><trkpt lat="31.029901" lon="78.174565"><ele>3487.759</ele><time>2023-02-15T05:12:21Z</time></trkpt><trkpt lat="31.029928" lon="78.174618"><ele>3485.850</ele><time>2023-02-15T05:12:26Z</time></trkpt><trkpt lat="31.029973" lon="78.174610"><ele>3484.913</ele><time>2023-02-15T05:13:39Z</time></trkpt><trkpt lat="31.029976" lon="78.174705"><ele>3482.437</ele><time>2023-02-15T05:14:04Z</time></trkpt><trkpt lat="31.029828" lon="78.174720"><ele>3486.185</ele><time>2023-02-15T05:14:35Z</time></trkpt><trkpt lat="31.029788" lon="78.174835"><ele>3485.074</ele><time>2023-02-15T05:14:56Z</time></trkpt><trkpt lat="31.029743" lon="78.174845"><ele>3486.360</ele><time>2023-02-15T05:15:25Z</time></trkpt><trkpt lat="31.029756" lon="78.174900"><ele>3484.982</ele><time>2023-02-15T05:15:30Z</time></trkpt><trkpt lat="31.029786" lon="78.174940"><ele>3483.157</ele><time>2023-02-15T05:15:35Z</time></trkpt><trkpt lat="31.029843" lon="78.174962"><ele>3480.658</ele><time>2023-02-15T05:15:40Z</time></trkpt><trkpt lat="31.029885" lon="78.174982"><ele>3478.752</ele><time>2023-02-15T05:15:43Z</time></trkpt><trkpt lat="31.029930" lon="78.175014"><ele>3476.617</ele><time>2023-02-15T05:15:48Z</time></trkpt><trkpt lat="31.029970" lon="78.175049"><ele>3475.009</ele><time>2023-02-15T05:15:55Z</time></trkpt><trkpt lat="31.030012" lon="78.175074"><ele>3473.786</ele><time>2023-02-15T05:16:00Z</time></trkpt><trkpt lat="31.030052" lon="78.175111"><ele>3473.587</ele><time>2023-02-15T05:16:06Z</time></trkpt><trkpt lat="31.030084" lon="78.175153"><ele>3473.270</ele><time>2023-02-15T05:16:11Z</time></trkpt><trkpt lat="31.030109" lon="78.175206"><ele>3472.624</ele><time>2023-02-15T05:16:19Z</time></trkpt><trkpt lat="31.030142" lon="78.175248"><ele>3472.122</ele><time>2023-02-15T05:16:24Z</time></trkpt><trkpt lat="31.030157" lon="78.175298"><ele>3471.551</ele><time>2023-02-15T05:16:30Z</time></trkpt><trkpt lat="31.030169" lon="78.175355"><ele>3470.897</ele><time>2023-02-15T05:16:36Z</time></trkpt><trkpt lat="31.030177" lon="78.175407"><ele>3470.299</ele><time>2023-02-15T05:16:43Z</time></trkpt><trkpt lat="31.030209" lon="78.175457"><ele>3469.144</ele><time>2023-02-15T05:16:51Z</time></trkpt><trkpt lat="31.030242" lon="78.175499"><ele>3468.116</ele><time>2023-02-15T05:17:04Z</time></trkpt><trkpt lat="31.030272" lon="78.175539"><ele>3467.076</ele><time>2023-02-15T05:17:09Z</time></trkpt><trkpt lat="31.030295" lon="78.175584"><ele>3465.913</ele><time>2023-02-15T05:17:16Z</time></trkpt><trkpt lat="31.030327" lon="78.175626"><ele>3464.609</ele><time>2023-02-15T05:17:20Z</time></trkpt><trkpt lat="31.030369" lon="78.175658"><ele>3463.172</ele><time>2023-02-15T05:17:25Z</time></trkpt><trkpt lat="31.030407" lon="78.175708"><ele>3461.253</ele><time>2023-02-15T05:17:30Z</time></trkpt><trkpt lat="31.030432" lon="78.175763"><ele>3459.546</ele><time>2023-02-15T05:17:35Z</time></trkpt><trkpt lat="31.030440" lon="78.175828"><ele>3457.970</ele><time>2023-02-15T05:17:40Z</time></trkpt><trkpt lat="31.030440" lon="78.175888"><ele>3457.798</ele><time>2023-02-15T05:17:44Z</time></trkpt><trkpt lat="31.030433" lon="78.175946"><ele>3457.887</ele><time>2023-02-15T05:17:49Z</time></trkpt><trkpt lat="31.030440" lon="78.176004"><ele>3457.593</ele><time>2023-02-15T05:17:53Z</time></trkpt><trkpt lat="31.030460" lon="78.176057"><ele>3456.875</ele><time>2023-02-15T05:17:58Z</time></trkpt><trkpt lat="31.030478" lon="78.176110"><ele>3456.090</ele><time>2023-02-15T05:18:03Z</time></trkpt><trkpt lat="31.030501" lon="78.176162"><ele>3455.196</ele><time>2023-02-15T05:18:07Z</time></trkpt><trkpt lat="31.030516" lon="78.176219"><ele>3454.431</ele><time>2023-02-15T05:18:12Z</time></trkpt><trkpt lat="31.030501" lon="78.176272"><ele>3454.824</ele><time>2023-02-15T05:18:17Z</time></trkpt><trkpt lat="31.030519" lon="78.176320"><ele>3454.009</ele><time>2023-02-15T05:18:24Z</time></trkpt><trkpt lat="31.030532" lon="78.176377"><ele>3453.390</ele><time>2023-02-15T05:18:31Z</time></trkpt><trkpt lat="31.030577" lon="78.176412"><ele>3451.471</ele><time>2023-02-15T05:18:37Z</time></trkpt><trkpt lat="31.030615" lon="78.176455"><ele>3449.724</ele><time>2023-02-15T05:18:42Z</time></trkpt><trkpt lat="31.030657" lon="78.176487"><ele>3447.838</ele><time>2023-02-15T05:18:47Z</time></trkpt><trkpt lat="31.030690" lon="78.176532"><ele>3446.286</ele><time>2023-02-15T05:18:52Z</time></trkpt><trkpt lat="31.030703" lon="78.176589"><ele>3445.375</ele><time>2023-02-15T05:18:58Z</time></trkpt><trkpt lat="31.030683" lon="78.176644"><ele>3445.811</ele><time>2023-02-15T05:19:04Z</time></trkpt><trkpt lat="31.030683" lon="78.176701"><ele>3446.873</ele><time>2023-02-15T05:19:11Z</time></trkpt><trkpt lat="31.030715" lon="78.176743"><ele>3446.738</ele><time>2023-02-15T05:19:18Z</time></trkpt><trkpt lat="31.030743" lon="78.176793"><ele>3447.163</ele><time>2023-02-15T05:19:33Z</time></trkpt><trkpt lat="31.030785" lon="78.176815"><ele>3446.144</ele><time>2023-02-15T05:19:37Z</time></trkpt><trkpt lat="31.030828" lon="78.176845"><ele>3445.418</ele><time>2023-02-15T05:19:42Z</time></trkpt><trkpt lat="31.030876" lon="78.176870"><ele>3444.909</ele><time>2023-02-15T05:19:47Z</time></trkpt><trkpt lat="31.030931" lon="78.176890"><ele>3444.157</ele><time>2023-02-15T05:19:52Z</time></trkpt><trkpt lat="31.030976" lon="78.176927"><ele>3444.128</ele><time>2023-02-15T05:19:59Z</time></trkpt><trkpt lat="31.031023" lon="78.176939"><ele>3443.231</ele><time>2023-02-15T05:20:06Z</time></trkpt><trkpt lat="31.031063" lon="78.176964"><ele>3442.885</ele><time>2023-02-15T05:20:14Z</time></trkpt><trkpt lat="31.031111" lon="78.176984"><ele>3442.143</ele><time>2023-02-15T05:20:18Z</time></trkpt><trkpt lat="31.031156" lon="78.177009"><ele>3441.562</ele><time>2023-02-15T05:20:23Z</time></trkpt><trkpt lat="31.031201" lon="78.177037"><ele>3441.068</ele><time>2023-02-15T05:20:30Z</time></trkpt><trkpt lat="31.031236" lon="78.177075"><ele>3441.050</ele><time>2023-02-15T05:20:38Z</time></trkpt><trkpt lat="31.031274" lon="78.177112"><ele>3440.815</ele><time>2023-02-15T05:20:44Z</time></trkpt><trkpt lat="31.031311" lon="78.177154"><ele>3440.774</ele><time>2023-02-15T05:20:50Z</time></trkpt><trkpt lat="31.031336" lon="78.177202"><ele>3441.156</ele><time>2023-02-15T05:20:56Z</time></trkpt><trkpt lat="31.031358" lon="78.177254"><ele>3441.721</ele><time>2023-02-15T05:21:06Z</time></trkpt><trkpt lat="31.031360" lon="78.177307"><ele>3443.009</ele><time>2023-02-15T05:21:14Z</time></trkpt><trkpt lat="31.031383" lon="78.177354"><ele>3443.318</ele><time>2023-02-15T05:21:22Z</time></trkpt><trkpt lat="31.031425" lon="78.177387"><ele>3442.679</ele><time>2023-02-15T05:21:26Z</time></trkpt><trkpt lat="31.031460" lon="78.177420"><ele>3442.112</ele><time>2023-02-15T05:21:31Z</time></trkpt><trkpt lat="31.031495" lon="78.177458"><ele>3441.776</ele><time>2023-02-15T05:21:35Z</time></trkpt><trkpt lat="31.031540" lon="78.177495"><ele>3440.884</ele><time>2023-02-15T05:21:39Z</time></trkpt><trkpt lat="31.031575" lon="78.177537"><ele>3439.733</ele><time>2023-02-15T05:21:44Z</time></trkpt><trkpt lat="31.031602" lon="78.177585"><ele>3439.069</ele><time>2023-02-15T05:21:50Z</time></trkpt><trkpt lat="31.031625" lon="78.177633"><ele>3438.561</ele><time>2023-02-15T05:21:56Z</time></trkpt><trkpt lat="31.031657" lon="78.177683"><ele>3437.836</ele><time>2023-02-15T05:22:03Z</time></trkpt><trkpt lat="31.031690" lon="78.177725"><ele>3437.464</ele><time>2023-02-15T05:22:07Z</time></trkpt><trkpt lat="31.031730" lon="78.177752"><ele>3436.706</ele><time>2023-02-15T05:22:12Z</time></trkpt><trkpt lat="31.031773" lon="78.177784"><ele>3436.016</ele><time>2023-02-15T05:22:17Z</time></trkpt><trkpt lat="31.031793" lon="78.177836"><ele>3435.909</ele><time>2023-02-15T05:22:24Z</time></trkpt><trkpt lat="31.031835" lon="78.177868"><ele>3435.137</ele><time>2023-02-15T05:22:28Z</time></trkpt><trkpt lat="31.031875" lon="78.177895"><ele>3434.418</ele><time>2023-02-15T05:22:33Z</time></trkpt><trkpt lat="31.031915" lon="78.177922"><ele>3433.661</ele><time>2023-02-15T05:22:38Z</time></trkpt><trkpt lat="31.031953" lon="78.177957"><ele>3432.855</ele><time>2023-02-15T05:22:46Z</time></trkpt><trkpt lat="31.031955" lon="78.178019"><ele>3433.153</ele><time>2023-02-15T05:23:00Z</time></trkpt><trkpt lat="31.031965" lon="78.178074"><ele>3433.172</ele><time>2023-02-15T05:23:07Z</time></trkpt><trkpt lat="31.031903" lon="78.178097"><ele>3434.928</ele><time>2023-02-15T05:25:17Z</time></trkpt><trkpt lat="31.031948" lon="78.178099"><ele>3433.780</ele><time>2023-02-15T05:25:24Z</time></trkpt><trkpt lat="31.032001" lon="78.178109"><ele>3432.495</ele><time>2023-02-15T05:26:31Z</time></trkpt><trkpt lat="31.032043" lon="78.178132"><ele>3431.377</ele><time>2023-02-15T05:26:35Z</time></trkpt><trkpt lat="31.032086" lon="78.178155"><ele>3430.361</ele><time>2023-02-15T05:26:40Z</time></trkpt><trkpt lat="31.032131" lon="78.178165"><ele>3429.127</ele><time>2023-02-15T05:26:46Z</time></trkpt><trkpt lat="31.032184" lon="78.178165"><ele>3427.709</ele><time>2023-02-15T05:26:54Z</time></trkpt><trkpt lat="31.032231" lon="78.178178"><ele>3426.598</ele><time>2023-02-15T05:26:58Z</time></trkpt><trkpt lat="31.032274" lon="78.178193"><ele>3425.379</ele><time>2023-02-15T05:27:03Z</time></trkpt><trkpt lat="31.032316" lon="78.178220"><ele>3424.242</ele><time>2023-02-15T05:27:10Z</time></trkpt><trkpt lat="31.032364" lon="78.178240"><ele>3422.996</ele><time>2023-02-15T05:27:43Z</time></trkpt><trkpt lat="31.032419" lon="78.178257"><ele>3421.464</ele><time>2023-02-15T05:27:48Z</time></trkpt><trkpt lat="31.032461" lon="78.178294"><ele>3420.253</ele><time>2023-02-15T05:27:54Z</time></trkpt><trkpt lat="31.032503" lon="78.178322"><ele>3418.989</ele><time>2023-02-15T05:28:00Z</time></trkpt><trkpt lat="31.032530" lon="78.178369"><ele>3418.561</ele><time>2023-02-15T05:28:08Z</time></trkpt><trkpt lat="31.032575" lon="78.178404"><ele>3417.526</ele><time>2023-02-15T05:28:15Z</time></trkpt><trkpt lat="31.032620" lon="78.178412"><ele>3416.335</ele><time>2023-02-15T05:28:20Z</time></trkpt><trkpt lat="31.032667" lon="78.178410"><ele>3415.086</ele><time>2023-02-15T05:28:37Z</time></trkpt><trkpt lat="31.032712" lon="78.178425"><ele>3413.814</ele><time>2023-02-15T05:28:43Z</time></trkpt><trkpt lat="31.032759" lon="78.178457"><ele>3412.809</ele><time>2023-02-15T05:28:48Z</time></trkpt><trkpt lat="31.032797" lon="78.178497"><ele>3412.274</ele><time>2023-02-15T05:28:54Z</time></trkpt><trkpt lat="31.032839" lon="78.178527"><ele>3411.335</ele><time>2023-02-15T05:28:58Z</time></trkpt><trkpt lat="31.032886" lon="78.178557"><ele>3410.388</ele><time>2023-02-15T05:29:03Z</time></trkpt><trkpt lat="31.032929" lon="78.178592"><ele>3409.432</ele><time>2023-02-15T05:29:09Z</time></trkpt><trkpt lat="31.032946" lon="78.178652"><ele>3409.640</ele><time>2023-02-15T05:29:17Z</time></trkpt><trkpt lat="31.032941" lon="78.178707"><ele>3410.469</ele><time>2023-02-15T05:29:23Z</time></trkpt><trkpt lat="31.032939" lon="78.178767"><ele>3411.155</ele><time>2023-02-15T05:29:29Z</time></trkpt><trkpt lat="31.032939" lon="78.178825"><ele>3411.727</ele><time>2023-02-15T05:29:34Z</time></trkpt><trkpt lat="31.032936" lon="78.178887"><ele>3412.562</ele><time>2023-02-15T05:29:38Z</time></trkpt><trkpt lat="31.032961" lon="78.178940"><ele>3412.485</ele><time>2023-02-15T05:29:44Z</time></trkpt><trkpt lat="31.033003" lon="78.178967"><ele>3411.589</ele><time>2023-02-15T05:29:52Z</time></trkpt><trkpt lat="31.033048" lon="78.178970"><ele>3410.317</ele><time>2023-02-15T05:29:57Z</time></trkpt><trkpt lat="31.033096" lon="78.178945"><ele>3408.809</ele><time>2023-02-15T05:30:02Z</time></trkpt><trkpt lat="31.033151" lon="78.178912"><ele>3406.919</ele><time>2023-02-15T05:30:09Z</time></trkpt><trkpt lat="31.033181" lon="78.178957"><ele>3406.640</ele><time>2023-02-15T05:30:16Z</time></trkpt><trkpt lat="31.033163" lon="78.179014"><ele>3407.783</ele><time>2023-02-15T05:30:22Z</time></trkpt><trkpt lat="31.033141" lon="78.179071"><ele>3409.087</ele><time>2023-02-15T05:30:26Z</time></trkpt><trkpt lat="31.033156" lon="78.179148"><ele>3409.525</ele><time>2023-02-15T05:30:32Z</time></trkpt><trkpt lat="31.033208" lon="78.179158"><ele>3408.294</ele><time>2023-02-15T05:30:38Z</time></trkpt><trkpt lat="31.033258" lon="78.179151"><ele>3406.840</ele><time>2023-02-15T05:30:42Z</time></trkpt><trkpt lat="31.033331" lon="78.179129"><ele>3404.622</ele><time>2023-02-15T05:30:48Z</time></trkpt><trkpt lat="31.033371" lon="78.179102"><ele>3402.857</ele><time>2023-02-15T05:30:52Z</time></trkpt><trkpt lat="31.033423" lon="78.179115"><ele>3401.051</ele><time>2023-02-15T05:30:59Z</time></trkpt><trkpt lat="31.033473" lon="78.179125"><ele>3399.301</ele><time>2023-02-15T05:31:04Z</time></trkpt><trkpt lat="31.033518" lon="78.179147"><ele>3397.911</ele><time>2023-02-15T05:31:13Z</time></trkpt><trkpt lat="31.033546" lon="78.179192"><ele>3397.109</ele><time>2023-02-15T05:31:23Z</time></trkpt><trkpt lat="31.033569" lon="78.179237"><ele>3396.296</ele><time>2023-02-15T05:31:28Z</time></trkpt><trkpt lat="31.033612" lon="78.179265"><ele>3394.617</ele><time>2023-02-15T05:31:37Z</time></trkpt><trkpt lat="31.033654" lon="78.179305"><ele>3392.830</ele><time>2023-02-15T05:31:42Z</time></trkpt><trkpt lat="31.033692" lon="78.179333"><ele>3391.324</ele><time>2023-02-15T05:31:47Z</time></trkpt><trkpt lat="31.033739" lon="78.179358"><ele>3389.332</ele><time>2023-02-15T05:31:53Z</time></trkpt><trkpt lat="31.033781" lon="78.179383"><ele>3387.421</ele><time>2023-02-15T05:31:58Z</time></trkpt><trkpt lat="31.033844" lon="78.179425"><ele>3384.647</ele><time>2023-02-15T05:32:07Z</time></trkpt><trkpt lat="31.033897" lon="78.179448"><ele>3382.239</ele><time>2023-02-15T05:32:12Z</time></trkpt><trkpt lat="31.033954" lon="78.179455"><ele>3379.744</ele><time>2023-02-15T05:32:20Z</time></trkpt><trkpt lat="31.034004" lon="78.179458"><ele>3377.581</ele><time>2023-02-15T05:32:28Z</time></trkpt><trkpt lat="31.034052" lon="78.179460"><ele>3375.461</ele><time>2023-02-15T05:32:36Z</time></trkpt><trkpt lat="31.034087" lon="78.179505"><ele>3373.417</ele><time>2023-02-15T05:32:44Z</time></trkpt><trkpt lat="31.034127" lon="78.179537"><ele>3371.309</ele><time>2023-02-15T05:32:50Z</time></trkpt><trkpt lat="31.034099" lon="78.179584"><ele>3372.139</ele><time>2023-02-15T05:32:59Z</time></trkpt><trkpt lat="31.034096" lon="78.179641"><ele>3371.650</ele><time>2023-02-15T05:33:06Z</time></trkpt><trkpt lat="31.034119" lon="78.179688"><ele>3370.013</ele><time>2023-02-15T05:33:23Z</time></trkpt><trkpt lat="31.034164" lon="78.179716"><ele>3367.527</ele><time>2023-02-15T05:33:35Z</time></trkpt><trkpt lat="31.034186" lon="78.179769"><ele>3365.855</ele><time>2023-02-15T05:33:48Z</time></trkpt><trkpt lat="31.034188" lon="78.179824"><ele>3365.164</ele><time>2023-02-15T05:33:55Z</time></trkpt><trkpt lat="31.034175" lon="78.179877"><ele>3365.150</ele><time>2023-02-15T05:34:03Z</time></trkpt><trkpt lat="31.034182" lon="78.179937"><ele>3364.092</ele><time>2023-02-15T05:34:09Z</time></trkpt><trkpt lat="31.034197" lon="78.179989"><ele>3362.717</ele><time>2023-02-15T05:34:15Z</time></trkpt><trkpt lat="31.034210" lon="78.180047"><ele>3362.019</ele><time>2023-02-15T05:34:25Z</time></trkpt><trkpt lat="31.034248" lon="78.180142"><ele>3360.509</ele><time>2023-02-15T05:35:03Z</time></trkpt><trkpt lat="31.034263" lon="78.180199"><ele>3359.919</ele><time>2023-02-15T05:35:11Z</time></trkpt><trkpt lat="31.034286" lon="78.180249"><ele>3359.109</ele><time>2023-02-15T05:35:17Z</time></trkpt><trkpt lat="31.034313" lon="78.180292"><ele>3358.112</ele><time>2023-02-15T05:35:23Z</time></trkpt><trkpt lat="31.034333" lon="78.180340"><ele>3357.583</ele><time>2023-02-15T05:35:28Z</time></trkpt><trkpt lat="31.034355" lon="78.180417"><ele>3357.056</ele><time>2023-02-15T05:35:36Z</time></trkpt><trkpt lat="31.034388" lon="78.180499"><ele>3356.230</ele><time>2023-02-15T05:35:42Z</time></trkpt><trkpt lat="31.034416" lon="78.180559"><ele>3355.578</ele><time>2023-02-15T05:35:47Z</time></trkpt><trkpt lat="31.034418" lon="78.180617"><ele>3355.887</ele><time>2023-02-15T05:35:51Z</time></trkpt><trkpt lat="31.034440" lon="78.180664"><ele>3355.483</ele><time>2023-02-15T05:35:55Z</time></trkpt><trkpt lat="31.034472" lon="78.180711"><ele>3354.785</ele><time>2023-02-15T05:35:59Z</time></trkpt><trkpt lat="31.034522" lon="78.180738"><ele>3353.420</ele><time>2023-02-15T05:36:03Z</time></trkpt><trkpt lat="31.034564" lon="78.180768"><ele>3352.414</ele><time>2023-02-15T05:36:08Z</time></trkpt><trkpt lat="31.034604" lon="78.180803"><ele>3351.654</ele><time>2023-02-15T05:36:14Z</time></trkpt><trkpt lat="31.034637" lon="78.180841"><ele>3351.109</ele><time>2023-02-15T05:36:19Z</time></trkpt><trkpt lat="31.034682" lon="78.180873"><ele>3350.009</ele><time>2023-02-15T05:36:25Z</time></trkpt><trkpt lat="31.034724" lon="78.180905"><ele>3349.182</ele><time>2023-02-15T05:36:31Z</time></trkpt><trkpt lat="31.034767" lon="78.180930"><ele>3348.063</ele><time>2023-02-15T05:36:35Z</time></trkpt><trkpt lat="31.034819" lon="78.180957"><ele>3346.836</ele><time>2023-02-15T05:36:40Z</time></trkpt><trkpt lat="31.034879" lon="78.180970"><ele>3345.250</ele><time>2023-02-15T05:36:45Z</time></trkpt><trkpt lat="31.034934" lon="78.180975"><ele>3343.788</ele><time>2023-02-15T05:36:51Z</time></trkpt><trkpt lat="31.034989" lon="78.180978"><ele>3342.237</ele><time>2023-02-15T05:36:56Z</time></trkpt><trkpt lat="31.035041" lon="78.180975"><ele>3340.713</ele><time>2023-02-15T05:37:01Z</time></trkpt><trkpt lat="31.035088" lon="78.180980"><ele>3339.335</ele><time>2023-02-15T05:37:05Z</time></trkpt><trkpt lat="31.035128" lon="78.181008"><ele>3338.310</ele><time>2023-02-15T05:37:09Z</time></trkpt><trkpt lat="31.035156" lon="78.181055"><ele>3337.822</ele><time>2023-02-15T05:37:15Z</time></trkpt><trkpt lat="31.035178" lon="78.181108"><ele>3337.662</ele><time>2023-02-15T05:37:23Z</time></trkpt><trkpt lat="31.035211" lon="78.181155"><ele>3337.008</ele><time>2023-02-15T05:37:28Z</time></trkpt><trkpt lat="31.035236" lon="78.181203"><ele>3336.609</ele><time>2023-02-15T05:37:33Z</time></trkpt><trkpt lat="31.035264" lon="78.181258"><ele>3336.373</ele><time>2023-02-15T05:37:39Z</time></trkpt><trkpt lat="31.035302" lon="78.181298"><ele>3335.584</ele><time>2023-02-15T05:37:46Z</time></trkpt><trkpt lat="31.035350" lon="78.181310"><ele>3334.377</ele><time>2023-02-15T05:37:50Z</time></trkpt><trkpt lat="31.035405" lon="78.181298"><ele>3332.711</ele><time>2023-02-15T05:37:56Z</time></trkpt><trkpt lat="31.035452" lon="78.181326"><ele>3331.749</ele><time>2023-02-15T05:38:03Z</time></trkpt><trkpt lat="31.035505" lon="78.181353"><ele>3330.518</ele><time>2023-02-15T05:38:07Z</time></trkpt><trkpt lat="31.035548" lon="78.181375"><ele>3329.514</ele><time>2023-02-15T05:38:11Z</time></trkpt><trkpt lat="31.035598" lon="78.181383"><ele>3328.386</ele><time>2023-02-15T05:38:16Z</time></trkpt><trkpt lat="31.035645" lon="78.181411"><ele>3327.351</ele><time>2023-02-15T05:38:22Z</time></trkpt><trkpt lat="31.035695" lon="78.181399"><ele>3325.854</ele><time>2023-02-15T05:38:28Z</time></trkpt><trkpt lat="31.035743" lon="78.181387"><ele>3324.456</ele><time>2023-02-15T05:38:33Z</time></trkpt><trkpt lat="31.035796" lon="78.181374"><ele>3322.811</ele><time>2023-02-15T05:38:38Z</time></trkpt><trkpt lat="31.035843" lon="78.181356"><ele>3321.409</ele><time>2023-02-15T05:38:42Z</time></trkpt><trkpt lat="31.035898" lon="78.181374"><ele>3320.296</ele><time>2023-02-15T05:38:47Z</time></trkpt><trkpt lat="31.035941" lon="78.181407"><ele>3319.457</ele><time>2023-02-15T05:38:51Z</time></trkpt><trkpt lat="31.035966" lon="78.181457"><ele>3319.490</ele><time>2023-02-15T05:38:57Z</time></trkpt><trkpt lat="31.035976" lon="78.181510"><ele>3319.794</ele><time>2023-02-15T05:39:04Z</time></trkpt><trkpt lat="31.035978" lon="78.181575"><ele>3320.432</ele><time>2023-02-15T05:39:09Z</time></trkpt><trkpt lat="31.035976" lon="78.181637"><ele>3321.241</ele><time>2023-02-15T05:39:15Z</time></trkpt><trkpt lat="31.035981" lon="78.181695"><ele>3320.967</ele><time>2023-02-15T05:39:21Z</time></trkpt><trkpt lat="31.036028" lon="78.181717"><ele>3319.499</ele><time>2023-02-15T05:39:29Z</time></trkpt><trkpt lat="31.036076" lon="78.181715"><ele>3318.374</ele><time>2023-02-15T05:39:33Z</time></trkpt><trkpt lat="31.036118" lon="78.181693"><ele>3317.765</ele><time>2023-02-15T05:39:37Z</time></trkpt><trkpt lat="31.036156" lon="78.181665"><ele>3317.268</ele><time>2023-02-15T05:39:42Z</time></trkpt><trkpt lat="31.036199" lon="78.181637"><ele>3315.814</ele><time>2023-02-15T05:39:48Z</time></trkpt><trkpt lat="31.036232" lon="78.181590"><ele>3314.409</ele><time>2023-02-15T05:39:53Z</time></trkpt><trkpt lat="31.036259" lon="78.181543"><ele>3313.197</ele><time>2023-02-15T05:39:57Z</time></trkpt><trkpt lat="31.036306" lon="78.181515"><ele>3311.598</ele><time>2023-02-15T05:40:02Z</time></trkpt><trkpt lat="31.036354" lon="78.181502"><ele>3310.111</ele><time>2023-02-15T05:40:06Z</time></trkpt><trkpt lat="31.036399" lon="78.181515"><ele>3309.275</ele><time>2023-02-15T05:40:12Z</time></trkpt><trkpt lat="31.036446" lon="78.181535"><ele>3308.373</ele><time>2023-02-15T05:40:17Z</time></trkpt><trkpt lat="31.036483" lon="78.181578"><ele>3308.052</ele><time>2023-02-15T05:40:23Z</time></trkpt><trkpt lat="31.036510" lon="78.181630"><ele>3308.218</ele><time>2023-02-15T05:40:32Z</time></trkpt><trkpt lat="31.036535" lon="78.181682"><ele>3307.910</ele><time>2023-02-15T05:40:41Z</time></trkpt><trkpt lat="31.036570" lon="78.181719"><ele>3306.565</ele><time>2023-02-15T05:40:48Z</time></trkpt><trkpt lat="31.036613" lon="78.181741"><ele>3305.168</ele><time>2023-02-15T05:40:54Z</time></trkpt><trkpt lat="31.036655" lon="78.181691"><ele>3304.942</ele><time>2023-02-15T05:41:08Z</time></trkpt><trkpt lat="31.036707" lon="78.181688"><ele>3303.226</ele><time>2023-02-15T05:41:14Z</time></trkpt><trkpt lat="31.036759" lon="78.181681"><ele>3301.409</ele><time>2023-02-15T05:41:19Z</time></trkpt><trkpt lat="31.036807" lon="78.181704"><ele>3299.347</ele><time>2023-02-15T05:41:26Z</time></trkpt><trkpt lat="31.036850" lon="78.181729"><ele>3297.388</ele><time>2023-02-15T05:41:31Z</time></trkpt><trkpt lat="31.036858" lon="78.181781"><ele>3296.421</ele><time>2023-02-15T05:41:47Z</time></trkpt><trkpt lat="31.036875" lon="78.181834"><ele>3295.025</ele><time>2023-02-15T05:41:55Z</time></trkpt><trkpt lat="31.036893" lon="78.181889"><ele>3293.783</ele><time>2023-02-15T05:42:02Z</time></trkpt><trkpt lat="31.036925" lon="78.181931"><ele>3292.192</ele><time>2023-02-15T05:42:06Z</time></trkpt><trkpt lat="31.036942" lon="78.181981"><ele>3290.978</ele><time>2023-02-15T05:42:13Z</time></trkpt><trkpt lat="31.036952" lon="78.182038"><ele>3289.890</ele><time>2023-02-15T05:42:23Z</time></trkpt><trkpt lat="31.036974" lon="78.182085"><ele>3288.545</ele><time>2023-02-15T05:42:31Z</time></trkpt><trkpt lat="31.037032" lon="78.182087"><ele>3286.628</ele><time>2023-02-15T05:42:40Z</time></trkpt><trkpt lat="31.037079" lon="78.182062"><ele>3285.489</ele><time>2023-02-15T05:42:45Z</time></trkpt><trkpt lat="31.037127" lon="78.182040"><ele>3284.017</ele><time>2023-02-15T05:42:50Z</time></trkpt><trkpt lat="31.037157" lon="78.181997"><ele>3283.509</ele><time>2023-02-15T05:42:57Z</time></trkpt><trkpt lat="31.037212" lon="78.181980"><ele>3281.883</ele><time>2023-02-15T05:43:07Z</time></trkpt><trkpt lat="31.037260" lon="78.181953"><ele>3280.474</ele><time>2023-02-15T05:43:14Z</time></trkpt><trkpt lat="31.037302" lon="78.181916"><ele>3279.337</ele><time>2023-02-15T05:43:21Z</time></trkpt><trkpt lat="31.037345" lon="78.181896"><ele>3278.061</ele><time>2023-02-15T05:43:27Z</time></trkpt><trkpt lat="31.037362" lon="78.181836"><ele>3277.859</ele><time>2023-02-15T05:43:36Z</time></trkpt><trkpt lat="31.037399" lon="78.181801"><ele>3276.878</ele><time>2023-02-15T05:43:41Z</time></trkpt><trkpt lat="31.037444" lon="78.181786"><ele>3275.354</ele><time>2023-02-15T05:43:46Z</time></trkpt><trkpt lat="31.037507" lon="78.181798"><ele>3272.916</ele><time>2023-02-15T05:43:52Z</time></trkpt><trkpt lat="31.037564" lon="78.181826"><ele>3270.151</ele><time>2023-02-15T05:43:56Z</time></trkpt><trkpt lat="31.037622" lon="78.181829"><ele>3267.422</ele><time>2023-02-15T05:44:02Z</time></trkpt><trkpt lat="31.037675" lon="78.181849"><ele>3264.962</ele><time>2023-02-15T05:44:09Z</time></trkpt><trkpt lat="31.037690" lon="78.181904"><ele>3263.808</ele><time>2023-02-15T05:44:14Z</time></trkpt><trkpt lat="31.037687" lon="78.181962"><ele>3263.409</ele><time>2023-02-15T05:44:19Z</time></trkpt><trkpt lat="31.037680" lon="78.182017"><ele>3263.493</ele><time>2023-02-15T05:44:24Z</time></trkpt><trkpt lat="31.037672" lon="78.182074"><ele>3263.334</ele><time>2023-02-15T05:44:31Z</time></trkpt><trkpt lat="31.037689" lon="78.182129"><ele>3262.137</ele><time>2023-02-15T05:44:39Z</time></trkpt><trkpt lat="31.037694" lon="78.182182"><ele>3261.471</ele><time>2023-02-15T05:44:50Z</time></trkpt><trkpt lat="31.037776" lon="78.182179"><ele>3257.449</ele><time>2023-02-15T05:45:08Z</time></trkpt><trkpt lat="31.037754" lon="78.182251"><ele>3257.978</ele><time>2023-02-15T05:45:46Z</time></trkpt><trkpt lat="31.037831" lon="78.182236"><ele>3254.374</ele><time>2023-02-15T05:46:07Z</time></trkpt><trkpt lat="31.037856" lon="78.182151"><ele>3253.866</ele><time>2023-02-15T05:46:17Z</time></trkpt><trkpt lat="31.037904" lon="78.182201"><ele>3251.071</ele><time>2023-02-15T05:46:36Z</time></trkpt><trkpt lat="31.037952" lon="78.182199"><ele>3248.717</ele><time>2023-02-15T05:46:44Z</time></trkpt><trkpt lat="31.037990" lon="78.182164"><ele>3247.287</ele><time>2023-02-15T05:46:50Z</time></trkpt><trkpt lat="31.038025" lon="78.182127"><ele>3245.815</ele><time>2023-02-15T05:46:57Z</time></trkpt><trkpt lat="31.038070" lon="78.182107"><ele>3243.909</ele><time>2023-02-15T05:47:02Z</time></trkpt><trkpt lat="31.038125" lon="78.182067"><ele>3241.722</ele><time>2023-02-15T05:47:09Z</time></trkpt><trkpt lat="31.038157" lon="78.182027"><ele>3240.693</ele><time>2023-02-15T05:47:15Z</time></trkpt><trkpt lat="31.038204" lon="78.182040"><ele>3238.236</ele><time>2023-02-15T05:47:26Z</time></trkpt><trkpt lat="31.038261" lon="78.182055"><ele>3235.380</ele><time>2023-02-15T05:47:43Z</time></trkpt><trkpt lat="31.038323" lon="78.182060"><ele>3232.368</ele><time>2023-02-15T05:47:59Z</time></trkpt><trkpt lat="31.038508" lon="78.182018"><ele>3224.297</ele><time>2023-02-15T05:49:07Z</time></trkpt><trkpt lat="31.038555" lon="78.181983"><ele>3222.613</ele><time>2023-02-15T05:49:14Z</time></trkpt><trkpt lat="31.038778" lon="78.181655"><ele>3219.235</ele><time>2023-02-15T05:49:53Z</time></trkpt><trkpt lat="31.038813" lon="78.181622"><ele>3217.290</ele><time>2023-02-15T05:49:58Z</time></trkpt><trkpt lat="31.038790" lon="78.181570"><ele>3217.118</ele><time>2023-02-15T05:50:04Z</time></trkpt><trkpt lat="31.038777" lon="78.181515"><ele>3216.698</ele><time>2023-02-15T05:50:11Z</time></trkpt><trkpt lat="31.038802" lon="78.181463"><ele>3214.717</ele><time>2023-02-15T05:50:19Z</time></trkpt><trkpt lat="31.038892" lon="78.181398"><ele>3210.209</ele><time>2023-02-15T05:50:36Z</time></trkpt><trkpt lat="31.039084" lon="78.181261"><ele>3201.022</ele><time>2023-02-15T05:51:08Z</time></trkpt><trkpt lat="31.039126" lon="78.181224"><ele>3199.033</ele><time>2023-02-15T05:51:14Z</time></trkpt><trkpt lat="31.039164" lon="78.181186"><ele>3197.296</ele><time>2023-02-15T05:51:24Z</time></trkpt><trkpt lat="31.039209" lon="78.181173"><ele>3195.120</ele><time>2023-02-15T05:51:31Z</time></trkpt><trkpt lat="31.039234" lon="78.181125"><ele>3193.438</ele><time>2023-02-15T05:51:37Z</time></trkpt><trkpt lat="31.039266" lon="78.181085"><ele>3191.627</ele><time>2023-02-15T05:51:42Z</time></trkpt><trkpt lat="31.039314" lon="78.181050"><ele>3189.393</ele><time>2023-02-15T05:51:46Z</time></trkpt><trkpt lat="31.039361" lon="78.181022"><ele>3187.235</ele><time>2023-02-15T05:51:50Z</time></trkpt><trkpt lat="31.039409" lon="78.181010"><ele>3185.210</ele><time>2023-02-15T05:51:55Z</time></trkpt><trkpt lat="31.039449" lon="78.180980"><ele>3183.529</ele><time>2023-02-15T05:52:01Z</time></trkpt><trkpt lat="31.039489" lon="78.180955"><ele>3181.800</ele><time>2023-02-15T05:52:07Z</time></trkpt><trkpt lat="31.039534" lon="78.180935"><ele>3180.120</ele><time>2023-02-15T05:52:13Z</time></trkpt><trkpt lat="31.039581" lon="78.180940"><ele>3178.409</ele><time>2023-02-15T05:52:20Z</time></trkpt><trkpt lat="31.039633" lon="78.180950"><ele>3176.543</ele><time>2023-02-15T05:52:26Z</time></trkpt><trkpt lat="31.039678" lon="78.180950"><ele>3174.974</ele><time>2023-02-15T05:52:31Z</time></trkpt><trkpt lat="31.039723" lon="78.180927"><ele>3173.297</ele><time>2023-02-15T05:52:43Z</time></trkpt><trkpt lat="31.039763" lon="78.180899"><ele>3171.861</ele><time>2023-02-15T05:52:48Z</time></trkpt><trkpt lat="31.039805" lon="78.180869"><ele>3170.499</ele><time>2023-02-15T05:52:53Z</time></trkpt><trkpt lat="31.039837" lon="78.180831"><ele>3169.538</ele><time>2023-02-15T05:52:57Z</time></trkpt><trkpt lat="31.039880" lon="78.180798"><ele>3167.854</ele><time>2023-02-15T05:53:03Z</time></trkpt><trkpt lat="31.039925" lon="78.180786"><ele>3166.296</ele><time>2023-02-15T05:53:10Z</time></trkpt><trkpt lat="31.039970" lon="78.180779"><ele>3164.821</ele><time>2023-02-15T05:53:15Z</time></trkpt><trkpt lat="31.040023" lon="78.180772"><ele>3163.652</ele><time>2023-02-15T05:53:21Z</time></trkpt><trkpt lat="31.040073" lon="78.180760"><ele>3163.153</ele><time>2023-02-15T05:53:26Z</time></trkpt><trkpt lat="31.040125" lon="78.180752"><ele>3162.508</ele><time>2023-02-15T05:53:32Z</time></trkpt><trkpt lat="31.040170" lon="78.180744"><ele>3162.109</ele><time>2023-02-15T05:53:37Z</time></trkpt><trkpt lat="31.040212" lon="78.180724"><ele>3161.696</ele><time>2023-02-15T05:53:42Z</time></trkpt><trkpt lat="31.040257" lon="78.180721"><ele>3161.237</ele><time>2023-02-15T05:53:47Z</time></trkpt><trkpt lat="31.040302" lon="78.180708"><ele>3160.820</ele><time>2023-02-15T05:53:54Z</time></trkpt><trkpt lat="31.040330" lon="78.180750"><ele>3160.684</ele><time>2023-02-15T05:54:02Z</time></trkpt><trkpt lat="31.040348" lon="78.180802"><ele>3160.632</ele><time>2023-02-15T05:54:08Z</time></trkpt><trkpt lat="31.040373" lon="78.180849"><ele>3160.171</ele><time>2023-02-15T05:54:14Z</time></trkpt><trkpt lat="31.040396" lon="78.180897"><ele>3158.897</ele><time>2023-02-15T05:54:20Z</time></trkpt><trkpt lat="31.040438" lon="78.180930"><ele>3157.589</ele><time>2023-02-15T05:54:27Z</time></trkpt><trkpt lat="31.040493" lon="78.180912"><ele>3157.254</ele><time>2023-02-15T05:54:34Z</time></trkpt><trkpt lat="31.040550" lon="78.180867"><ele>3157.896</ele><time>2023-02-15T05:54:42Z</time></trkpt><trkpt lat="31.040663" lon="78.180850"><ele>3157.131</ele><time>2023-02-15T05:55:03Z</time></trkpt><trkpt lat="31.040725" lon="78.180847"><ele>3156.624</ele><time>2023-02-15T05:55:11Z</time></trkpt><trkpt lat="31.040775" lon="78.180842"><ele>3156.209</ele><time>2023-02-15T05:55:17Z</time></trkpt><trkpt lat="31.040815" lon="78.180815"><ele>3156.260</ele><time>2023-02-15T05:55:25Z</time></trkpt><trkpt lat="31.040868" lon="78.180810"><ele>3155.211</ele><time>2023-02-15T05:55:35Z</time></trkpt><trkpt lat="31.040915" lon="78.180793"><ele>3154.264</ele><time>2023-02-15T05:55:40Z</time></trkpt><trkpt lat="31.040972" lon="78.180800"><ele>3153.028</ele><time>2023-02-15T05:55:48Z</time></trkpt><trkpt lat="31.041014" lon="78.180778"><ele>3152.116</ele><time>2023-02-15T05:56:01Z</time></trkpt><trkpt lat="31.041062" lon="78.180786"><ele>3151.115</ele><time>2023-02-15T05:56:11Z</time></trkpt><trkpt lat="31.041170" lon="78.180761"><ele>3148.911</ele><time>2023-02-15T05:56:28Z</time></trkpt><trkpt lat="31.041227" lon="78.180738"><ele>3147.833</ele><time>2023-02-15T05:56:36Z</time></trkpt><trkpt lat="31.041269" lon="78.180715"><ele>3147.078</ele><time>2023-02-15T05:56:41Z</time></trkpt><trkpt lat="31.041311" lon="78.180678"><ele>3146.275</ele><time>2023-02-15T05:56:45Z</time></trkpt><trkpt lat="31.041348" lon="78.180646"><ele>3145.628</ele><time>2023-02-15T05:56:48Z</time></trkpt><trkpt lat="31.041381" lon="78.180609"><ele>3145.120</ele><time>2023-02-15T05:56:51Z</time></trkpt><trkpt lat="31.041416" lon="78.180567"><ele>3144.709</ele><time>2023-02-15T05:56:55Z</time></trkpt><trkpt lat="31.041461" lon="78.180552"><ele>3143.938</ele><time>2023-02-15T05:56:59Z</time></trkpt><trkpt lat="31.041511" lon="78.180550"><ele>3143.089</ele><time>2023-02-15T05:57:02Z</time></trkpt><trkpt lat="31.041568" lon="78.180540"><ele>3142.072</ele><time>2023-02-15T05:57:05Z</time></trkpt><trkpt lat="31.041618" lon="78.180530"><ele>3141.146</ele><time>2023-02-15T05:57:08Z</time></trkpt><trkpt lat="31.041678" lon="78.180520"><ele>3140.124</ele><time>2023-02-15T05:57:13Z</time></trkpt><trkpt lat="31.041723" lon="78.180520"><ele>3139.563</ele><time>2023-02-15T05:57:17Z</time></trkpt><trkpt lat="31.041770" lon="78.180490"><ele>3139.199</ele><time>2023-02-15T05:57:24Z</time></trkpt><trkpt lat="31.041815" lon="78.180477"><ele>3138.571</ele><time>2023-02-15T05:57:29Z</time></trkpt><trkpt lat="31.041860" lon="78.180477"><ele>3137.916</ele><time>2023-02-15T05:57:35Z</time></trkpt><trkpt lat="31.041910" lon="78.180460"><ele>3137.318</ele><time>2023-02-15T05:57:40Z</time></trkpt><trkpt lat="31.041945" lon="78.180422"><ele>3136.898</ele><time>2023-02-15T05:57:44Z</time></trkpt><trkpt lat="31.041995" lon="78.180404"><ele>3136.117</ele><time>2023-02-15T05:57:50Z</time></trkpt><trkpt lat="31.042078" lon="78.180376"><ele>3134.809</ele><time>2023-02-15T05:58:05Z</time></trkpt><trkpt lat="31.042390" lon="78.180456"><ele>3130.512</ele><time>2023-02-15T05:59:18Z</time></trkpt><trkpt lat="31.042480" lon="78.180514"><ele>3129.853</ele><time>2023-02-15T06:00:58Z</time></trkpt><trkpt lat="31.042543" lon="78.180567"><ele>3129.696</ele><time>2023-02-15T06:01:05Z</time></trkpt><trkpt lat="31.042600" lon="78.180584"><ele>3129.050</ele><time>2023-02-15T06:01:11Z</time></trkpt><trkpt lat="31.042657" lon="78.180564"><ele>3128.078</ele><time>2023-02-15T06:01:16Z</time></trkpt><trkpt lat="31.042710" lon="78.180559"><ele>3127.387</ele><time>2023-02-15T06:01:22Z</time></trkpt><trkpt lat="31.042752" lon="78.180579"><ele>3127.083</ele><time>2023-02-15T06:01:27Z</time></trkpt><trkpt lat="31.042800" lon="78.180582"><ele>3126.495</ele><time>2023-02-15T06:01:35Z</time></trkpt><trkpt lat="31.042928" lon="78.180634"><ele>3125.670</ele><time>2023-02-15T06:01:52Z</time></trkpt><trkpt lat="31.042986" lon="78.180647"><ele>3125.113</ele><time>2023-02-15T06:01:58Z</time></trkpt><trkpt lat="31.043036" lon="78.180672"><ele>3125.043</ele><time>2023-02-15T06:02:04Z</time></trkpt><trkpt lat="31.043076" lon="78.180642"><ele>3124.007</ele><time>2023-02-15T06:02:21Z</time></trkpt><trkpt lat="31.043194" lon="78.180567"><ele>3121.109</ele><time>2023-02-15T06:02:40Z</time></trkpt><trkpt lat="31.043222" lon="78.180519"><ele>3119.722</ele><time>2023-02-15T06:02:58Z</time></trkpt><trkpt lat="31.043240" lon="78.180462"><ele>3118.333</ele><time>2023-02-15T06:03:04Z</time></trkpt><trkpt lat="31.043275" lon="78.180424"><ele>3117.086</ele><time>2023-02-15T06:03:09Z</time></trkpt><trkpt lat="31.043367" lon="78.180457"><ele>3116.420</ele><time>2023-02-15T06:03:26Z</time></trkpt><trkpt lat="31.043410" lon="78.180437"><ele>3115.468</ele><time>2023-02-15T06:03:31Z</time></trkpt><trkpt lat="31.043445" lon="78.180404"><ele>3114.257</ele><time>2023-02-15T06:03:37Z</time></trkpt><trkpt lat="31.043460" lon="78.180354"><ele>3112.883</ele><time>2023-02-15T06:03:41Z</time></trkpt><trkpt lat="31.043477" lon="78.180294"><ele>3111.145</ele><time>2023-02-15T06:03:45Z</time></trkpt><trkpt lat="31.043524" lon="78.180301"><ele>3110.550</ele><time>2023-02-15T06:03:55Z</time></trkpt><trkpt lat="31.043576" lon="78.180304"><ele>3109.821</ele><time>2023-02-15T06:04:04Z</time></trkpt><trkpt lat="31.043623" lon="78.180307"><ele>3109.141</ele><time>2023-02-15T06:04:09Z</time></trkpt><trkpt lat="31.043678" lon="78.180319"><ele>3108.605</ele><time>2023-02-15T06:04:16Z</time></trkpt><trkpt lat="31.043730" lon="78.180312"><ele>3107.609</ele><time>2023-02-15T06:04:21Z</time></trkpt><trkpt lat="31.043790" lon="78.180290"><ele>3106.063</ele><time>2023-02-15T06:04:27Z</time></trkpt><trkpt lat="31.043822" lon="78.180252"><ele>3104.484</ele><time>2023-02-15T06:04:31Z</time></trkpt><trkpt lat="31.043870" lon="78.180247"><ele>3103.527</ele><time>2023-02-15T06:04:36Z</time></trkpt><trkpt lat="31.043918" lon="78.180249"><ele>3102.851</ele><time>2023-02-15T06:04:43Z</time></trkpt><trkpt lat="31.043958" lon="78.180277"><ele>3103.069</ele><time>2023-02-15T06:04:50Z</time></trkpt><trkpt lat="31.044008" lon="78.180287"><ele>3102.598</ele><time>2023-02-15T06:04:56Z</time></trkpt><trkpt lat="31.044065" lon="78.180282"><ele>3101.454</ele><time>2023-02-15T06:05:01Z</time></trkpt><trkpt lat="31.044113" lon="78.180279"><ele>3100.626</ele><time>2023-02-15T06:05:07Z</time></trkpt><trkpt lat="31.044173" lon="78.180271"><ele>3099.441</ele><time>2023-02-15T06:05:15Z</time></trkpt><trkpt lat="31.044225" lon="78.180283"><ele>3099.411</ele><time>2023-02-15T06:05:20Z</time></trkpt><trkpt lat="31.044272" lon="78.180301"><ele>3099.621</ele><time>2023-02-15T06:05:26Z</time></trkpt><trkpt lat="31.044320" lon="78.180323"><ele>3099.903</ele><time>2023-02-15T06:05:32Z</time></trkpt><trkpt lat="31.044365" lon="78.180326"><ele>3099.609</ele><time>2023-02-15T06:05:36Z</time></trkpt><trkpt lat="31.044412" lon="78.180328"><ele>3099.242</ele><time>2023-02-15T06:05:41Z</time></trkpt><trkpt lat="31.044465" lon="78.180330"><ele>3098.863</ele><time>2023-02-15T06:05:49Z</time></trkpt><trkpt lat="31.044603" lon="78.180377"><ele>3098.926</ele><time>2023-02-15T06:06:03Z</time></trkpt><trkpt lat="31.044655" lon="78.180375"><ele>3098.340</ele><time>2023-02-15T06:06:08Z</time></trkpt><trkpt lat="31.044708" lon="78.180372"><ele>3097.768</ele><time>2023-02-15T06:06:12Z</time></trkpt><trkpt lat="31.044756" lon="78.180364"><ele>3097.147</ele><time>2023-02-15T06:06:16Z</time></trkpt><trkpt lat="31.044801" lon="78.180362"><ele>3096.683</ele><time>2023-02-15T06:06:20Z</time></trkpt><trkpt lat="31.044853" lon="78.180370"><ele>3096.395</ele><time>2023-02-15T06:06:27Z</time></trkpt><trkpt lat="31.044910" lon="78.180423"><ele>3097.110</ele><time>2023-02-15T06:06:36Z</time></trkpt><trkpt lat="31.044948" lon="78.180453"><ele>3097.471</ele><time>2023-02-15T06:06:43Z</time></trkpt><trkpt lat="31.045000" lon="78.180443"><ele>3096.641</ele><time>2023-02-15T06:06:50Z</time></trkpt><trkpt lat="31.045058" lon="78.180383"><ele>3094.115</ele><time>2023-02-15T06:07:00Z</time></trkpt><trkpt lat="31.045133" lon="78.180373"><ele>3092.509</ele><time>2023-02-15T06:07:10Z</time></trkpt><trkpt lat="31.045230" lon="78.180323"><ele>3089.548</ele><time>2023-02-15T06:07:26Z</time></trkpt><trkpt lat="31.045300" lon="78.180351"><ele>3088.939</ele><time>2023-02-15T09:31:48Z</time></trkpt><trkpt lat="31.045345" lon="78.180346"><ele>3087.932</ele><time>2023-02-15T09:31:56Z</time></trkpt><trkpt lat="31.045300" lon="78.180401"><ele>3090.126</ele><time>2023-02-15T09:32:44Z</time></trkpt><trkpt lat="31.045357" lon="78.180393"><ele>3088.824</ele><time>2023-02-15T09:32:49Z</time></trkpt><trkpt lat="31.045392" lon="78.180356"><ele>3087.333</ele><time>2023-02-15T09:32:53Z</time></trkpt><trkpt lat="31.045415" lon="78.180308"><ele>3085.739</ele><time>2023-02-15T09:32:59Z</time></trkpt><trkpt lat="31.045518" lon="78.180220"><ele>3081.871</ele><time>2023-02-15T09:33:26Z</time></trkpt><trkpt lat="31.045553" lon="78.180268"><ele>3082.386</ele><time>2023-02-15T09:33:34Z</time></trkpt><trkpt lat="31.045578" lon="78.180323"><ele>3083.129</ele><time>2023-02-15T09:33:39Z</time></trkpt><trkpt lat="31.045623" lon="78.180336"><ele>3082.500</ele><time>2023-02-15T09:33:45Z</time></trkpt><trkpt lat="31.045665" lon="78.180368"><ele>3082.520</ele><time>2023-02-15T09:33:51Z</time></trkpt><trkpt lat="31.045703" lon="78.180398"><ele>3082.509</ele><time>2023-02-15T09:33:58Z</time></trkpt><trkpt lat="31.045698" lon="78.180451"><ele>3083.823</ele><time>2023-02-15T09:34:37Z</time></trkpt><trkpt lat="31.045745" lon="78.180483"><ele>3083.724</ele><time>2023-02-15T09:34:42Z</time></trkpt><trkpt lat="31.045795" lon="78.180518"><ele>3083.567</ele><time>2023-02-15T09:34:46Z</time></trkpt><trkpt lat="31.045835" lon="78.180563"><ele>3083.891</ele><time>2023-02-15T09:34:50Z</time></trkpt><trkpt lat="31.045847" lon="78.180618"><ele>3084.819</ele><time>2023-02-15T09:34:57Z</time></trkpt><trkpt lat="31.045875" lon="78.180665"><ele>3085.238</ele><time>2023-02-15T09:35:08Z</time></trkpt><trkpt lat="31.045915" lon="78.180698"><ele>3085.164</ele><time>2023-02-15T09:35:15Z</time></trkpt><trkpt lat="31.045960" lon="78.180701"><ele>3084.296</ele><time>2023-02-15T09:35:20Z</time></trkpt><trkpt lat="31.046005" lon="78.180674"><ele>3082.561</ele><time>2023-02-15T09:35:28Z</time></trkpt><trkpt lat="31.046055" lon="78.180681"><ele>3081.586</ele><time>2023-02-15T09:35:36Z</time></trkpt><trkpt lat="31.046073" lon="78.180731"><ele>3082.460</ele><time>2023-02-15T09:35:41Z</time></trkpt><trkpt lat="31.046091" lon="78.180779"><ele>3083.326</ele><time>2023-02-15T09:35:46Z</time></trkpt><trkpt lat="31.046134" lon="78.180804"><ele>3083.109</ele><time>2023-02-15T09:35:50Z</time></trkpt><trkpt lat="31.046181" lon="78.180822"><ele>3082.689</ele><time>2023-02-15T09:35:55Z</time></trkpt><trkpt lat="31.046229" lon="78.180842"><ele>3082.240</ele><time>2023-02-15T09:36:01Z</time></trkpt><trkpt lat="31.046272" lon="78.180887"><ele>3082.823</ele><time>2023-02-15T09:36:06Z</time></trkpt><trkpt lat="31.046300" lon="78.180944"><ele>3084.187</ele><time>2023-02-15T09:36:11Z</time></trkpt><trkpt lat="31.046338" lon="78.180979"><ele>3084.615</ele><time>2023-02-15T09:36:18Z</time></trkpt><trkpt lat="31.046381" lon="78.180997"><ele>3084.474</ele><time>2023-02-15T09:36:26Z</time></trkpt><trkpt lat="31.046426" lon="78.181007"><ele>3083.960</ele><time>2023-02-15T09:36:34Z</time></trkpt><trkpt lat="31.046471" lon="78.181039"><ele>3084.252</ele><time>2023-02-15T09:36:42Z</time></trkpt><trkpt lat="31.046501" lon="78.181081"><ele>3085.177</ele><time>2023-02-15T09:36:48Z</time></trkpt><trkpt lat="31.046483" lon="78.181136"><ele>3087.425</ele><time>2023-02-15T09:36:58Z</time></trkpt><trkpt lat="31.046450" lon="78.181181"><ele>3089.526</ele><time>2023-02-15T09:37:03Z</time></trkpt><trkpt lat="31.046470" lon="78.181234"><ele>3091.008</ele><time>2023-02-15T09:37:09Z</time></trkpt><trkpt lat="31.046515" lon="78.181257"><ele>3091.109</ele><time>2023-02-15T09:37:13Z</time></trkpt><trkpt lat="31.046555" lon="78.181287"><ele>3091.623</ele><time>2023-02-15T09:37:17Z</time></trkpt><trkpt lat="31.046603" lon="78.181315"><ele>3091.994</ele><time>2023-02-15T09:37:21Z</time></trkpt><trkpt lat="31.046648" lon="78.181327"><ele>3091.617</ele><time>2023-02-15T09:37:26Z</time></trkpt><trkpt lat="31.046698" lon="78.181332"><ele>3090.951</ele><time>2023-02-15T09:37:32Z</time></trkpt><trkpt lat="31.046743" lon="78.181349"><ele>3090.689</ele><time>2023-02-15T09:37:38Z</time></trkpt><trkpt lat="31.046781" lon="78.181389"><ele>3091.358</ele><time>2023-02-15T09:37:45Z</time></trkpt><trkpt lat="31.046824" lon="78.181416"><ele>3091.524</ele><time>2023-02-15T09:37:50Z</time></trkpt><trkpt lat="31.046872" lon="78.181443"><ele>3091.526</ele><time>2023-02-15T09:37:56Z</time></trkpt><trkpt lat="31.046924" lon="78.181451"><ele>3090.761</ele><time>2023-02-15T09:38:02Z</time></trkpt><trkpt lat="31.046967" lon="78.181483"><ele>3091.032</ele><time>2023-02-15T09:38:12Z</time></trkpt><trkpt lat="31.047000" lon="78.181526"><ele>3092.092</ele><time>2023-02-15T09:38:17Z</time></trkpt><trkpt lat="31.047047" lon="78.181538"><ele>3091.511</ele><time>2023-02-15T09:38:22Z</time></trkpt><trkpt lat="31.047097" lon="78.181563"><ele>3091.409</ele><time>2023-02-15T09:38:27Z</time></trkpt><trkpt lat="31.047139" lon="78.181596"><ele>3091.744</ele><time>2023-02-15T09:38:32Z</time></trkpt><trkpt lat="31.047181" lon="78.181624"><ele>3091.955</ele><time>2023-02-15T09:38:38Z</time></trkpt><trkpt lat="31.047208" lon="78.181672"><ele>3093.018</ele><time>2023-02-15T09:38:43Z</time></trkpt><trkpt lat="31.047248" lon="78.181705"><ele>3092.232</ele><time>2023-02-15T09:38:50Z</time></trkpt><trkpt lat="31.047291" lon="78.181730"><ele>3091.370</ele><time>2023-02-15T09:38:56Z</time></trkpt><trkpt lat="31.047329" lon="78.181763"><ele>3090.539</ele><time>2023-02-15T09:39:03Z</time></trkpt><trkpt lat="31.047381" lon="78.181746"><ele>3089.425</ele><time>2023-02-15T09:39:12Z</time></trkpt><trkpt lat="31.047431" lon="78.181728"><ele>3088.367</ele><time>2023-02-15T09:39:18Z</time></trkpt><trkpt lat="31.047476" lon="78.181731"><ele>3087.462</ele><time>2023-02-15T09:39:23Z</time></trkpt><trkpt lat="31.047519" lon="78.181758"><ele>3086.242</ele><time>2023-02-15T09:39:30Z</time></trkpt><trkpt lat="31.047557" lon="78.181790"><ele>3084.922</ele><time>2023-02-15T09:39:34Z</time></trkpt><trkpt lat="31.047604" lon="78.181813"><ele>3083.314</ele><time>2023-02-15T09:39:39Z</time></trkpt><trkpt lat="31.047657" lon="78.181811"><ele>3081.609</ele><time>2023-02-15T09:39:46Z</time></trkpt><trkpt lat="31.047707" lon="78.181816"><ele>3080.065</ele><time>2023-02-15T09:39:51Z</time></trkpt><trkpt lat="31.047744" lon="78.181854"><ele>3078.856</ele><time>2023-02-15T09:39:58Z</time></trkpt><trkpt lat="31.047787" lon="78.181909"><ele>3077.379</ele><time>2023-02-15T09:40:15Z</time></trkpt><trkpt lat="31.047829" lon="78.181931"><ele>3076.043</ele><time>2023-02-15T09:40:19Z</time></trkpt><trkpt lat="31.047861" lon="78.181978"><ele>3074.911</ele><time>2023-02-15T09:40:23Z</time></trkpt><trkpt lat="31.047904" lon="78.182006"><ele>3073.520</ele><time>2023-02-15T09:40:29Z</time></trkpt><trkpt lat="31.047944" lon="78.182039"><ele>3072.266</ele><time>2023-02-15T09:40:35Z</time></trkpt><trkpt lat="31.047991" lon="78.182054"><ele>3070.758</ele><time>2023-02-15T09:40:44Z</time></trkpt><trkpt lat="31.048039" lon="78.182066"><ele>3069.243</ele><time>2023-02-15T09:40:52Z</time></trkpt><trkpt lat="31.048082" lon="78.182043"><ele>3067.918</ele><time>2023-02-15T09:41:01Z</time></trkpt><trkpt lat="31.048105" lon="78.181991"><ele>3067.298</ele><time>2023-02-15T09:41:10Z</time></trkpt><trkpt lat="31.048148" lon="78.181971"><ele>3065.817</ele><time>2023-02-15T09:41:17Z</time></trkpt><trkpt lat="31.048203" lon="78.181956"><ele>3064.109</ele><time>2023-02-15T09:41:26Z</time></trkpt><trkpt lat="31.048246" lon="78.181931"><ele>3062.822</ele><time>2023-02-15T09:41:32Z</time></trkpt><trkpt lat="31.048289" lon="78.181909"><ele>3061.443</ele><time>2023-02-15T09:42:31Z</time></trkpt><trkpt lat="31.048342" lon="78.181924"><ele>3059.676</ele><time>2023-02-15T09:42:48Z</time></trkpt><trkpt lat="31.048379" lon="78.181892"><ele>3057.950</ele><time>2023-02-15T09:43:00Z</time></trkpt><trkpt lat="31.048417" lon="78.181849"><ele>3056.388</ele><time>2023-02-15T09:43:08Z</time></trkpt><trkpt lat="31.048455" lon="78.181821"><ele>3054.727</ele><time>2023-02-15T09:43:20Z</time></trkpt><trkpt lat="31.048498" lon="78.181838"><ele>3052.783</ele><time>2023-02-15T09:43:25Z</time></trkpt><trkpt lat="31.048545" lon="78.181830"><ele>3050.765</ele><time>2023-02-15T09:43:31Z</time></trkpt><trkpt lat="31.048573" lon="78.181873"><ele>3049.060</ele><time>2023-02-15T09:43:40Z</time></trkpt><trkpt lat="31.048535" lon="78.181918"><ele>3050.457</ele><time>2023-02-15T09:43:51Z</time></trkpt><trkpt lat="31.048527" lon="78.181970"><ele>3050.300</ele><time>2023-02-15T09:43:57Z</time></trkpt><trkpt lat="31.048465" lon="78.182098"><ele>3052.720</ele><time>2023-02-15T09:44:33Z</time></trkpt><trkpt lat="31.048462" lon="78.182173"><ele>3052.509</ele><time>2023-02-15T09:44:42Z</time></trkpt><trkpt lat="31.048469" lon="78.182230"><ele>3051.816</ele><time>2023-02-15T09:44:50Z</time></trkpt><trkpt lat="31.048504" lon="78.182272"><ele>3049.387</ele><time>2023-02-15T09:44:55Z</time></trkpt><trkpt lat="31.048617" lon="78.182385"><ele>3040.950</ele><time>2023-02-15T09:46:10Z</time></trkpt><trkpt lat="31.048572" lon="78.182388"><ele>3043.974</ele><time>2023-02-15T09:46:19Z</time></trkpt><trkpt lat="31.048540" lon="78.182293"><ele>3046.982</ele><time>2023-02-15T09:46:58Z</time></trkpt><trkpt lat="31.048598" lon="78.182366"><ele>3042.491</ele><time>2023-02-15T09:47:12Z</time></trkpt><trkpt lat="31.048636" lon="78.182396"><ele>3039.517</ele><time>2023-02-15T09:48:10Z</time></trkpt><trkpt lat="31.048584" lon="78.182353"><ele>3043.579</ele><time>2023-02-15T09:48:15Z</time></trkpt><trkpt lat="31.048552" lon="78.182301"><ele>3046.184</ele><time>2023-02-15T09:48:18Z</time></trkpt><trkpt lat="31.048504" lon="78.182286"><ele>3049.269</ele><time>2023-02-15T09:49:21Z</time></trkpt><trkpt lat="31.048557" lon="78.182314"><ele>3045.604</ele><time>2023-02-15T09:55:28Z</time></trkpt><trkpt lat="31.048525" lon="78.182274"><ele>3048.024</ele><time>2023-02-15T09:55:36Z</time></trkpt><trkpt lat="31.048508" lon="78.182359"><ele>3048.509</ele><time>2023-02-15T09:56:44Z</time></trkpt><trkpt lat="31.048533" lon="78.182242"><ele>3047.817</ele><time>2023-02-15T09:57:20Z</time></trkpt><trkpt lat="31.048590" lon="78.182175"><ele>3045.088</ele><time>2023-02-15T09:57:38Z</time></trkpt><trkpt lat="31.048635" lon="78.182160"><ele>3042.681</ele><time>2023-02-15T09:58:00Z</time></trkpt><trkpt lat="31.048633" lon="78.182215"><ele>3042.075</ele><time>2023-02-15T09:58:08Z</time></trkpt><trkpt lat="31.048630" lon="78.182272"><ele>3041.523</ele><time>2023-02-15T09:58:15Z</time></trkpt><trkpt lat="31.048645" lon="78.182187"><ele>3041.672</ele><time>2023-02-15T09:58:59Z</time></trkpt><trkpt lat="31.048692" lon="78.182129"><ele>3039.778</ele><time>2023-02-15T09:59:07Z</time></trkpt><trkpt lat="31.048770" lon="78.182042"><ele>3036.910</ele><time>2023-02-15T09:59:21Z</time></trkpt><trkpt lat="31.048825" lon="78.182019"><ele>3034.595</ele><time>2023-02-15T09:59:33Z</time></trkpt><trkpt lat="31.048875" lon="78.181989"><ele>3032.624</ele><time>2023-02-15T09:59:45Z</time></trkpt><trkpt lat="31.048962" lon="78.181984"><ele>3028.304</ele><time>2023-02-15T09:59:55Z</time></trkpt><trkpt lat="31.049169" lon="78.181967"><ele>3018.414</ele><time>2023-02-15T10:00:25Z</time></trkpt><trkpt lat="31.049232" lon="78.181945"><ele>3016.509</ele><time>2023-02-15T10:00:53Z</time></trkpt><trkpt lat="31.049230" lon="78.182005"><ele>3014.523</ele><time>2023-02-15T10:00:57Z</time></trkpt><trkpt lat="31.049212" lon="78.182055"><ele>3013.634</ele><time>2023-02-15T10:01:03Z</time></trkpt><trkpt lat="31.049170" lon="78.182080"><ele>3014.587</ele><time>2023-02-15T10:01:10Z</time></trkpt><trkpt lat="31.049248" lon="78.182080"><ele>3011.251</ele><time>2023-02-15T10:01:32Z</time></trkpt><trkpt lat="31.049201" lon="78.182133"><ele>3011.319</ele><time>2023-02-15T10:01:42Z</time></trkpt><trkpt lat="31.049171" lon="78.182180"><ele>3011.058</ele><time>2023-02-15T10:01:48Z</time></trkpt><trkpt lat="31.049148" lon="78.182235"><ele>3010.424</ele><time>2023-02-15T10:01:54Z</time></trkpt><trkpt lat="31.049120" lon="78.182280"><ele>3010.616</ele><time>2023-02-15T10:01:59Z</time></trkpt><trkpt lat="31.049102" lon="78.182330"><ele>3010.151</ele><time>2023-02-15T10:02:07Z</time></trkpt><trkpt lat="31.049114" lon="78.182383"><ele>3007.667</ele><time>2023-02-15T10:02:15Z</time></trkpt><trkpt lat="31.049114" lon="78.182436"><ele>3005.981</ele><time>2023-02-15T10:02:23Z</time></trkpt><trkpt lat="31.049112" lon="78.182491"><ele>3004.219</ele><time>2023-02-15T10:02:34Z</time></trkpt><trkpt lat="31.049130" lon="78.182541"><ele>3000.609</ele><time>2023-02-15T10:02:41Z</time></trkpt><trkpt lat="31.049120" lon="78.182594"><ele>2998.747</ele><time>2023-02-15T10:02:52Z</time></trkpt><trkpt lat="31.049110" lon="78.182649"><ele>2996.688</ele><time>2023-02-15T10:03:01Z</time></trkpt><trkpt lat="31.049138" lon="78.182694"><ele>2992.311</ele><time>2023-02-15T10:03:12Z</time></trkpt><trkpt lat="31.049183" lon="78.182721"><ele>2988.365</ele><time>2023-02-15T10:03:20Z</time></trkpt><trkpt lat="31.049218" lon="78.182759"><ele>2985.153</ele><time>2023-02-15T10:03:37Z</time></trkpt><trkpt lat="31.049255" lon="78.182727"><ele>2985.362</ele><time>2023-02-15T10:03:52Z</time></trkpt><trkpt lat="31.049293" lon="78.182674"><ele>2986.478</ele><time>2023-02-15T10:04:01Z</time></trkpt><trkpt lat="31.049328" lon="78.182639"><ele>2986.730</ele><time>2023-02-15T10:04:05Z</time></trkpt><trkpt lat="31.049421" lon="78.182559"><ele>2986.565</ele><time>2023-02-15T10:04:35Z</time></trkpt><trkpt lat="31.049439" lon="78.182617"><ele>2983.335</ele><time>2023-02-15T10:04:47Z</time></trkpt><trkpt lat="31.049469" lon="78.182660"><ele>2980.386</ele><time>2023-02-15T10:04:53Z</time></trkpt><trkpt lat="31.049506" lon="78.182698"><ele>2977.314</ele><time>2023-02-15T10:04:58Z</time></trkpt><trkpt lat="31.049476" lon="78.182758"><ele>2975.909</ele><time>2023-02-15T10:05:18Z</time></trkpt><trkpt lat="31.049523" lon="78.182780"><ele>2973.424</ele><time>2023-02-15T10:05:32Z</time></trkpt><trkpt lat="31.049566" lon="78.182800"><ele>2971.185</ele><time>2023-02-15T10:05:40Z</time></trkpt><trkpt lat="31.049606" lon="78.182835"><ele>2968.468</ele><time>2023-02-15T10:05:46Z</time></trkpt><trkpt lat="31.049618" lon="78.182892"><ele>2965.852</ele><time>2023-02-15T10:05:52Z</time></trkpt><trkpt lat="31.049800" lon="78.182814"><ele>2962.560</ele><time>2023-02-15T10:07:07Z</time></trkpt><trkpt lat="31.049848" lon="78.182817"><ele>2960.839</ele><time>2023-02-15T10:07:17Z</time></trkpt><trkpt lat="31.049911" lon="78.182799"><ele>2959.285</ele><time>2023-02-15T10:07:36Z</time></trkpt><trkpt lat="31.049948" lon="78.182762"><ele>2958.937</ele><time>2023-02-15T10:07:43Z</time></trkpt><trkpt lat="31.050068" lon="78.182637"><ele>2956.722</ele><time>2023-02-15T10:08:35Z</time></trkpt><trkpt lat="31.050186" lon="78.182605"><ele>2951.064</ele><time>2023-02-15T10:08:51Z</time></trkpt><trkpt lat="31.050231" lon="78.182603"><ele>2948.606</ele><time>2023-02-15T10:09:04Z</time></trkpt><trkpt lat="31.050308" lon="78.182588"><ele>2944.716</ele><time>2023-02-15T10:09:22Z</time></trkpt><trkpt lat="31.050336" lon="78.182526"><ele>2944.509</ele><time>2023-02-15T10:09:36Z</time></trkpt><trkpt lat="31.050394" lon="78.182519"><ele>2941.497</ele><time>2023-02-15T10:09:55Z</time></trkpt><trkpt lat="31.050464" lon="78.182517"><ele>2937.518</ele><time>2023-02-15T10:10:10Z</time></trkpt><trkpt lat="31.050514" lon="78.182514"><ele>2934.771</ele><time>2023-02-15T10:10:17Z</time></trkpt><trkpt lat="31.050552" lon="78.182482"><ele>2933.795</ele><time>2023-02-15T10:10:27Z</time></trkpt><trkpt lat="31.050594" lon="78.182447"><ele>2932.943</ele><time>2023-02-15T10:10:35Z</time></trkpt><trkpt lat="31.050632" lon="78.182417"><ele>2932.262</ele><time>2023-02-15T10:10:42Z</time></trkpt><trkpt lat="31.050664" lon="78.182377"><ele>2932.428</ele><time>2023-02-15T10:10:49Z</time></trkpt><trkpt lat="31.050699" lon="78.182344"><ele>2932.170</ele><time>2023-02-15T10:10:55Z</time></trkpt><trkpt lat="31.050742" lon="78.182314"><ele>2931.215</ele><time>2023-02-15T10:11:01Z</time></trkpt><trkpt lat="31.050794" lon="78.182314"><ele>2928.516</ele><time>2023-02-15T10:11:08Z</time></trkpt><trkpt lat="31.050856" lon="78.182331"><ele>2925.276</ele><time>2023-02-15T10:11:26Z</time></trkpt><trkpt lat="31.050903" lon="78.182351"><ele>2923.513</ele><time>2023-02-15T10:11:32Z</time></trkpt><trkpt lat="31.050948" lon="78.182359"><ele>2922.609</ele><time>2023-02-15T10:11:43Z</time></trkpt><trkpt lat="31.051005" lon="78.182356"><ele>2921.972</ele><time>2023-02-15T10:11:55Z</time></trkpt><trkpt lat="31.051052" lon="78.182371"><ele>2920.743</ele><time>2023-02-15T10:12:00Z</time></trkpt><trkpt lat="31.051100" lon="78.182386"><ele>2919.586</ele><time>2023-02-15T10:12:06Z</time></trkpt><trkpt lat="31.051153" lon="78.182384"><ele>2919.060</ele><time>2023-02-15T10:12:14Z</time></trkpt><trkpt lat="31.051203" lon="78.182391"><ele>2918.128</ele><time>2023-02-15T10:12:23Z</time></trkpt><trkpt lat="31.051235" lon="78.182434"><ele>2916.517</ele><time>2023-02-15T10:12:29Z</time></trkpt><trkpt lat="31.051268" lon="78.182472"><ele>2915.293</ele><time>2023-02-15T10:12:33Z</time></trkpt><trkpt lat="31.051300" lon="78.182517"><ele>2913.925</ele><time>2023-02-15T10:12:40Z</time></trkpt><trkpt lat="31.051317" lon="78.182567"><ele>2912.990</ele><time>2023-02-15T10:12:50Z</time></trkpt><trkpt lat="31.051344" lon="78.182617"><ele>2911.887</ele><time>2023-02-15T10:13:00Z</time></trkpt><trkpt lat="31.051361" lon="78.182679"><ele>2910.542</ele><time>2023-02-15T10:13:13Z</time></trkpt><trkpt lat="31.051381" lon="78.182734"><ele>2909.326</ele><time>2023-02-15T10:13:21Z</time></trkpt><trkpt lat="31.051408" lon="78.182781"><ele>2908.209</ele><time>2023-02-15T10:13:27Z</time></trkpt><trkpt lat="31.051446" lon="78.182819"><ele>2907.259</ele><time>2023-02-15T10:13:32Z</time></trkpt><trkpt lat="31.051471" lon="78.182871"><ele>2906.010</ele><time>2023-02-15T10:13:38Z</time></trkpt><trkpt lat="31.051488" lon="78.182949"><ele>2904.453</ele><time>2023-02-15T10:13:46Z</time></trkpt><trkpt lat="31.051483" lon="78.183007"><ele>2903.387</ele><time>2023-02-15T10:13:55Z</time></trkpt><trkpt lat="31.051548" lon="78.183062"><ele>2901.655</ele><time>2023-02-15T10:14:12Z</time></trkpt><trkpt lat="31.051593" lon="78.183059"><ele>2901.324</ele><time>2023-02-15T10:14:16Z</time></trkpt><trkpt lat="31.051640" lon="78.183054"><ele>2900.970</ele><time>2023-02-15T10:14:22Z</time></trkpt><trkpt lat="31.051687" lon="78.182977"><ele>2901.382</ele><time>2023-02-15T10:14:45Z</time></trkpt><trkpt lat="31.051747" lon="78.182939"><ele>2899.377</ele><time>2023-02-15T10:15:05Z</time></trkpt><trkpt lat="31.051789" lon="78.182912"><ele>2897.915</ele><time>2023-02-15T10:15:11Z</time></trkpt><trkpt lat="31.051812" lon="78.183035"><ele>2894.465</ele><time>2023-02-15T10:15:34Z</time></trkpt><trkpt lat="31.051859" lon="78.183023"><ele>2892.511</ele><time>2023-02-15T10:15:44Z</time></trkpt><trkpt lat="31.051907" lon="78.182988"><ele>2890.909</ele><time>2023-02-15T10:15:52Z</time></trkpt><trkpt lat="31.051975" lon="78.182971"><ele>2888.142</ele><time>2023-02-15T10:16:00Z</time></trkpt><trkpt lat="31.052118" lon="78.182936"><ele>2882.163</ele><time>2023-02-15T10:16:28Z</time></trkpt><trkpt lat="31.052160" lon="78.182971"><ele>2879.536</ele><time>2023-02-15T10:16:33Z</time></trkpt><trkpt lat="31.052198" lon="78.183004"><ele>2877.370</ele><time>2023-02-15T10:16:39Z</time></trkpt><trkpt lat="31.052426" lon="78.183071"><ele>2865.848</ele><time>2023-02-15T10:18:01Z</time></trkpt><trkpt lat="31.052471" lon="78.183088"><ele>2863.637</ele><time>2023-02-15T10:18:28Z</time></trkpt><trkpt lat="31.052463" lon="78.183025"><ele>2864.813</ele><time>2023-02-15T10:18:41Z</time></trkpt><trkpt lat="31.052525" lon="78.182982"><ele>2862.715</ele><time>2023-02-15T10:18:53Z</time></trkpt><trkpt lat="31.052603" lon="78.182919"><ele>2860.490</ele><time>2023-02-15T10:19:23Z</time></trkpt><trkpt lat="31.052641" lon="78.182959"><ele>2858.476</ele><time>2023-02-15T10:19:28Z</time></trkpt><trkpt lat="31.052651" lon="78.183016"><ele>2857.490</ele><time>2023-02-15T10:19:32Z</time></trkpt><trkpt lat="31.052763" lon="78.183049"><ele>2852.819</ele><time>2023-02-15T10:20:27Z</time></trkpt><trkpt lat="31.052790" lon="78.183096"><ele>2851.409</ele><time>2023-02-15T10:20:35Z</time></trkpt><trkpt lat="31.052767" lon="78.183166"><ele>2851.658</ele><time>2023-02-15T10:20:51Z</time></trkpt><trkpt lat="31.052812" lon="78.183258"><ele>2849.219</ele><time>2023-02-15T10:21:16Z</time></trkpt><trkpt lat="31.052844" lon="78.183301"><ele>2847.782</ele><time>2023-02-15T10:21:23Z</time></trkpt><trkpt lat="31.052947" lon="78.183299"><ele>2844.296</ele><time>2023-02-15T10:21:55Z</time></trkpt><trkpt lat="31.052980" lon="78.183412"><ele>2841.894</ele><time>2023-02-15T10:22:37Z</time></trkpt><trkpt lat="31.053200" lon="78.183460"><ele>2835.553</ele><time>2023-02-15T10:24:10Z</time></trkpt><trkpt lat="31.053268" lon="78.183473"><ele>2833.829</ele><time>2023-02-15T10:24:27Z</time></trkpt><trkpt lat="31.053343" lon="78.183568"><ele>2833.121</ele><time>2023-02-15T10:24:51Z</time></trkpt><trkpt lat="31.053313" lon="78.183611"><ele>2833.796</ele><time>2023-02-15T10:24:58Z</time></trkpt><trkpt lat="31.053271" lon="78.183656"><ele>2834.528</ele><time>2023-02-15T10:25:03Z</time></trkpt><trkpt lat="31.053254" lon="78.183719"><ele>2835.089</ele><time>2023-02-15T10:25:08Z</time></trkpt><trkpt lat="31.053216" lon="78.183751"><ele>2835.317</ele><time>2023-02-15T10:25:17Z</time></trkpt><trkpt lat="31.053169" lon="78.183768"><ele>2835.609</ele><time>2023-02-15T10:25:30Z</time></trkpt><trkpt lat="31.053141" lon="78.183811"><ele>2835.753</ele><time>2023-02-15T10:25:35Z</time></trkpt><trkpt lat="31.053108" lon="78.183856"><ele>2835.554</ele><time>2023-02-15T10:25:41Z</time></trkpt><trkpt lat="31.052995" lon="78.184018"><ele>2833.497</ele><time>2023-02-15T10:25:54Z</time></trkpt><trkpt lat="31.053015" lon="78.183910"><ele>2834.931</ele><time>2023-02-15T10:26:00Z</time></trkpt><trkpt lat="31.053017" lon="78.183853"><ele>2835.699</ele><time>2023-02-15T10:26:02Z</time></trkpt><trkpt lat="31.053042" lon="78.183798"><ele>2836.178</ele><time>2023-02-15T10:26:05Z</time></trkpt><trkpt lat="31.053054" lon="78.183731"><ele>2836.764</ele><time>2023-02-15T10:26:16Z</time></trkpt><trkpt lat="31.053089" lon="78.183691"><ele>2836.736</ele><time>2023-02-15T10:26:24Z</time></trkpt><trkpt lat="31.053034" lon="78.183756"><ele>2836.691</ele><time>2023-02-15T10:27:08Z</time></trkpt><trkpt lat="31.053051" lon="78.183814"><ele>2835.997</ele><time>2023-02-15T10:27:11Z</time></trkpt><trkpt lat="31.053053" lon="78.183871"><ele>2835.423</ele><time>2023-02-15T10:27:20Z</time></trkpt><trkpt lat="31.053026" lon="78.183918"><ele>2834.925</ele><time>2023-02-15T10:27:29Z</time></trkpt><trkpt lat="31.053014" lon="78.183975"><ele>2834.109</ele><time>2023-02-15T10:27:39Z</time></trkpt><trkpt lat="31.052986" lon="78.184030"><ele>2833.210</ele><time>2023-02-15T10:27:49Z</time></trkpt><trkpt lat="31.052963" lon="78.184083"><ele>2832.221</ele><time>2023-02-15T10:27:55Z</time></trkpt><trkpt lat="31.052926" lon="78.184123"><ele>2830.994</ele><time>2023-02-15T10:28:02Z</time></trkpt><trkpt lat="31.052893" lon="78.184166"><ele>2829.648</ele><time>2023-02-15T10:28:10Z</time></trkpt><trkpt lat="31.052875" lon="78.184218"><ele>2828.566</ele><time>2023-02-15T10:28:15Z</time></trkpt><trkpt lat="31.052835" lon="78.184265"><ele>2827.295</ele><time>2023-02-15T10:28:22Z</time></trkpt><trkpt lat="31.052790" lon="78.184288"><ele>2826.111</ele><time>2023-02-15T10:28:30Z</time></trkpt><trkpt lat="31.052767" lon="78.184335"><ele>2825.193</ele><time>2023-02-15T10:29:14Z</time></trkpt><trkpt lat="31.052745" lon="78.184393"><ele>2824.138</ele><time>2023-02-15T10:29:19Z</time></trkpt><trkpt lat="31.052717" lon="78.184436"><ele>2823.247</ele><time>2023-02-15T10:29:23Z</time></trkpt><trkpt lat="31.052697" lon="78.184494"><ele>2822.329</ele><time>2023-02-15T10:29:28Z</time></trkpt><trkpt lat="31.052667" lon="78.184537"><ele>2821.521</ele><time>2023-02-15T10:29:33Z</time></trkpt><trkpt lat="31.052625" lon="78.184570"><ele>2820.609</ele><time>2023-02-15T10:29:37Z</time></trkpt><trkpt lat="31.052608" lon="78.184620"><ele>2820.015</ele><time>2023-02-15T10:29:42Z</time></trkpt><trkpt lat="31.052605" lon="78.184675"><ele>2819.476</ele><time>2023-02-15T10:29:47Z</time></trkpt><trkpt lat="31.052565" lon="78.184630"><ele>2819.479</ele><time>2023-02-15T10:29:59Z</time></trkpt><trkpt lat="31.052518" lon="78.184662"><ele>2818.653</ele><time>2023-02-15T10:30:05Z</time></trkpt><trkpt lat="31.052476" lon="78.184690"><ele>2818.861</ele><time>2023-02-15T10:30:11Z</time></trkpt><trkpt lat="31.052461" lon="78.184745"><ele>2818.750</ele><time>2023-02-15T10:30:16Z</time></trkpt><trkpt lat="31.052428" lon="78.184795"><ele>2819.066</ele><time>2023-02-15T10:30:22Z</time></trkpt><trkpt lat="31.052393" lon="78.184828"><ele>2819.398</ele><time>2023-02-15T10:30:28Z</time></trkpt><trkpt lat="31.052371" lon="78.184883"><ele>2819.193</ele><time>2023-02-15T10:30:36Z</time></trkpt><trkpt lat="31.052359" lon="78.184940"><ele>2818.625</ele><time>2023-02-15T10:30:43Z</time></trkpt><trkpt lat="31.052314" lon="78.184948"><ele>2819.226</ele><time>2023-02-15T10:30:50Z</time></trkpt><trkpt lat="31.052274" lon="78.184983"><ele>2819.208</ele><time>2023-02-15T10:30:58Z</time></trkpt><trkpt lat="31.052239" lon="78.185028"><ele>2818.609</ele><time>2023-02-15T10:31:04Z</time></trkpt><trkpt lat="31.052192" lon="78.185046"><ele>2818.773</ele><time>2023-02-15T10:31:08Z</time></trkpt><trkpt lat="31.052142" lon="78.185051"><ele>2819.214</ele><time>2023-02-15T10:31:12Z</time></trkpt><trkpt lat="31.052095" lon="78.185028"><ele>2820.587</ele><time>2023-02-15T10:31:19Z</time></trkpt><trkpt lat="31.052047" lon="78.185050"><ele>2820.691</ele><time>2023-02-15T10:31:28Z</time></trkpt><trkpt lat="31.052000" lon="78.185072"><ele>2820.639</ele><time>2023-02-15T10:31:33Z</time></trkpt><trkpt lat="31.051957" lon="78.185107"><ele>2820.238</ele><time>2023-02-15T10:31:38Z</time></trkpt><trkpt lat="31.051919" lon="78.185144"><ele>2819.744</ele><time>2023-02-15T10:31:44Z</time></trkpt><trkpt lat="31.051882" lon="78.185177"><ele>2819.396</ele><time>2023-02-15T10:31:49Z</time></trkpt><trkpt lat="31.051842" lon="78.185212"><ele>2818.951</ele><time>2023-02-15T10:31:54Z</time></trkpt><trkpt lat="31.051819" lon="78.185257"><ele>2818.022</ele><time>2023-02-15T10:32:00Z</time></trkpt><trkpt lat="31.051779" lon="78.185299"><ele>2817.462</ele><time>2023-02-15T10:32:07Z</time></trkpt><trkpt lat="31.051759" lon="78.185359"><ele>2816.108</ele><time>2023-02-15T10:32:13Z</time></trkpt><trkpt lat="31.051736" lon="78.185414"><ele>2815.009</ele><time>2023-02-15T10:32:17Z</time></trkpt><trkpt lat="31.051709" lon="78.185462"><ele>2814.153</ele><time>2023-02-15T10:32:21Z</time></trkpt><trkpt lat="31.051679" lon="78.185505"><ele>2813.594</ele><time>2023-02-15T10:32:26Z</time></trkpt><trkpt lat="31.051646" lon="78.185550"><ele>2813.237</ele><time>2023-02-15T10:32:33Z</time></trkpt><trkpt lat="31.051621" lon="78.185597"><ele>2812.731</ele><time>2023-02-15T10:32:38Z</time></trkpt><trkpt lat="31.051606" lon="78.185649"><ele>2811.889</ele><time>2023-02-15T10:32:44Z</time></trkpt><trkpt lat="31.051626" lon="78.185702"><ele>2809.898</ele><time>2023-02-15T10:32:51Z</time></trkpt><trkpt lat="31.051628" lon="78.185770"><ele>2807.934</ele><time>2023-02-15T10:33:04Z</time></trkpt><trkpt lat="31.051615" lon="78.185868"><ele>2805.326</ele><time>2023-02-15T10:33:33Z</time></trkpt><trkpt lat="31.051568" lon="78.185893"><ele>2805.981</ele><time>2023-02-15T10:33:44Z</time></trkpt><trkpt lat="31.051538" lon="78.185961"><ele>2804.585</ele><time>2023-02-15T10:34:37Z</time></trkpt><trkpt lat="31.051470" lon="78.185954"><ele>2807.189</ele><time>2023-02-15T10:35:18Z</time></trkpt><trkpt lat="31.051468" lon="78.186012"><ele>2805.217</ele><time>2023-02-15T10:35:29Z</time></trkpt><trkpt lat="31.051455" lon="78.186064"><ele>2803.909</ele><time>2023-02-15T10:35:34Z</time></trkpt><trkpt lat="31.051437" lon="78.186117"><ele>2802.929</ele><time>2023-02-15T10:35:39Z</time></trkpt><trkpt lat="31.051482" lon="78.186137"><ele>2800.540</ele><time>2023-02-15T10:35:49Z</time></trkpt><trkpt lat="31.051607" lon="78.186140"><ele>2795.583</ele><time>2023-02-15T10:36:19Z</time></trkpt><trkpt lat="31.051654" lon="78.186115"><ele>2794.797</ele><time>2023-02-15T10:36:28Z</time></trkpt><trkpt lat="31.051681" lon="78.186250"><ele>2788.895</ele><time>2023-02-15T10:37:10Z</time></trkpt><trkpt lat="31.051659" lon="78.186302"><ele>2787.324</ele><time>2023-02-15T10:37:35Z</time></trkpt><trkpt lat="31.051744" lon="78.186297"><ele>2785.910</ele><time>2023-02-15T10:37:57Z</time></trkpt><trkpt lat="31.051696" lon="78.186350"><ele>2784.772</ele><time>2023-02-15T10:38:42Z</time></trkpt><trkpt lat="31.051666" lon="78.186417"><ele>2782.627</ele><time>2023-02-15T10:38:58Z</time></trkpt><trkpt lat="31.051713" lon="78.186442"><ele>2780.969</ele><time>2023-02-15T10:39:04Z</time></trkpt><trkpt lat="31.051676" lon="78.186497"><ele>2779.404</ele><time>2023-02-15T10:39:29Z</time></trkpt><trkpt lat="31.051614" lon="78.186514"><ele>2781.424</ele><time>2023-02-15T10:39:38Z</time></trkpt><trkpt lat="31.051579" lon="78.186562"><ele>2781.309</ele><time>2023-02-15T10:39:45Z</time></trkpt><trkpt lat="31.051557" lon="78.186614"><ele>2780.587</ele><time>2023-02-15T10:39:51Z</time></trkpt><trkpt lat="31.051565" lon="78.186672"><ele>2778.148</ele><time>2023-02-15T10:40:06Z</time></trkpt><trkpt lat="31.051563" lon="78.186727"><ele>2777.251</ele><time>2023-02-15T10:40:12Z</time></trkpt><trkpt lat="31.051566" lon="78.186780"><ele>2776.085</ele><time>2023-02-15T10:40:19Z</time></trkpt><trkpt lat="31.051579" lon="78.186840"><ele>2774.263</ele><time>2023-02-15T10:40:33Z</time></trkpt><trkpt lat="31.051569" lon="78.186893"><ele>2773.652</ele><time>2023-02-15T10:40:41Z</time></trkpt><trkpt lat="31.051566" lon="78.186946"><ele>2772.778</ele><time>2023-02-15T10:40:48Z</time></trkpt><trkpt lat="31.051564" lon="78.187006"><ele>2771.690</ele><time>2023-02-15T10:41:06Z</time></trkpt><trkpt lat="31.051554" lon="78.187064"><ele>2771.055</ele><time>2023-02-15T10:41:12Z</time></trkpt><trkpt lat="31.051551" lon="78.187124"><ele>2769.987</ele><time>2023-02-15T10:41:18Z</time></trkpt><trkpt lat="31.051544" lon="78.187182"><ele>2769.142</ele><time>2023-02-15T10:41:24Z</time></trkpt><trkpt lat="31.051507" lon="78.187224"><ele>2769.826</ele><time>2023-02-15T10:41:31Z</time></trkpt><trkpt lat="31.051462" lon="78.187256"><ele>2771.009</ele><time>2023-02-15T10:41:37Z</time></trkpt><trkpt lat="31.051465" lon="78.187316"><ele>2769.619</ele><time>2023-02-15T10:41:45Z</time></trkpt><trkpt lat="31.051473" lon="78.187371"><ele>2768.280</ele><time>2023-02-15T10:41:51Z</time></trkpt><trkpt lat="31.051475" lon="78.187424"><ele>2767.093</ele><time>2023-02-15T10:41:59Z</time></trkpt><trkpt lat="31.051425" lon="78.187424"><ele>2768.997</ele><time>2023-02-15T10:42:11Z</time></trkpt><trkpt lat="31.051380" lon="78.187442"><ele>2770.395</ele><time>2023-02-15T10:42:20Z</time></trkpt><trkpt lat="31.051385" lon="78.187507"><ele>2768.714</ele><time>2023-02-15T10:42:32Z</time></trkpt><trkpt lat="31.051362" lon="78.187554"><ele>2769.070</ele><time>2023-02-15T10:42:39Z</time></trkpt><trkpt lat="31.051332" lon="78.187597"><ele>2769.642</ele><time>2023-02-15T10:42:45Z</time></trkpt><trkpt lat="31.051314" lon="78.187655"><ele>2769.567</ele><time>2023-02-15T10:42:51Z</time></trkpt><trkpt lat="31.051291" lon="78.187700"><ele>2769.677</ele><time>2023-02-15T10:42:56Z</time></trkpt><trkpt lat="31.051274" lon="78.187753"><ele>2769.461</ele><time>2023-02-15T10:43:01Z</time></trkpt><trkpt lat="31.051257" lon="78.187805"><ele>2769.227</ele><time>2023-02-15T10:43:08Z</time></trkpt><trkpt lat="31.051232" lon="78.187857"><ele>2769.209</ele><time>2023-02-15T10:43:16Z</time></trkpt><trkpt lat="31.051227" lon="78.187914"><ele>2768.498</ele><time>2023-02-15T10:43:21Z</time></trkpt><trkpt lat="31.051237" lon="78.187966"><ele>2767.489</ele><time>2023-02-15T10:43:28Z</time></trkpt><trkpt lat="31.051195" lon="78.187991"><ele>2768.172</ele><time>2023-02-15T10:43:34Z</time></trkpt><trkpt lat="31.051145" lon="78.188009"><ele>2769.156</ele><time>2023-02-15T10:43:40Z</time></trkpt><trkpt lat="31.051118" lon="78.188056"><ele>2768.964</ele><time>2023-02-15T10:43:47Z</time></trkpt><trkpt lat="31.051093" lon="78.188104"><ele>2768.633</ele><time>2023-02-15T10:43:53Z</time></trkpt><trkpt lat="31.051075" lon="78.188049"><ele>2770.149</ele><time>2023-02-15T10:44:00Z</time></trkpt><trkpt lat="31.051028" lon="78.188024"><ele>2771.861</ele><time>2023-02-15T10:44:05Z</time></trkpt><trkpt lat="31.050983" lon="78.188039"><ele>2772.616</ele><time>2023-02-15T10:44:10Z</time></trkpt><trkpt lat="31.050948" lon="78.188077"><ele>2772.732</ele><time>2023-02-15T10:44:16Z</time></trkpt><trkpt lat="31.050913" lon="78.188110"><ele>2772.892</ele><time>2023-02-15T10:44:22Z</time></trkpt><trkpt lat="31.050881" lon="78.188155"><ele>2772.411</ele><time>2023-02-15T10:44:27Z</time></trkpt><trkpt lat="31.050846" lon="78.188202"><ele>2772.009</ele><time>2023-02-15T10:44:33Z</time></trkpt><trkpt lat="31.050808" lon="78.188242"><ele>2771.874</ele><time>2023-02-15T10:44:41Z</time></trkpt><trkpt lat="31.050798" lon="78.188294"><ele>2770.765</ele><time>2023-02-15T10:44:47Z</time></trkpt><trkpt lat="31.050796" lon="78.188349"><ele>2769.488</ele><time>2023-02-15T10:44:54Z</time></trkpt><trkpt lat="31.050748" lon="78.188369"><ele>2770.082</ele><time>2023-02-15T10:45:01Z</time></trkpt><trkpt lat="31.050703" lon="78.188362"><ele>2771.060</ele><time>2023-02-15T10:45:07Z</time></trkpt><trkpt lat="31.050666" lon="78.188397"><ele>2771.099</ele><time>2023-02-15T10:45:14Z</time></trkpt><trkpt lat="31.050618" lon="78.188407"><ele>2771.785</ele><time>2023-02-15T10:45:22Z</time></trkpt><trkpt lat="31.050568" lon="78.188415"><ele>2772.557</ele><time>2023-02-15T10:45:29Z</time></trkpt><trkpt lat="31.050538" lon="78.188458"><ele>2772.122</ele><time>2023-02-15T10:45:36Z</time></trkpt><trkpt lat="31.050531" lon="78.188515"><ele>2770.865</ele><time>2023-02-15T10:45:41Z</time></trkpt><trkpt lat="31.050549" lon="78.188577"><ele>2769.068</ele><time>2023-02-15T10:45:46Z</time></trkpt><trkpt lat="31.050529" lon="78.188627"><ele>2768.214</ele><time>2023-02-15T10:45:51Z</time></trkpt><trkpt lat="31.050482" lon="78.188650"><ele>2768.409</ele><time>2023-02-15T10:45:56Z</time></trkpt><trkpt lat="31.050439" lon="78.188667"><ele>2768.747</ele><time>2023-02-15T10:46:01Z</time></trkpt><trkpt lat="31.050399" lon="78.188704"><ele>2768.438</ele><time>2023-02-15T10:46:08Z</time></trkpt><trkpt lat="31.050369" lon="78.188746"><ele>2767.831</ele><time>2023-02-15T10:46:13Z</time></trkpt><trkpt lat="31.050356" lon="78.188801"><ele>2766.645</ele><time>2023-02-15T10:46:18Z</time></trkpt><trkpt lat="31.050344" lon="78.188854"><ele>2765.463</ele><time>2023-02-15T10:46:22Z</time></trkpt><trkpt lat="31.050299" lon="78.188887"><ele>2765.262</ele><time>2023-02-15T10:46:28Z</time></trkpt><trkpt lat="31.050264" lon="78.188922"><ele>2764.758</ele><time>2023-02-15T10:46:34Z</time></trkpt><trkpt lat="31.050294" lon="78.188969"><ele>2763.150</ele><time>2023-02-15T10:46:43Z</time></trkpt><trkpt lat="31.050269" lon="78.189017"><ele>2762.165</ele><time>2023-02-15T10:46:49Z</time></trkpt><trkpt lat="31.050231" lon="78.188984"><ele>2763.572</ele><time>2023-02-15T10:46:56Z</time></trkpt><trkpt lat="31.050246" lon="78.188907"><ele>2765.413</ele><time>2023-02-15T10:47:52Z</time></trkpt><trkpt lat="31.050269" lon="78.188957"><ele>2763.714</ele><time>2023-02-15T10:47:57Z</time></trkpt><trkpt lat="31.050314" lon="78.188964"><ele>2763.009</ele><time>2023-02-15T10:48:02Z</time></trkpt><trkpt lat="31.050349" lon="78.188924"><ele>2763.578</ele><time>2023-02-15T10:48:08Z</time></trkpt><trkpt lat="31.050382" lon="78.188882"><ele>2764.279</ele><time>2023-02-15T10:48:13Z</time></trkpt><trkpt lat="31.050422" lon="78.188857"><ele>2764.262</ele><time>2023-02-15T10:48:20Z</time></trkpt><trkpt lat="31.050472" lon="78.188824"><ele>2764.316</ele><time>2023-02-15T10:48:28Z</time></trkpt><trkpt lat="31.050520" lon="78.188807"><ele>2764.064</ele><time>2023-02-15T10:48:34Z</time></trkpt><trkpt lat="31.050533" lon="78.188947"><ele>2760.523</ele><time>2023-02-15T10:50:02Z</time></trkpt><trkpt lat="31.050503" lon="78.188807"><ele>2764.369</ele><time>2023-02-16T02:07:01Z</time></trkpt><trkpt lat="31.050505" lon="78.188860"><ele>2763.061</ele><time>2023-02-16T02:08:50Z</time></trkpt><trkpt lat="31.050522" lon="78.188910"><ele>2761.596</ele><time>2023-02-16T02:08:57Z</time></trkpt><trkpt lat="31.050559" lon="78.188945"><ele>2760.263</ele><time>2023-02-16T02:09:04Z</time></trkpt><trkpt lat="31.050584" lon="78.189000"><ele>2758.644</ele><time>2023-02-16T02:09:11Z</time></trkpt><trkpt lat="31.050602" lon="78.189058"><ele>2757.018</ele><time>2023-02-16T02:09:19Z</time></trkpt><trkpt lat="31.050634" lon="78.189096"><ele>2755.809</ele><time>2023-02-16T02:09:26Z</time></trkpt><trkpt lat="31.050671" lon="78.189059"><ele>2756.227</ele><time>2023-02-16T02:09:35Z</time></trkpt><trkpt lat="31.050718" lon="78.189071"><ele>2755.318</ele><time>2023-02-16T02:09:40Z</time></trkpt><trkpt lat="31.050761" lon="78.189093"><ele>2754.381</ele><time>2023-02-16T02:09:45Z</time></trkpt><trkpt lat="31.050729" lon="78.189158"><ele>2753.335</ele><time>2023-02-16T02:10:43Z</time></trkpt><trkpt lat="31.050697" lon="78.189196"><ele>2752.863</ele><time>2023-02-16T02:10:50Z</time></trkpt><trkpt lat="31.050732" lon="78.189231"><ele>2751.662</ele><time>2023-02-16T02:11:03Z</time></trkpt><trkpt lat="31.050775" lon="78.189249"><ele>2750.748</ele><time>2023-02-16T02:11:12Z</time></trkpt><trkpt lat="31.050813" lon="78.189217"><ele>2751.020</ele><time>2023-02-16T02:11:19Z</time></trkpt><trkpt lat="31.050875" lon="78.189207"><ele>2750.495</ele><time>2023-02-16T02:11:41Z</time></trkpt><trkpt lat="31.050922" lon="78.189192"><ele>2750.165</ele><time>2023-02-16T02:11:51Z</time></trkpt><trkpt lat="31.050957" lon="78.189225"><ele>2748.868</ele><time>2023-02-16T02:12:04Z</time></trkpt><trkpt lat="31.050994" lon="78.189258"><ele>2747.414</ele><time>2023-02-16T02:12:14Z</time></trkpt><trkpt lat="31.051039" lon="78.189280"><ele>2746.209</ele><time>2023-02-16T02:12:21Z</time></trkpt><trkpt lat="31.051087" lon="78.189292"><ele>2745.287</ele><time>2023-02-16T02:12:28Z</time></trkpt><trkpt lat="31.051120" lon="78.189334"><ele>2743.658</ele><time>2023-02-16T02:12:50Z</time></trkpt><trkpt lat="31.051160" lon="78.189359"><ele>2742.391</ele><time>2023-02-16T02:12:57Z</time></trkpt><trkpt lat="31.051207" lon="78.189376"><ele>2741.155</ele><time>2023-02-16T02:13:05Z</time></trkpt><trkpt lat="31.051252" lon="78.189393"><ele>2740.023</ele><time>2023-02-16T02:13:16Z</time></trkpt><trkpt lat="31.051300" lon="78.189378"><ele>2739.692</ele><time>2023-02-16T02:13:25Z</time></trkpt><trkpt lat="31.051347" lon="78.189371"><ele>2739.128</ele><time>2023-02-16T02:13:46Z</time></trkpt><trkpt lat="31.051374" lon="78.189429"><ele>2737.140</ele><time>2023-02-16T02:14:41Z</time></trkpt><trkpt lat="31.051407" lon="78.189522"><ele>2734.035</ele><time>2023-02-16T02:15:14Z</time></trkpt><trkpt lat="31.051425" lon="78.189574"><ele>2732.368</ele><time>2023-02-16T02:15:21Z</time></trkpt><trkpt lat="31.051440" lon="78.189626"><ele>2730.642</ele><time>2023-02-16T02:15:30Z</time></trkpt><trkpt lat="31.051485" lon="78.189604"><ele>2730.526</ele><time>2023-02-16T02:15:38Z</time></trkpt><trkpt lat="31.051537" lon="78.189606"><ele>2729.509</ele><time>2023-02-16T02:15:46Z</time></trkpt><trkpt lat="31.051587" lon="78.189596"><ele>2729.057</ele><time>2023-02-16T02:15:52Z</time></trkpt><trkpt lat="31.051625" lon="78.189564"><ele>2729.398</ele><time>2023-02-16T02:15:56Z</time></trkpt><trkpt lat="31.051678" lon="78.189559"><ele>2728.511</ele><time>2023-02-16T02:16:04Z</time></trkpt><trkpt lat="31.051726" lon="78.189546"><ele>2727.955</ele><time>2023-02-16T02:16:13Z</time></trkpt><trkpt lat="31.051768" lon="78.189521"><ele>2727.863</ele><time>2023-02-16T02:16:18Z</time></trkpt><trkpt lat="31.051810" lon="78.189553"><ele>2726.012</ele><time>2023-02-16T02:16:24Z</time></trkpt><trkpt lat="31.051838" lon="78.189603"><ele>2724.088</ele><time>2023-02-16T02:16:29Z</time></trkpt><trkpt lat="31.051873" lon="78.189636"><ele>2722.460</ele><time>2023-02-16T02:16:37Z</time></trkpt><trkpt lat="31.051908" lon="78.189679"><ele>2720.455</ele><time>2023-02-16T02:16:48Z</time></trkpt><trkpt lat="31.051930" lon="78.189732"><ele>2718.412</ele><time>2023-02-16T02:16:54Z</time></trkpt><trkpt lat="31.051978" lon="78.189750"><ele>2717.032</ele><time>2023-02-16T02:17:06Z</time></trkpt><trkpt lat="31.052025" lon="78.189733"><ele>2716.505</ele><time>2023-02-16T02:17:12Z</time></trkpt><trkpt lat="31.052070" lon="78.189738"><ele>2715.509</ele><time>2023-02-16T02:17:19Z</time></trkpt><trkpt lat="31.052115" lon="78.189756"><ele>2714.042</ele><time>2023-02-16T02:17:27Z</time></trkpt><trkpt lat="31.052117" lon="78.189811"><ele>2712.413</ele><time>2023-02-16T02:17:44Z</time></trkpt><trkpt lat="31.052140" lon="78.189868"><ele>2710.266</ele><time>2023-02-16T02:17:54Z</time></trkpt><trkpt lat="31.052185" lon="78.189848"><ele>2709.940</ele><time>2023-02-16T02:18:01Z</time></trkpt><trkpt lat="31.052225" lon="78.189821"><ele>2709.988</ele><time>2023-02-16T02:18:07Z</time></trkpt><trkpt lat="31.052262" lon="78.189784"><ele>2710.377</ele><time>2023-02-16T02:18:15Z</time></trkpt><trkpt lat="31.052307" lon="78.189777"><ele>2709.643</ele><time>2023-02-16T02:18:24Z</time></trkpt><trkpt lat="31.052347" lon="78.189805"><ele>2707.975</ele><time>2023-02-16T02:18:35Z</time></trkpt><trkpt lat="31.052397" lon="78.189813"><ele>2706.750</ele><time>2023-02-16T02:18:44Z</time></trkpt><trkpt lat="31.052439" lon="78.189781"><ele>2706.895</ele><time>2023-02-16T02:18:55Z</time></trkpt><trkpt lat="31.052477" lon="78.189739"><ele>2707.349</ele><time>2023-02-16T02:19:01Z</time></trkpt><trkpt lat="31.052525" lon="78.189729"><ele>2706.223</ele><time>2023-02-16T02:19:10Z</time></trkpt><trkpt lat="31.052552" lon="78.189682"><ele>2706.609</ele><time>2023-02-16T02:19:18Z</time></trkpt><trkpt lat="31.052597" lon="78.189662"><ele>2705.590</ele><time>2023-02-16T02:19:29Z</time></trkpt><trkpt lat="31.052632" lon="78.189624"><ele>2705.371</ele><time>2023-02-16T02:19:35Z</time></trkpt><trkpt lat="31.052677" lon="78.189597"><ele>2704.384</ele><time>2023-02-16T02:19:44Z</time></trkpt><trkpt lat="31.052705" lon="78.189554"><ele>2704.478</ele><time>2023-02-16T02:19:51Z</time></trkpt><trkpt lat="31.052747" lon="78.189531"><ele>2703.496</ele><time>2023-02-16T02:20:00Z</time></trkpt><trkpt lat="31.052790" lon="78.189554"><ele>2701.165</ele><time>2023-02-16T02:20:09Z</time></trkpt><trkpt lat="31.052835" lon="78.189557"><ele>2699.331</ele><time>2023-02-16T02:20:14Z</time></trkpt><trkpt lat="31.052885" lon="78.189584"><ele>2696.713</ele><time>2023-02-16T02:20:20Z</time></trkpt><trkpt lat="31.052932" lon="78.189584"><ele>2694.998</ele><time>2023-02-16T02:20:25Z</time></trkpt><trkpt lat="31.052984" lon="78.189587"><ele>2692.885</ele><time>2023-02-16T02:20:31Z</time></trkpt><trkpt lat="31.053031" lon="78.189575"><ele>2691.389</ele><time>2023-02-16T02:20:36Z</time></trkpt><trkpt lat="31.053073" lon="78.189595"><ele>2689.217</ele><time>2023-02-16T02:20:42Z</time></trkpt><trkpt lat="31.053115" lon="78.189622"><ele>2687.009</ele><time>2023-02-16T02:20:48Z</time></trkpt><trkpt lat="31.053160" lon="78.189637"><ele>2685.049</ele><time>2023-02-16T02:20:51Z</time></trkpt><trkpt lat="31.053205" lon="78.189644"><ele>2683.190</ele><time>2023-02-16T02:20:54Z</time></trkpt><trkpt lat="31.053250" lon="78.189632"><ele>2681.743</ele><time>2023-02-16T02:20:59Z</time></trkpt><trkpt lat="31.053272" lon="78.189689"><ele>2679.697</ele><time>2023-02-16T02:21:06Z</time></trkpt><trkpt lat="31.053292" lon="78.189742"><ele>2677.835</ele><time>2023-02-16T02:21:14Z</time></trkpt><trkpt lat="31.053339" lon="78.189740"><ele>2676.294</ele><time>2023-02-16T02:21:18Z</time></trkpt><trkpt lat="31.053382" lon="78.189755"><ele>2675.080</ele><time>2023-02-16T02:21:24Z</time></trkpt><trkpt lat="31.053415" lon="78.189793"><ele>2673.522</ele><time>2023-02-16T02:21:32Z</time></trkpt><trkpt lat="31.053462" lon="78.189795"><ele>2672.587</ele><time>2023-02-16T02:21:38Z</time></trkpt><trkpt lat="31.053502" lon="78.189820"><ele>2671.259</ele><time>2023-02-16T02:21:44Z</time></trkpt><trkpt lat="31.053545" lon="78.189843"><ele>2669.803</ele><time>2023-02-16T02:21:49Z</time></trkpt><trkpt lat="31.053560" lon="78.189898"><ele>2668.423</ele><time>2023-02-16T02:21:58Z</time></trkpt><trkpt lat="31.053608" lon="78.189918"><ele>2667.009</ele><time>2023-02-16T02:22:05Z</time></trkpt><trkpt lat="31.053655" lon="78.189928"><ele>2665.956</ele><time>2023-02-16T02:22:20Z</time></trkpt><trkpt lat="31.053700" lon="78.189901"><ele>2665.517</ele><time>2023-02-16T02:22:25Z</time></trkpt><trkpt lat="31.053742" lon="78.189866"><ele>2665.310</ele><time>2023-02-16T02:22:33Z</time></trkpt><trkpt lat="31.053785" lon="78.189851"><ele>2664.724</ele><time>2023-02-16T02:22:41Z</time></trkpt><trkpt lat="31.053832" lon="78.189889"><ele>2663.082</ele><time>2023-02-16T02:22:49Z</time></trkpt><trkpt lat="31.053882" lon="78.189897"><ele>2661.811</ele><time>2023-02-16T02:22:55Z</time></trkpt><trkpt lat="31.053932" lon="78.189909"><ele>2660.697</ele><time>2023-02-16T02:23:02Z</time></trkpt><trkpt lat="31.053977" lon="78.189929"><ele>2659.329</ele><time>2023-02-16T02:23:07Z</time></trkpt><trkpt lat="31.054025" lon="78.189914"><ele>2658.664</ele><time>2023-02-16T02:23:15Z</time></trkpt><trkpt lat="31.054072" lon="78.189901"><ele>2657.868</ele><time>2023-02-16T02:23:21Z</time></trkpt><trkpt lat="31.054124" lon="78.189916"><ele>2656.542</ele><time>2023-02-16T02:23:26Z</time></trkpt><trkpt lat="31.054164" lon="78.189941"><ele>2655.226</ele><time>2023-02-16T02:23:30Z</time></trkpt><trkpt lat="31.054142" lon="78.189999"><ele>2654.509</ele><time>2023-02-16T02:23:39Z</time></trkpt><trkpt lat="31.054129" lon="78.190057"><ele>2653.947</ele><time>2023-02-16T02:23:48Z</time></trkpt><trkpt lat="31.054106" lon="78.190109"><ele>2653.528</ele><time>2023-02-16T02:23:56Z</time></trkpt><trkpt lat="31.054148" lon="78.190137"><ele>2652.261</ele><time>2023-02-16T02:24:04Z</time></trkpt><trkpt lat="31.054175" lon="78.190180"><ele>2651.075</ele><time>2023-02-16T02:24:23Z</time></trkpt><trkpt lat="31.054223" lon="78.190238"><ele>2648.753</ele><time>2023-02-16T02:24:32Z</time></trkpt><trkpt lat="31.054266" lon="78.190253"><ele>2647.452</ele><time>2023-02-16T02:24:36Z</time></trkpt><trkpt lat="31.054313" lon="78.190253"><ele>2646.198</ele><time>2023-02-16T02:24:40Z</time></trkpt><trkpt lat="31.054366" lon="78.190261"><ele>2644.580</ele><time>2023-02-16T02:25:07Z</time></trkpt><trkpt lat="31.054369" lon="78.190206"><ele>2645.115</ele><time>2023-02-16T02:25:11Z</time></trkpt><trkpt lat="31.054417" lon="78.190211"><ele>2643.772</ele><time>2023-02-16T02:25:16Z</time></trkpt><trkpt lat="31.054464" lon="78.190226"><ele>2642.313</ele><time>2023-02-16T02:25:25Z</time></trkpt><trkpt lat="31.054509" lon="78.190203"><ele>2641.314</ele><time>2023-02-16T02:25:31Z</time></trkpt><trkpt lat="31.054554" lon="78.190193"><ele>2640.109</ele><time>2023-02-16T02:25:40Z</time></trkpt><trkpt lat="31.054602" lon="78.190203"><ele>2638.778</ele><time>2023-02-16T02:25:48Z</time></trkpt><trkpt lat="31.054645" lon="78.190226"><ele>2637.399</ele><time>2023-02-16T02:25:56Z</time></trkpt><trkpt lat="31.054688" lon="78.190256"><ele>2635.962</ele><time>2023-02-16T02:26:11Z</time></trkpt><trkpt lat="31.054718" lon="78.190216"><ele>2635.386</ele><time>2023-02-16T02:26:28Z</time></trkpt><trkpt lat="31.054733" lon="78.190158"><ele>2635.394</ele><time>2023-02-16T02:26:35Z</time></trkpt><trkpt lat="31.054778" lon="78.190145"><ele>2634.153</ele><time>2023-02-16T02:26:46Z</time></trkpt><trkpt lat="31.054821" lon="78.190128"><ele>2632.999</ele><time>2023-02-16T02:26:58Z</time></trkpt><trkpt lat="31.054866" lon="78.190126"><ele>2631.611</ele><time>2023-02-16T02:27:04Z</time></trkpt><trkpt lat="31.054911" lon="78.190119"><ele>2630.316</ele><time>2023-02-16T02:27:19Z</time></trkpt><trkpt lat="31.054958" lon="78.190124"><ele>2628.973</ele><time>2023-02-16T02:27:35Z</time></trkpt><trkpt lat="31.055003" lon="78.190127"><ele>2627.685</ele><time>2023-02-16T02:27:53Z</time></trkpt><trkpt lat="31.055050" lon="78.190127"><ele>2626.213</ele><time>2023-02-16T02:27:58Z</time></trkpt><trkpt lat="31.055095" lon="78.190142"><ele>2624.809</ele><time>2023-02-16T02:28:05Z</time></trkpt><trkpt lat="31.055140" lon="78.190137"><ele>2623.428</ele><time>2023-02-16T02:28:15Z</time></trkpt><trkpt lat="31.055195" lon="78.190145"><ele>2621.739</ele><time>2023-02-16T02:28:21Z</time></trkpt><trkpt lat="31.055242" lon="78.190150"><ele>2620.362</ele><time>2023-02-16T02:28:26Z</time></trkpt><trkpt lat="31.055287" lon="78.190163"><ele>2618.986</ele><time>2023-02-16T02:28:36Z</time></trkpt><trkpt lat="31.055329" lon="78.190191"><ele>2617.634</ele><time>2023-02-16T02:28:44Z</time></trkpt><trkpt lat="31.055346" lon="78.190248"><ele>2617.193</ele><time>2023-02-16T02:29:25Z</time></trkpt><trkpt lat="31.055364" lon="78.190310"><ele>2616.589</ele><time>2023-02-16T02:29:29Z</time></trkpt><trkpt lat="31.055427" lon="78.190282"><ele>2614.761</ele><time>2023-02-16T02:29:42Z</time></trkpt><trkpt lat="31.055449" lon="78.190232"><ele>2614.096</ele><time>2023-02-16T02:29:46Z</time></trkpt><trkpt lat="31.055494" lon="78.190225"><ele>2612.789</ele><time>2023-02-16T02:30:00Z</time></trkpt><trkpt lat="31.055546" lon="78.190227"><ele>2611.106</ele><time>2023-02-16T02:30:17Z</time></trkpt><trkpt lat="31.055591" lon="78.190217"><ele>2609.826</ele><time>2023-02-16T02:30:23Z</time></trkpt><trkpt lat="31.055634" lon="78.190195"><ele>2608.509</ele><time>2023-02-16T02:30:29Z</time></trkpt><trkpt lat="31.055679" lon="78.190175"><ele>2607.169</ele><time>2023-02-16T02:30:36Z</time></trkpt><trkpt lat="31.055724" lon="78.190178"><ele>2605.790</ele><time>2023-02-16T02:30:47Z</time></trkpt><trkpt lat="31.055772" lon="78.190181"><ele>2604.383</ele><time>2023-02-16T02:30:54Z</time></trkpt><trkpt lat="31.055830" lon="78.190168"><ele>2602.557</ele><time>2023-02-16T02:31:07Z</time></trkpt><trkpt lat="31.055868" lon="78.190140"><ele>2601.285</ele><time>2023-02-16T02:31:16Z</time></trkpt><trkpt lat="31.055911" lon="78.190123"><ele>2599.764</ele><time>2023-02-16T02:31:27Z</time></trkpt><trkpt lat="31.055956" lon="78.190128"><ele>2598.180</ele><time>2023-02-16T02:31:47Z</time></trkpt><trkpt lat="31.056008" lon="78.190136"><ele>2596.412</ele><time>2023-02-16T02:31:54Z</time></trkpt><trkpt lat="31.056056" lon="78.190106"><ele>2594.657</ele><time>2023-02-16T02:32:10Z</time></trkpt><trkpt lat="31.056104" lon="78.190111"><ele>2593.074</ele><time>2023-02-16T02:32:18Z</time></trkpt><trkpt lat="31.056149" lon="78.190111"><ele>2591.556</ele><time>2023-02-16T02:32:36Z</time></trkpt><trkpt lat="31.056171" lon="78.190059"><ele>2590.321</ele><time>2023-02-16T02:32:44Z</time></trkpt><trkpt lat="31.056201" lon="78.190014"><ele>2588.909</ele><time>2023-02-16T02:32:51Z</time></trkpt><trkpt lat="31.056246" lon="78.189986"><ele>2587.038</ele><time>2023-02-16T02:32:58Z</time></trkpt><trkpt lat="31.056283" lon="78.189938"><ele>2585.439</ele><time>2023-02-16T02:33:09Z</time></trkpt><trkpt lat="31.056338" lon="78.189880"><ele>2582.922</ele><time>2023-02-16T02:33:27Z</time></trkpt><trkpt lat="31.056371" lon="78.189840"><ele>2581.496</ele><time>2023-02-16T02:33:42Z</time></trkpt><trkpt lat="31.056424" lon="78.189793"><ele>2579.164</ele><time>2023-02-16T02:33:57Z</time></trkpt><trkpt lat="31.056471" lon="78.189763"><ele>2577.293</ele><time>2023-02-16T02:34:09Z</time></trkpt><trkpt lat="31.056563" lon="78.189708"><ele>2573.459</ele><time>2023-02-16T02:34:38Z</time></trkpt><trkpt lat="31.056605" lon="78.189681"><ele>2571.661</ele><time>2023-02-16T02:34:59Z</time></trkpt><trkpt lat="31.056658" lon="78.189659"><ele>2569.516</ele><time>2023-02-16T02:35:17Z</time></trkpt><trkpt lat="31.056700" lon="78.189637"><ele>2568.048</ele><time>2023-02-16T02:35:30Z</time></trkpt><trkpt lat="31.056738" lon="78.189609"><ele>2566.861</ele><time>2023-02-16T02:35:45Z</time></trkpt><trkpt lat="31.056768" lon="78.189566"><ele>2565.517</ele><time>2023-02-16T02:35:56Z</time></trkpt><trkpt lat="31.056825" lon="78.189571"><ele>2564.009</ele><time>2023-02-16T02:36:14Z</time></trkpt><trkpt lat="31.056850" lon="78.189523"><ele>2562.825</ele><time>2023-02-16T02:36:26Z</time></trkpt><trkpt lat="31.056867" lon="78.189468"><ele>2561.876</ele><time>2023-02-16T02:36:34Z</time></trkpt><trkpt lat="31.056879" lon="78.189410"><ele>2560.939</ele><time>2023-02-16T02:36:40Z</time></trkpt><trkpt lat="31.056886" lon="78.189352"><ele>2560.163</ele><time>2023-02-16T02:36:46Z</time></trkpt><trkpt lat="31.056878" lon="78.189299"><ele>2559.841</ele><time>2023-02-16T02:36:52Z</time></trkpt><trkpt lat="31.056813" lon="78.189206"><ele>2560.840</ele><time>2023-02-16T02:37:17Z</time></trkpt><trkpt lat="31.056796" lon="78.189153"><ele>2560.826</ele><time>2023-02-16T02:37:25Z</time></trkpt><trkpt lat="31.056834" lon="78.189125"><ele>2559.498</ele><time>2023-02-16T02:37:36Z</time></trkpt><trkpt lat="31.056857" lon="78.189077"><ele>2558.293</ele><time>2023-02-16T02:37:44Z</time></trkpt><trkpt lat="31.056875" lon="78.189025"><ele>2557.172</ele><time>2023-02-16T02:37:51Z</time></trkpt><trkpt lat="31.056898" lon="78.188973"><ele>2555.913</ele><time>2023-02-16T02:37:57Z</time></trkpt><trkpt lat="31.056938" lon="78.188931"><ele>2554.114</ele><time>2023-02-16T02:38:14Z</time></trkpt><trkpt lat="31.056956" lon="78.188874"><ele>2552.909</ele><time>2023-02-16T02:38:22Z</time></trkpt><trkpt lat="31.056994" lon="78.188842"><ele>2551.298</ele><time>2023-02-16T02:38:28Z</time></trkpt><trkpt lat="31.057042" lon="78.188829"><ele>2549.459</ele><time>2023-02-16T02:38:34Z</time></trkpt><trkpt lat="31.057089" lon="78.188824"><ele>2547.742</ele><time>2023-02-16T02:38:47Z</time></trkpt><trkpt lat="31.057126" lon="78.188782"><ele>2545.946</ele><time>2023-02-16T02:38:52Z</time></trkpt><trkpt lat="31.057168" lon="78.188749"><ele>2543.924</ele><time>2023-02-16T02:38:58Z</time></trkpt><trkpt lat="31.057213" lon="78.188729"><ele>2542.043</ele><time>2023-02-16T02:39:06Z</time></trkpt><trkpt lat="31.057258" lon="78.188691"><ele>2539.919</ele><time>2023-02-16T02:39:16Z</time></trkpt><trkpt lat="31.057285" lon="78.188641"><ele>2538.231</ele><time>2023-02-16T02:39:20Z</time></trkpt><trkpt lat="31.057328" lon="78.188601"><ele>2536.026</ele><time>2023-02-16T02:39:27Z</time></trkpt><trkpt lat="31.057370" lon="78.188566"><ele>2533.994</ele><time>2023-02-16T02:39:34Z</time></trkpt><trkpt lat="31.057410" lon="78.188533"><ele>2531.857</ele><time>2023-02-16T02:39:39Z</time></trkpt><trkpt lat="31.057452" lon="78.188496"><ele>2529.622</ele><time>2023-02-16T02:39:45Z</time></trkpt><trkpt lat="31.057502" lon="78.188468"><ele>2527.309</ele><time>2023-02-16T02:39:51Z</time></trkpt><trkpt lat="31.057539" lon="78.188428"><ele>2526.430</ele><time>2023-02-16T02:39:56Z</time></trkpt><trkpt lat="31.057564" lon="78.188376"><ele>2525.611</ele><time>2023-02-16T02:40:06Z</time></trkpt><trkpt lat="31.057614" lon="78.188388"><ele>2525.684</ele><time>2023-02-16T02:40:09Z</time></trkpt><trkpt lat="31.057686" lon="78.188363"><ele>2525.188</ele><time>2023-02-16T02:40:36Z</time></trkpt><trkpt lat="31.057724" lon="78.188335"><ele>2524.786</ele><time>2023-02-16T02:40:40Z</time></trkpt><trkpt lat="31.057756" lon="78.188297"><ele>2524.885</ele><time>2023-02-16T02:40:45Z</time></trkpt><trkpt lat="31.057778" lon="78.188250"><ele>2525.011</ele><time>2023-02-16T02:40:50Z</time></trkpt><trkpt lat="31.057813" lon="78.188217"><ele>2525.083</ele><time>2023-02-16T02:40:54Z</time></trkpt><trkpt lat="31.057838" lon="78.188172"><ele>2525.038</ele><time>2023-02-16T02:40:59Z</time></trkpt><trkpt lat="31.057771" lon="78.188152"><ele>2525.384</ele><time>2023-02-16T02:41:52Z</time></trkpt><trkpt lat="31.057798" lon="78.188107"><ele>2525.407</ele><time>2023-02-16T02:41:55Z</time></trkpt><trkpt lat="31.057848" lon="78.188090"><ele>2525.217</ele><time>2023-02-16T02:41:59Z</time></trkpt><trkpt lat="31.057895" lon="78.188057"><ele>2525.009</ele><time>2023-02-16T02:42:05Z</time></trkpt><trkpt lat="31.057972" lon="78.188052"><ele>2524.599</ele><time>2023-02-16T02:42:21Z</time></trkpt><trkpt lat="31.058007" lon="78.188010"><ele>2524.330</ele><time>2023-02-16T02:42:27Z</time></trkpt><trkpt lat="31.057949" lon="78.187950"><ele>2524.733</ele><time>2023-02-16T02:42:45Z</time></trkpt><trkpt lat="31.057982" lon="78.187913"><ele>2524.587</ele><time>2023-02-16T02:42:51Z</time></trkpt><trkpt lat="31.057895" lon="78.187871"><ele>2525.355</ele><time>2023-02-16T02:47:50Z</time></trkpt><trkpt lat="31.057912" lon="78.187818"><ele>2525.244</ele><time>2023-02-16T02:47:56Z</time></trkpt><trkpt lat="31.057935" lon="78.187771"><ele>2525.070</ele><time>2023-02-16T02:48:02Z</time></trkpt><trkpt lat="31.057937" lon="78.187718"><ele>2525.022</ele><time>2023-02-16T02:48:09Z</time></trkpt><trkpt lat="31.057942" lon="78.187771"><ele>2524.927</ele><time>2023-02-16T02:48:37Z</time></trkpt><trkpt lat="31.057979" lon="78.187814"><ele>2524.597</ele><time>2023-02-16T02:48:41Z</time></trkpt><trkpt lat="31.058022" lon="78.187836"><ele>2524.123</ele><time>2023-02-16T02:48:45Z</time></trkpt><trkpt lat="31.058059" lon="78.187803"><ele>2523.725</ele><time>2023-02-16T02:48:50Z</time></trkpt><trkpt lat="31.058106" lon="78.187791"><ele>2523.109</ele><time>2023-02-16T02:48:56Z</time></trkpt><trkpt lat="31.058138" lon="78.187749"><ele>2522.730</ele><time>2023-02-16T02:49:04Z</time></trkpt><trkpt lat="31.058178" lon="78.187724"><ele>2522.231</ele><time>2023-02-16T02:49:11Z</time></trkpt><trkpt lat="31.058110" lon="78.187757"><ele>2523.014</ele><time>2023-02-16T02:49:47Z</time></trkpt><trkpt lat="31.058155" lon="78.187747"><ele>2522.588</ele><time>2023-02-16T02:49:52Z</time></trkpt><trkpt lat="31.058205" lon="78.187719"><ele>2521.856</ele><time>2023-02-16T02:49:57Z</time></trkpt><trkpt lat="31.058255" lon="78.187696"><ele>2521.135</ele><time>2023-02-16T02:50:02Z</time></trkpt><trkpt lat="31.058295" lon="78.187666"><ele>2520.571</ele><time>2023-02-16T02:50:08Z</time></trkpt><trkpt lat="31.058350" lon="78.187656"><ele>2519.423</ele><time>2023-02-16T02:50:32Z</time></trkpt><trkpt lat="31.058418" lon="78.187674"><ele>2517.228</ele><time>2023-02-16T02:50:44Z</time></trkpt><trkpt lat="31.058480" lon="78.187682"><ele>2515.277</ele><time>2023-02-16T02:50:56Z</time></trkpt><trkpt lat="31.058522" lon="78.187650"><ele>2513.561</ele><time>2023-02-16T02:51:02Z</time></trkpt><trkpt lat="31.058552" lon="78.187607"><ele>2512.227</ele><time>2023-02-16T02:51:07Z</time></trkpt><trkpt lat="31.058584" lon="78.187544"><ele>2510.609</ele><time>2023-02-16T02:51:19Z</time></trkpt><trkpt lat="31.058627" lon="78.187572"><ele>2509.468</ele><time>2023-02-16T02:51:27Z</time></trkpt><trkpt lat="31.058670" lon="78.187555"><ele>2507.799</ele><time>2023-02-16T02:51:37Z</time></trkpt><trkpt lat="31.058717" lon="78.187552"><ele>2506.162</ele><time>2023-02-16T02:51:51Z</time></trkpt><trkpt lat="31.058765" lon="78.187552"><ele>2504.546</ele><time>2023-02-16T02:51:56Z</time></trkpt><trkpt lat="31.058790" lon="78.187507"><ele>2503.244</ele><time>2023-02-16T02:52:02Z</time></trkpt><trkpt lat="31.058807" lon="78.187452"><ele>2503.123</ele><time>2023-02-16T02:52:06Z</time></trkpt><trkpt lat="31.058834" lon="78.187404"><ele>2502.899</ele><time>2023-02-16T02:52:10Z</time></trkpt><trkpt lat="31.058864" lon="78.187354"><ele>2502.691</ele><time>2023-02-16T02:52:15Z</time></trkpt><trkpt lat="31.058891" lon="78.187304"><ele>2502.466</ele><time>2023-02-16T02:52:20Z</time></trkpt><trkpt lat="31.058913" lon="78.187254"><ele>2502.596</ele><time>2023-02-16T02:52:26Z</time></trkpt><trkpt lat="31.058918" lon="78.187197"><ele>2503.231</ele><time>2023-02-16T02:52:30Z</time></trkpt><trkpt lat="31.058945" lon="78.187150"><ele>2503.224</ele><time>2023-02-16T02:52:39Z</time></trkpt><trkpt lat="31.058995" lon="78.187142"><ele>2501.909</ele><time>2023-02-16T02:52:46Z</time></trkpt><trkpt lat="31.059043" lon="78.187164"><ele>2500.390</ele><time>2023-02-16T02:52:52Z</time></trkpt><trkpt lat="31.059088" lon="78.187152"><ele>2499.251</ele><time>2023-02-16T02:53:00Z</time></trkpt><trkpt lat="31.059121" lon="78.187114"><ele>2499.174</ele><time>2023-02-16T02:53:06Z</time></trkpt><trkpt lat="31.059168" lon="78.187107"><ele>2498.078</ele><time>2023-02-16T02:53:11Z</time></trkpt><trkpt lat="31.059213" lon="78.187127"><ele>2496.346</ele><time>2023-02-16T02:53:16Z</time></trkpt><trkpt lat="31.059260" lon="78.187137"><ele>2494.775</ele><time>2023-02-16T02:53:23Z</time></trkpt><trkpt lat="31.059303" lon="78.187160"><ele>2493.031</ele><time>2023-02-16T02:53:37Z</time></trkpt><trkpt lat="31.059350" lon="78.187165"><ele>2491.633</ele><time>2023-02-16T02:53:42Z</time></trkpt><trkpt lat="31.059398" lon="78.187150"><ele>2490.498</ele><time>2023-02-16T02:53:47Z</time></trkpt><trkpt lat="31.059448" lon="78.187152"><ele>2489.069</ele><time>2023-02-16T02:53:52Z</time></trkpt><trkpt lat="31.059483" lon="78.187115"><ele>2488.604</ele><time>2023-02-16T02:53:56Z</time></trkpt><trkpt lat="31.059515" lon="78.187070"><ele>2488.524</ele><time>2023-02-16T02:54:01Z</time></trkpt><trkpt lat="31.059563" lon="78.187057"><ele>2487.309</ele><time>2023-02-16T02:54:08Z</time></trkpt><trkpt lat="31.059611" lon="78.187079"><ele>2485.537</ele><time>2023-02-16T02:54:16Z</time></trkpt><trkpt lat="31.059653" lon="78.187057"><ele>2484.638</ele><time>2023-02-16T02:54:21Z</time></trkpt><trkpt lat="31.059701" lon="78.187037"><ele>2483.671</ele><time>2023-02-16T02:54:28Z</time></trkpt><trkpt lat="31.059744" lon="78.187004"><ele>2482.895</ele><time>2023-02-16T02:54:33Z</time></trkpt><trkpt lat="31.059777" lon="78.186964"><ele>2482.553</ele><time>2023-02-16T02:54:39Z</time></trkpt><trkpt lat="31.059822" lon="78.186956"><ele>2481.292</ele><time>2023-02-16T02:54:45Z</time></trkpt><trkpt lat="31.059862" lon="78.186986"><ele>2479.688</ele><time>2023-02-16T02:54:56Z</time></trkpt><trkpt lat="31.059897" lon="78.186951"><ele>2479.050</ele><time>2023-02-16T02:55:02Z</time></trkpt><trkpt lat="31.059945" lon="78.186968"><ele>2477.325</ele><time>2023-02-16T02:55:09Z</time></trkpt><trkpt lat="31.059988" lon="78.186941"><ele>2476.463</ele><time>2023-02-16T02:55:14Z</time></trkpt><trkpt lat="31.060030" lon="78.186961"><ele>2474.544</ele><time>2023-02-16T02:55:24Z</time></trkpt><trkpt lat="31.060077" lon="78.186978"><ele>2472.318</ele><time>2023-02-16T02:55:43Z</time></trkpt><trkpt lat="31.060122" lon="78.186968"><ele>2470.609</ele><time>2023-02-16T02:55:49Z</time></trkpt><trkpt lat="31.060159" lon="78.186930"><ele>2469.747</ele><time>2023-02-16T02:55:55Z</time></trkpt><trkpt lat="31.060224" lon="78.186897"><ele>2467.718</ele><time>2023-02-16T02:56:09Z</time></trkpt><trkpt lat="31.060269" lon="78.186912"><ele>2465.531</ele><time>2023-02-16T02:56:13Z</time></trkpt><trkpt lat="31.060314" lon="78.186934"><ele>2463.395</ele><time>2023-02-16T02:56:20Z</time></trkpt><trkpt lat="31.060366" lon="78.186931"><ele>2461.223</ele><time>2023-02-16T02:56:43Z</time></trkpt><trkpt lat="31.060406" lon="78.186893"><ele>2460.422</ele><time>2023-02-16T02:56:47Z</time></trkpt><trkpt lat="31.060456" lon="78.186895"><ele>2458.398</ele><time>2023-02-16T02:56:54Z</time></trkpt><trkpt lat="31.060501" lon="78.186887"><ele>2456.780</ele><time>2023-02-16T02:57:02Z</time></trkpt><trkpt lat="31.060534" lon="78.186844"><ele>2456.445</ele><time>2023-02-16T02:57:10Z</time></trkpt><trkpt lat="31.060582" lon="78.186864"><ele>2454.176</ele><time>2023-02-16T02:57:18Z</time></trkpt><trkpt lat="31.060632" lon="78.186874"><ele>2451.890</ele><time>2023-02-16T02:57:25Z</time></trkpt><trkpt lat="31.060684" lon="78.186867"><ele>2449.919</ele><time>2023-02-16T02:57:35Z</time></trkpt><trkpt lat="31.060729" lon="78.186859"><ele>2448.409</ele><time>2023-02-16T02:57:43Z</time></trkpt><trkpt lat="31.060766" lon="78.186821"><ele>2448.078</ele><time>2023-02-16T02:57:50Z</time></trkpt><trkpt lat="31.060809" lon="78.186806"><ele>2446.839</ele><time>2023-02-16T02:57:55Z</time></trkpt><trkpt lat="31.060857" lon="78.186814"><ele>2444.412</ele><time>2023-02-16T02:58:01Z</time></trkpt><trkpt lat="31.060817" lon="78.186847"><ele>2445.266</ele><time>2023-02-16T02:58:22Z</time></trkpt><trkpt lat="31.060859" lon="78.186882"><ele>2442.324</ele><time>2023-02-16T02:58:34Z</time></trkpt><trkpt lat="31.060906" lon="78.186857"><ele>2440.753</ele><time>2023-02-16T02:58:39Z</time></trkpt><trkpt lat="31.060946" lon="78.186884"><ele>2438.079</ele><time>2023-02-16T02:58:46Z</time></trkpt><trkpt lat="31.061046" lon="78.186834"><ele>2434.431</ele><time>2023-02-16T02:59:01Z</time></trkpt><trkpt lat="31.061123" lon="78.186836"><ele>2430.576</ele><time>2023-02-16T02:59:19Z</time></trkpt><trkpt lat="31.061163" lon="78.186801"><ele>2429.438</ele><time>2023-02-16T02:59:24Z</time></trkpt><trkpt lat="31.061210" lon="78.186808"><ele>2426.970</ele><time>2023-02-16T02:59:32Z</time></trkpt><trkpt lat="31.061225" lon="78.186860"><ele>2424.917</ele><time>2023-02-16T02:59:38Z</time></trkpt><trkpt lat="31.061275" lon="78.186853"><ele>2422.609</ele><time>2023-02-16T02:59:52Z</time></trkpt><trkpt lat="31.061302" lon="78.186896"><ele>2420.494</ele><time>2023-02-16T03:00:06Z</time></trkpt><trkpt lat="31.061304" lon="78.186813"><ele>2422.035</ele><time>2023-02-16T03:00:16Z</time></trkpt><trkpt lat="31.061367" lon="78.186838"><ele>2418.488</ele><time>2023-02-16T03:00:28Z</time></trkpt><trkpt lat="31.061382" lon="78.186888"><ele>2416.732</ele><time>2023-02-16T03:00:32Z</time></trkpt><trkpt lat="31.061415" lon="78.186936"><ele>2414.170</ele><time>2023-02-16T03:00:38Z</time></trkpt><trkpt lat="31.061455" lon="78.186964"><ele>2411.719</ele><time>2023-02-16T03:00:47Z</time></trkpt><trkpt lat="31.061490" lon="78.186922"><ele>2410.835</ele><time>2023-02-16T03:00:55Z</time></trkpt><trkpt lat="31.061527" lon="78.186885"><ele>2409.737</ele><time>2023-02-16T03:01:23Z</time></trkpt><trkpt lat="31.061555" lon="78.186938"><ele>2407.412</ele><time>2023-02-16T03:01:30Z</time></trkpt><trkpt lat="31.061593" lon="78.186970"><ele>2405.193</ele><time>2023-02-16T03:01:36Z</time></trkpt><trkpt lat="31.061638" lon="78.186992"><ele>2402.765</ele><time>2023-02-16T03:01:47Z</time></trkpt><trkpt lat="31.061680" lon="78.186969"><ele>2401.221</ele><time>2023-02-16T03:01:52Z</time></trkpt><trkpt lat="31.061700" lon="78.187017"><ele>2399.809</ele><time>2023-02-16T03:02:04Z</time></trkpt><trkpt lat="31.061728" lon="78.187060"><ele>2398.350</ele><time>2023-02-16T03:02:13Z</time></trkpt><trkpt lat="31.061768" lon="78.187035"><ele>2397.321</ele><time>2023-02-16T03:02:21Z</time></trkpt><trkpt lat="31.061801" lon="78.186992"><ele>2396.854</ele><time>2023-02-16T03:02:27Z</time></trkpt><trkpt lat="31.061839" lon="78.186955"><ele>2396.158</ele><time>2023-02-16T03:02:32Z</time></trkpt><trkpt lat="31.061886" lon="78.186930"><ele>2394.836</ele><time>2023-02-16T03:02:40Z</time></trkpt><trkpt lat="31.061931" lon="78.186928"><ele>2393.445</ele><time>2023-02-16T03:02:46Z</time></trkpt><trkpt lat="31.061976" lon="78.186933"><ele>2391.821</ele><time>2023-02-16T03:02:53Z</time></trkpt><trkpt lat="31.061991" lon="78.186986"><ele>2390.573</ele><time>2023-02-16T03:03:05Z</time></trkpt><trkpt lat="31.062038" lon="78.187018"><ele>2388.588</ele><time>2023-02-16T03:03:13Z</time></trkpt><trkpt lat="31.062086" lon="78.187006"><ele>2387.031</ele><time>2023-02-16T03:03:18Z</time></trkpt><trkpt lat="31.062136" lon="78.187003"><ele>2385.461</ele><time>2023-02-16T03:03:23Z</time></trkpt><trkpt lat="31.062186" lon="78.187016"><ele>2383.507</ele><time>2023-02-16T03:03:32Z</time></trkpt><trkpt lat="31.062216" lon="78.186971"><ele>2383.209</ele><time>2023-02-16T03:03:43Z</time></trkpt><trkpt lat="31.062264" lon="78.186991"><ele>2381.384</ele><time>2023-02-16T03:03:53Z</time></trkpt><trkpt lat="31.062304" lon="78.186946"><ele>2380.615</ele><time>2023-02-16T03:03:59Z</time></trkpt><trkpt lat="31.062321" lon="78.186884"><ele>2380.988</ele><time>2023-02-16T03:04:03Z</time></trkpt><trkpt lat="31.062323" lon="78.186829"><ele>2381.612</ele><time>2023-02-16T03:04:06Z</time></trkpt><trkpt lat="31.062323" lon="78.186769"><ele>2382.580</ele><time>2023-02-16T03:04:11Z</time></trkpt><trkpt lat="31.062333" lon="78.186717"><ele>2382.959</ele><time>2023-02-16T03:04:15Z</time></trkpt><trkpt lat="31.062345" lon="78.186665"><ele>2383.355</ele><time>2023-02-16T03:04:34Z</time></trkpt><trkpt lat="31.062357" lon="78.186605"><ele>2385.437</ele><time>2023-02-16T03:04:38Z</time></trkpt><trkpt lat="31.062362" lon="78.186550"><ele>2387.552</ele><time>2023-02-16T03:04:42Z</time></trkpt><trkpt lat="31.062350" lon="78.186607"><ele>2385.544</ele><time>2023-02-16T03:04:54Z</time></trkpt><trkpt lat="31.062365" lon="78.186555"><ele>2387.205</ele><time>2023-02-16T03:05:29Z</time></trkpt><trkpt lat="31.062337" lon="78.186495"><ele>2390.615</ele><time>2023-02-16T03:06:05Z</time></trkpt><trkpt lat="31.062309" lon="78.186555"><ele>2389.009</ele><time>2023-02-16T03:06:09Z</time></trkpt><trkpt lat="31.062312" lon="78.186608"><ele>2386.725</ele><time>2023-02-16T03:06:16Z</time></trkpt><trkpt lat="31.062317" lon="78.186663"><ele>2384.326</ele><time>2023-02-16T03:06:25Z</time></trkpt><trkpt lat="31.062325" lon="78.186725"><ele>2383.049</ele><time>2023-02-16T03:07:02Z</time></trkpt><trkpt lat="31.062277" lon="78.186750"><ele>2384.343</ele><time>2023-02-16T03:07:08Z</time></trkpt><trkpt lat="31.062247" lon="78.186797"><ele>2384.681</ele><time>2023-02-16T03:07:14Z</time></trkpt><trkpt lat="31.062244" lon="78.186862"><ele>2383.850</ele><time>2023-02-16T03:07:21Z</time></trkpt><trkpt lat="31.062266" lon="78.186912"><ele>2382.396</ele><time>2023-02-16T03:07:28Z</time></trkpt><trkpt lat="31.062311" lon="78.186922"><ele>2380.798</ele><time>2023-02-16T03:07:33Z</time></trkpt><trkpt lat="31.062358" lon="78.186929"><ele>2379.063</ele><time>2023-02-16T03:07:38Z</time></trkpt><trkpt lat="31.062395" lon="78.186887"><ele>2378.445</ele><time>2023-02-16T03:07:59Z</time></trkpt><trkpt lat="31.062435" lon="78.186860"><ele>2377.447</ele><time>2023-02-16T03:08:02Z</time></trkpt><trkpt lat="31.062482" lon="78.186838"><ele>2376.111</ele><time>2023-02-16T03:08:07Z</time></trkpt><trkpt lat="31.062412" lon="78.186818"><ele>2378.809</ele><time>2023-02-16T03:09:43Z</time></trkpt><trkpt lat="31.062417" lon="78.186880"><ele>2377.725</ele><time>2023-02-16T03:09:51Z</time></trkpt><trkpt lat="31.062335" lon="78.186815"><ele>2381.436</ele><time>2023-02-16T03:10:10Z</time></trkpt><trkpt lat="31.062375" lon="78.186857"><ele>2379.559</ele><time>2023-02-16T03:10:35Z</time></trkpt><trkpt lat="31.062420" lon="78.186879"><ele>2377.613</ele><time>2023-02-16T03:10:39Z</time></trkpt><trkpt lat="31.062440" lon="78.186932"><ele>2376.231</ele><time>2023-02-16T03:11:05Z</time></trkpt><trkpt lat="31.062468" lon="78.186977"><ele>2374.650</ele><time>2023-02-16T03:11:13Z</time></trkpt><trkpt lat="31.062401" lon="78.186937"><ele>2377.426</ele><time>2023-02-16T03:11:53Z</time></trkpt><trkpt lat="31.062483" lon="78.187049"><ele>2373.158</ele><time>2023-02-16T03:12:27Z</time></trkpt><trkpt lat="31.062438" lon="78.187014"><ele>2375.113</ele><time>2023-02-16T03:13:14Z</time></trkpt><trkpt lat="31.062425" lon="78.186961"><ele>2376.329</ele><time>2023-02-16T03:13:41Z</time></trkpt><trkpt lat="31.062468" lon="78.186978"><ele>2374.600</ele><time>2023-02-16T03:14:08Z</time></trkpt><trkpt lat="31.062388" lon="78.187016"><ele>2376.720</ele><time>2023-02-16T03:14:31Z</time></trkpt><trkpt lat="31.062435" lon="78.187021"><ele>2375.109</ele><time>2023-02-16T03:14:50Z</time></trkpt><trkpt lat="31.062477" lon="78.187053"><ele>2373.243</ele><time>2023-02-16T03:14:57Z</time></trkpt><trkpt lat="31.062524" lon="78.187078"><ele>2371.434</ele><time>2023-02-16T03:15:03Z</time></trkpt><trkpt lat="31.062557" lon="78.187040"><ele>2370.977</ele><time>2023-02-16T03:15:07Z</time></trkpt><trkpt lat="31.062579" lon="78.186970"><ele>2371.431</ele><time>2023-02-16T03:15:23Z</time></trkpt><trkpt lat="31.062602" lon="78.186923"><ele>2371.479</ele><time>2023-02-16T03:15:33Z</time></trkpt><trkpt lat="31.062655" lon="78.186933"><ele>2369.868</ele><time>2023-02-16T03:15:48Z</time></trkpt><trkpt lat="31.062657" lon="78.186986"><ele>2368.974</ele><time>2023-02-16T03:15:53Z</time></trkpt><trkpt lat="31.062687" lon="78.186946"><ele>2368.786</ele><time>2023-02-16T03:16:06Z</time></trkpt><trkpt lat="31.062680" lon="78.186874"><ele>2370.071</ele><time>2023-02-16T03:16:44Z</time></trkpt><trkpt lat="31.062707" lon="78.186919"><ele>2368.522</ele><time>2023-02-16T03:16:49Z</time></trkpt><trkpt lat="31.062755" lon="78.186907"><ele>2367.462</ele><time>2023-02-16T03:16:59Z</time></trkpt><trkpt lat="31.062793" lon="78.186939"><ele>2365.808</ele><time>2023-02-16T03:17:04Z</time></trkpt><trkpt lat="31.062838" lon="78.186971"><ele>2363.909</ele><time>2023-02-16T03:17:09Z</time></trkpt><trkpt lat="31.062883" lon="78.186979"><ele>2362.573</ele><time>2023-02-16T03:17:13Z</time></trkpt><trkpt lat="31.062926" lon="78.186996"><ele>2360.984</ele><time>2023-02-16T03:17:20Z</time></trkpt><trkpt lat="31.062964" lon="78.187029"><ele>2359.237</ele><time>2023-02-16T03:17:26Z</time></trkpt><trkpt lat="31.063011" lon="78.187051"><ele>2357.351</ele><time>2023-02-16T03:17:32Z</time></trkpt><trkpt lat="31.063061" lon="78.187066"><ele>2355.529</ele><time>2023-02-16T03:17:40Z</time></trkpt><trkpt lat="31.063098" lon="78.187099"><ele>2353.788</ele><time>2023-02-16T03:17:46Z</time></trkpt><trkpt lat="31.063146" lon="78.187127"><ele>2351.744</ele><time>2023-02-16T03:17:52Z</time></trkpt><trkpt lat="31.063191" lon="78.187147"><ele>2349.816</ele><time>2023-02-16T03:17:59Z</time></trkpt><trkpt lat="31.063228" lon="78.187197"><ele>2347.651</ele><time>2023-02-16T03:18:05Z</time></trkpt><trkpt lat="31.063280" lon="78.187190"><ele>2346.116</ele><time>2023-02-16T03:18:11Z</time></trkpt><trkpt lat="31.063320" lon="78.187165"><ele>2345.576</ele><time>2023-02-16T03:18:15Z</time></trkpt><trkpt lat="31.063367" lon="78.187163"><ele>2344.713</ele><time>2023-02-16T03:18:21Z</time></trkpt><trkpt lat="31.063412" lon="78.187186"><ele>2343.609</ele><time>2023-02-16T03:18:26Z</time></trkpt><trkpt lat="31.063450" lon="78.187214"><ele>2342.452</ele><time>2023-02-16T03:18:30Z</time></trkpt><trkpt lat="31.063485" lon="78.187247"><ele>2341.133</ele><time>2023-02-16T03:18:35Z</time></trkpt><trkpt lat="31.063518" lon="78.187289"><ele>2339.576</ele><time>2023-02-16T03:18:40Z</time></trkpt><trkpt lat="31.063558" lon="78.187319"><ele>2338.140</ele><time>2023-02-16T03:18:44Z</time></trkpt><trkpt lat="31.063591" lon="78.187361"><ele>2336.428</ele><time>2023-02-16T03:18:50Z</time></trkpt><trkpt lat="31.063623" lon="78.187404"><ele>2334.757</ele><time>2023-02-16T03:19:02Z</time></trkpt><trkpt lat="31.063665" lon="78.187429"><ele>2333.253</ele><time>2023-02-16T03:19:12Z</time></trkpt><trkpt lat="31.063705" lon="78.187456"><ele>2331.755</ele><time>2023-02-16T03:19:20Z</time></trkpt><trkpt lat="31.063738" lon="78.187501"><ele>2329.790</ele><time>2023-02-16T03:19:27Z</time></trkpt><trkpt lat="31.063776" lon="78.187531"><ele>2328.545</ele><time>2023-02-16T03:19:33Z</time></trkpt><trkpt lat="31.063804" lon="78.187578"><ele>2327.347</ele><time>2023-02-16T03:19:38Z</time></trkpt><trkpt lat="31.063844" lon="78.187605"><ele>2326.111</ele><time>2023-02-16T03:19:46Z</time></trkpt><trkpt lat="31.063879" lon="78.187645"><ele>2324.909</ele><time>2023-02-16T03:21:13Z</time></trkpt><trkpt lat="31.063917" lon="78.187690"><ele>2323.655</ele><time>2023-02-16T03:21:24Z</time></trkpt><trkpt lat="31.063959" lon="78.187715"><ele>2322.596</ele><time>2023-02-16T03:21:30Z</time></trkpt><trkpt lat="31.064011" lon="78.187725"><ele>2321.529</ele><time>2023-02-16T03:21:38Z</time></trkpt><trkpt lat="31.064056" lon="78.187737"><ele>2320.693</ele><time>2023-02-16T03:21:45Z</time></trkpt><trkpt lat="31.064106" lon="78.187749"><ele>2319.791</ele><time>2023-02-16T03:21:52Z</time></trkpt><trkpt lat="31.064136" lon="78.187791"><ele>2318.610</ele><time>2023-02-16T03:22:02Z</time></trkpt><trkpt lat="31.064173" lon="78.187833"><ele>2317.556</ele><time>2023-02-16T03:22:10Z</time></trkpt><trkpt lat="31.064221" lon="78.187840"><ele>2316.238</ele><time>2023-02-16T03:22:18Z</time></trkpt><trkpt lat="31.064271" lon="78.187857"><ele>2314.743</ele><time>2023-02-16T03:26:57Z</time></trkpt><trkpt lat="31.064294" lon="78.187910"><ele>2313.245</ele><time>2023-02-16T03:27:03Z</time></trkpt><trkpt lat="31.064304" lon="78.187967"><ele>2311.847</ele><time>2023-02-16T03:27:13Z</time></trkpt><trkpt lat="31.064352" lon="78.188005"><ele>2309.611</ele><time>2023-02-16T03:27:48Z</time></trkpt><trkpt lat="31.064365" lon="78.188057"><ele>2308.109</ele><time>2023-02-16T03:27:54Z</time></trkpt><trkpt lat="31.064400" lon="78.188090"><ele>2306.115</ele><time>2023-02-16T03:28:05Z</time></trkpt><trkpt lat="31.064452" lon="78.188092"><ele>2304.256</ele><time>2023-02-16T03:28:16Z</time></trkpt><trkpt lat="31.064464" lon="78.188150"><ele>2302.339</ele><time>2023-02-16T03:28:23Z</time></trkpt><trkpt lat="31.064461" lon="78.188203"><ele>2301.033</ele><time>2023-02-16T03:28:28Z</time></trkpt><trkpt lat="31.064424" lon="78.188253"><ele>2301.211</ele><time>2023-02-16T03:28:39Z</time></trkpt><trkpt lat="31.064452" lon="78.188298"><ele>2298.990</ele><time>2023-02-16T03:28:47Z</time></trkpt><trkpt lat="31.064499" lon="78.188291"><ele>2297.096</ele><time>2023-02-16T03:28:53Z</time></trkpt><trkpt lat="31.064546" lon="78.188288"><ele>2295.138</ele><time>2023-02-16T03:29:00Z</time></trkpt><trkpt lat="31.064574" lon="78.188333"><ele>2292.453</ele><time>2023-02-16T03:29:10Z</time></trkpt><trkpt lat="31.064601" lon="78.188381"><ele>2291.338</ele><time>2023-02-16T03:29:24Z</time></trkpt><trkpt lat="31.064593" lon="78.188436"><ele>2291.770</ele><time>2023-02-16T03:29:33Z</time></trkpt><trkpt lat="31.064626" lon="78.188473"><ele>2290.417</ele><time>2023-02-16T03:29:41Z</time></trkpt><trkpt lat="31.064661" lon="78.188511"><ele>2289.109</ele><time>2023-02-16T03:29:47Z</time></trkpt><trkpt lat="31.064709" lon="78.188524"><ele>2287.384</ele><time>2023-02-16T03:29:53Z</time></trkpt><trkpt lat="31.064742" lon="78.188562"><ele>2286.325</ele><time>2023-02-16T03:30:00Z</time></trkpt><trkpt lat="31.064775" lon="78.188605"><ele>2285.448</ele><time>2023-02-16T03:30:11Z</time></trkpt><trkpt lat="31.064798" lon="78.188650"><ele>2284.932</ele><time>2023-02-16T03:30:19Z</time></trkpt><trkpt lat="31.064846" lon="78.188640"><ele>2283.240</ele><time>2023-02-16T03:30:28Z</time></trkpt><trkpt lat="31.064893" lon="78.188648"><ele>2281.649</ele><time>2023-02-16T03:30:35Z</time></trkpt><trkpt lat="31.064936" lon="78.188673"><ele>2280.535</ele><time>2023-02-16T03:30:42Z</time></trkpt><trkpt lat="31.064981" lon="78.188678"><ele>2279.097</ele><time>2023-02-16T03:30:50Z</time></trkpt><trkpt lat="31.065028" lon="78.188678"><ele>2277.032</ele><time>2023-02-16T03:30:59Z</time></trkpt><trkpt lat="31.065075" lon="78.188683"><ele>2274.896</ele><time>2023-02-16T03:31:08Z</time></trkpt><trkpt lat="31.065120" lon="78.188680"><ele>2272.631</ele><time>2023-02-16T03:31:16Z</time></trkpt><trkpt lat="31.065163" lon="78.188697"><ele>2270.724</ele><time>2023-02-16T03:31:27Z</time></trkpt><trkpt lat="31.065206" lon="78.188720"><ele>2268.809</ele><time>2023-02-16T03:31:40Z</time></trkpt><trkpt lat="31.065241" lon="78.188757"><ele>2267.450</ele><time>2023-02-16T03:31:51Z</time></trkpt><trkpt lat="31.065266" lon="78.188804"><ele>2266.591</ele><time>2023-02-16T03:32:00Z</time></trkpt><trkpt lat="31.065318" lon="78.188791"><ele>2263.754</ele><time>2023-02-16T03:32:09Z</time></trkpt><trkpt lat="31.065365" lon="78.188791"><ele>2261.338</ele><time>2023-02-16T03:32:16Z</time></trkpt><trkpt lat="31.065398" lon="78.188833"><ele>2259.846</ele><time>2023-02-16T03:32:24Z</time></trkpt><trkpt lat="31.065446" lon="78.188848"><ele>2257.395</ele><time>2023-02-16T03:32:33Z</time></trkpt><trkpt lat="31.065476" lon="78.188893"><ele>2255.871</ele><time>2023-02-16T03:32:43Z</time></trkpt><trkpt lat="31.065523" lon="78.188913"><ele>2253.223</ele><time>2023-02-16T03:32:58Z</time></trkpt><trkpt lat="31.065568" lon="78.188916"><ele>2250.778</ele><time>2023-02-16T03:33:08Z</time></trkpt><trkpt lat="31.065568" lon="78.188988"><ele>2250.746</ele><time>2023-02-16T03:33:49Z</time></trkpt><trkpt lat="31.065616" lon="78.189003"><ele>2247.988</ele><time>2023-02-16T03:33:57Z</time></trkpt><trkpt lat="31.065659" lon="78.188981"><ele>2245.516</ele><time>2023-02-16T03:34:05Z</time></trkpt><trkpt lat="31.065702" lon="78.188954"><ele>2243.209</ele><time>2023-02-16T03:34:11Z</time></trkpt><trkpt lat="31.065742" lon="78.188927"><ele>2241.165</ele><time>2023-02-16T03:34:19Z</time></trkpt><trkpt lat="31.065787" lon="78.188925"><ele>2238.626</ele><time>2023-02-16T03:34:33Z</time></trkpt><trkpt lat="31.065832" lon="78.188962"><ele>2235.879</ele><time>2023-02-16T03:34:51Z</time></trkpt><trkpt lat="31.065874" lon="78.188929"><ele>2234.473</ele><time>2023-02-16T03:34:58Z</time></trkpt><trkpt lat="31.065922" lon="78.188941"><ele>2232.481</ele><time>2023-02-16T03:35:14Z</time></trkpt><trkpt lat="31.065969" lon="78.188939"><ele>2230.580</ele><time>2023-02-16T03:35:30Z</time></trkpt><trkpt lat="31.066011" lon="78.188964"><ele>2228.636</ele><time>2023-02-16T03:35:40Z</time></trkpt><trkpt lat="31.066078" lon="78.188936"><ele>2226.258</ele><time>2023-02-16T03:36:00Z</time></trkpt><trkpt lat="31.066130" lon="78.188944"><ele>2224.143</ele><time>2023-02-16T03:36:07Z</time></trkpt><trkpt lat="31.066127" lon="78.189006"><ele>2223.681</ele><time>2023-02-16T03:36:16Z</time></trkpt><trkpt lat="31.066164" lon="78.189046"><ele>2221.761</ele><time>2023-02-16T03:36:22Z</time></trkpt><trkpt lat="31.066201" lon="78.189081"><ele>2219.917</ele><time>2023-02-16T03:36:32Z</time></trkpt><trkpt lat="31.066246" lon="78.189073"><ele>2218.109</ele><time>2023-02-16T03:36:44Z</time></trkpt><trkpt lat="31.066289" lon="78.189105"><ele>2216.019</ele><time>2023-02-16T03:36:58Z</time></trkpt><trkpt lat="31.066331" lon="78.189078"><ele>2214.610</ele><time>2023-02-16T03:37:13Z</time></trkpt><trkpt lat="31.066378" lon="78.189096"><ele>2212.553</ele><time>2023-02-16T03:37:36Z</time></trkpt><trkpt lat="31.066433" lon="78.189093"><ele>2210.377</ele><time>2023-02-16T03:37:51Z</time></trkpt><trkpt lat="31.066480" lon="78.189091"><ele>2208.555</ele><time>2023-02-16T03:37:58Z</time></trkpt><trkpt lat="31.066522" lon="78.189068"><ele>2207.054</ele><time>2023-02-16T03:38:06Z</time></trkpt><trkpt lat="31.066572" lon="78.189086"><ele>2204.830</ele><time>2023-02-16T03:38:16Z</time></trkpt><trkpt lat="31.066605" lon="78.189124"><ele>2203.082</ele><time>2023-02-16T03:38:23Z</time></trkpt><trkpt lat="31.066630" lon="78.189169"><ele>2201.567</ele><time>2023-02-16T03:38:31Z</time></trkpt><trkpt lat="31.066673" lon="78.189187"><ele>2199.535</ele><time>2023-02-16T03:38:40Z</time></trkpt><trkpt lat="31.066686" lon="78.189244"><ele>2198.486</ele><time>2023-02-16T03:38:47Z</time></trkpt><trkpt lat="31.066731" lon="78.189247"><ele>2196.614</ele><time>2023-02-16T03:38:58Z</time></trkpt><trkpt lat="31.066779" lon="78.189250"><ele>2194.809</ele><time>2023-02-16T03:39:06Z</time></trkpt><trkpt lat="31.066824" lon="78.189252"><ele>2193.194</ele><time>2023-02-16T03:39:17Z</time></trkpt><trkpt lat="31.066867" lon="78.189235"><ele>2191.745</ele><time>2023-02-16T03:39:24Z</time></trkpt><trkpt lat="31.066910" lon="78.189263"><ele>2189.868</ele><time>2023-02-16T03:39:34Z</time></trkpt><trkpt lat="31.066935" lon="78.189315"><ele>2188.222</ele><time>2023-02-16T03:40:03Z</time></trkpt><trkpt lat="31.067020" lon="78.189342"><ele>2184.710</ele><time>2023-02-16T03:40:28Z</time></trkpt><trkpt lat="31.067063" lon="78.189327"><ele>2183.249</ele><time>2023-02-16T03:40:35Z</time></trkpt><trkpt lat="31.067065" lon="78.189270"><ele>2183.945</ele><time>2023-02-16T03:40:51Z</time></trkpt><trkpt lat="31.067038" lon="78.189327"><ele>2184.217</ele><time>2023-02-16T03:41:07Z</time></trkpt><trkpt lat="31.067030" lon="78.189382"><ele>2183.832</ele><time>2023-02-16T03:41:13Z</time></trkpt><trkpt lat="31.067090" lon="78.189349"><ele>2182.024</ele><time>2023-02-16T03:41:42Z</time></trkpt><trkpt lat="31.067088" lon="78.189291"><ele>2182.804</ele><time>2023-02-16T03:41:47Z</time></trkpt><trkpt lat="31.067103" lon="78.189241"><ele>2182.814</ele><time>2023-02-16T03:41:53Z</time></trkpt><trkpt lat="31.067141" lon="78.189201"><ele>2181.909</ele><time>2023-02-16T03:42:05Z</time></trkpt><trkpt lat="31.067188" lon="78.189208"><ele>2180.163</ele><time>2023-02-16T03:42:16Z</time></trkpt><trkpt lat="31.067236" lon="78.189215"><ele>2178.284</ele><time>2023-02-16T03:42:21Z</time></trkpt><trkpt lat="31.067271" lon="78.189253"><ele>2176.417</ele><time>2023-02-16T03:42:26Z</time></trkpt><trkpt lat="31.067294" lon="78.189298"><ele>2175.091</ele><time>2023-02-16T03:42:31Z</time></trkpt><trkpt lat="31.067317" lon="78.189345"><ele>2173.569</ele><time>2023-02-16T03:42:43Z</time></trkpt><trkpt lat="31.067354" lon="78.189395"><ele>2171.518</ele><time>2023-02-16T03:42:56Z</time></trkpt><trkpt lat="31.067369" lon="78.189445"><ele>2170.324</ele><time>2023-02-16T03:43:07Z</time></trkpt><trkpt lat="31.067417" lon="78.189465"><ele>2168.216</ele><time>2023-02-16T03:43:15Z</time></trkpt><trkpt lat="31.067459" lon="78.189495"><ele>2166.221</ele><time>2023-02-16T03:43:22Z</time></trkpt><trkpt lat="31.067507" lon="78.189482"><ele>2164.731</ele><time>2023-02-16T03:43:30Z</time></trkpt><trkpt lat="31.067559" lon="78.189500"><ele>2163.861</ele><time>2023-02-16T03:43:39Z</time></trkpt><trkpt lat="31.067596" lon="78.189533"><ele>2162.707</ele><time>2023-02-16T03:43:47Z</time></trkpt><trkpt lat="31.067639" lon="78.189561"><ele>2161.609</ele><time>2023-02-16T03:43:56Z</time></trkpt><trkpt lat="31.067681" lon="78.189596"><ele>2160.414</ele><time>2023-02-16T03:44:07Z</time></trkpt><trkpt lat="31.067731" lon="78.189593"><ele>2159.685</ele><time>2023-02-16T03:44:15Z</time></trkpt><trkpt lat="31.067779" lon="78.189595"><ele>2158.878</ele><time>2023-02-16T03:44:22Z</time></trkpt><trkpt lat="31.067824" lon="78.189600"><ele>2157.952</ele><time>2023-02-16T03:44:31Z</time></trkpt><trkpt lat="31.067872" lon="78.189615"><ele>2156.890</ele><time>2023-02-16T03:44:37Z</time></trkpt><trkpt lat="31.067919" lon="78.189600"><ele>2156.379</ele><time>2023-02-16T03:44:44Z</time></trkpt><trkpt lat="31.067964" lon="78.189618"><ele>2155.285</ele><time>2023-02-16T03:44:55Z</time></trkpt><trkpt lat="31.067999" lon="78.189655"><ele>2153.737</ele><time>2023-02-16T03:45:04Z</time></trkpt><trkpt lat="31.068047" lon="78.189647"><ele>2153.012</ele><time>2023-02-16T03:45:13Z</time></trkpt><trkpt lat="31.068087" lon="78.189675"><ele>2151.678</ele><time>2023-02-16T03:45:23Z</time></trkpt><trkpt lat="31.068130" lon="78.189700"><ele>2150.233</ele><time>2023-02-16T03:45:33Z</time></trkpt><trkpt lat="31.068167" lon="78.189737"><ele>2148.526</ele><time>2023-02-16T03:45:40Z</time></trkpt><trkpt lat="31.068207" lon="78.189774"><ele>2146.609</ele><time>2023-02-16T03:45:46Z</time></trkpt><trkpt lat="31.068239" lon="78.189819"><ele>2144.788</ele><time>2023-02-16T03:45:53Z</time></trkpt><trkpt lat="31.068264" lon="78.189866"><ele>2142.759</ele><time>2023-02-16T03:46:02Z</time></trkpt><trkpt lat="31.068301" lon="78.189898"><ele>2140.962</ele><time>2023-02-16T03:46:09Z</time></trkpt><trkpt lat="31.068338" lon="78.189930"><ele>2139.226</ele><time>2023-02-16T03:46:16Z</time></trkpt><trkpt lat="31.068386" lon="78.189937"><ele>2138.714</ele><time>2023-02-16T03:46:25Z</time></trkpt><trkpt lat="31.068404" lon="78.189990"><ele>2137.173</ele><time>2023-02-16T03:46:31Z</time></trkpt><trkpt lat="31.068431" lon="78.190040"><ele>2136.069</ele><time>2023-02-16T03:46:37Z</time></trkpt><trkpt lat="31.068459" lon="78.190082"><ele>2135.291</ele><time>2023-02-16T03:46:43Z</time></trkpt><trkpt lat="31.068502" lon="78.190112"><ele>2134.696</ele><time>2023-02-16T03:46:49Z</time></trkpt><trkpt lat="31.068534" lon="78.190164"><ele>2133.535</ele><time>2023-02-16T03:46:54Z</time></trkpt><trkpt lat="31.068576" lon="78.190197"><ele>2132.886</ele><time>2023-02-16T03:47:00Z</time></trkpt><trkpt lat="31.068616" lon="78.190224"><ele>2132.214</ele><time>2023-02-16T03:47:05Z</time></trkpt><trkpt lat="31.068651" lon="78.190267"><ele>2131.309</ele><time>2023-02-16T03:47:12Z</time></trkpt><trkpt lat="31.068686" lon="78.190312"><ele>2130.464</ele><time>2023-02-16T03:47:18Z</time></trkpt><trkpt lat="31.068721" lon="78.190347"><ele>2129.615</ele><time>2023-02-16T03:47:24Z</time></trkpt><trkpt lat="31.068763" lon="78.190380"><ele>2128.918</ele><time>2023-02-16T03:47:29Z</time></trkpt><trkpt lat="31.068810" lon="78.190390"><ele>2128.652</ele><time>2023-02-16T03:47:36Z</time></trkpt><trkpt lat="31.068840" lon="78.190435"><ele>2127.620</ele><time>2023-02-16T03:47:41Z</time></trkpt><trkpt lat="31.068865" lon="78.190485"><ele>2126.699</ele><time>2023-02-16T03:47:46Z</time></trkpt><trkpt lat="31.068903" lon="78.190525"><ele>2125.815</ele><time>2023-02-16T03:47:52Z</time></trkpt><trkpt lat="31.068930" lon="78.190568"><ele>2124.997</ele><time>2023-02-16T03:47:56Z</time></trkpt><trkpt lat="31.068973" lon="78.190596"><ele>2124.272</ele><time>2023-02-16T03:48:01Z</time></trkpt><trkpt lat="31.069013" lon="78.190626"><ele>2123.566</ele><time>2023-02-16T03:48:07Z</time></trkpt><trkpt lat="31.069041" lon="78.190671"><ele>2122.529</ele><time>2023-02-16T03:48:18Z</time></trkpt><trkpt lat="31.069231" lon="78.190836"><ele>2117.821</ele><time>2023-02-16T03:48:24Z</time></trkpt><trkpt lat="31.069263" lon="78.190878"><ele>2114.609</ele><time>2023-02-16T03:48:35Z</time></trkpt><trkpt lat="31.069246" lon="78.190815"><ele>2117.927</ele><time>2023-02-16T03:48:38Z</time></trkpt><trkpt lat="31.069226" lon="78.190762"><ele>2119.298</ele><time>2023-02-16T03:48:45Z</time></trkpt><trkpt lat="31.069159" lon="78.190685"><ele>2121.941</ele><time>2023-02-16T03:49:17Z</time></trkpt><trkpt lat="31.069116" lon="78.190665"><ele>2122.415</ele><time>2023-02-16T03:49:37Z</time></trkpt><trkpt lat="31.069126" lon="78.190723"><ele>2121.333</ele><time>2023-02-16T03:49:50Z</time></trkpt><trkpt lat="31.069151" lon="78.190770"><ele>2120.322</ele><time>2023-02-16T03:50:07Z</time></trkpt><trkpt lat="31.069198" lon="78.190773"><ele>2119.558</ele><time>2023-02-16T03:50:22Z</time></trkpt><trkpt lat="31.069246" lon="78.190788"><ele>2118.430</ele><time>2023-02-16T03:50:29Z</time></trkpt><trkpt lat="31.069291" lon="78.190805"><ele>2117.365</ele><time>2023-02-16T03:50:38Z</time></trkpt><trkpt lat="31.069321" lon="78.190845"><ele>2115.782</ele><time>2023-02-16T03:50:45Z</time></trkpt><trkpt lat="31.069366" lon="78.190868"><ele>2113.543</ele><time>2023-02-16T03:50:52Z</time></trkpt><trkpt lat="31.069399" lon="78.190905"><ele>2110.617</ele><time>2023-02-16T03:51:02Z</time></trkpt><trkpt lat="31.069442" lon="78.190925"><ele>2108.709</ele><time>2023-02-16T03:51:09Z</time></trkpt><trkpt lat="31.069492" lon="78.190938"><ele>2107.169</ele><time>2023-02-16T03:51:17Z</time></trkpt><trkpt lat="31.069537" lon="78.190945"><ele>2105.920</ele><time>2023-02-16T03:51:24Z</time></trkpt><trkpt lat="31.069584" lon="78.190948"><ele>2105.053</ele><time>2023-02-16T03:51:30Z</time></trkpt><trkpt lat="31.069622" lon="78.190976"><ele>2102.747</ele><time>2023-02-16T03:51:40Z</time></trkpt><trkpt lat="31.069667" lon="78.190978"><ele>2101.825</ele><time>2023-02-16T03:51:52Z</time></trkpt><trkpt lat="31.069784" lon="78.191026"><ele>2097.114</ele><time>2023-02-16T03:52:31Z</time></trkpt><trkpt lat="31.069834" lon="78.191033"><ele>2095.990</ele><time>2023-02-16T03:52:48Z</time></trkpt><trkpt lat="31.069867" lon="78.191075"><ele>2092.832</ele><time>2023-02-16T03:53:05Z</time></trkpt><trkpt lat="31.069915" lon="78.191057"><ele>2093.237</ele><time>2023-02-16T03:53:22Z</time></trkpt><trkpt lat="31.069965" lon="78.191052"><ele>2092.726</ele><time>2023-02-16T03:53:33Z</time></trkpt><trkpt lat="31.070013" lon="78.191072"><ele>2090.647</ele><time>2023-02-16T03:53:41Z</time></trkpt><trkpt lat="31.070060" lon="78.191067"><ele>2089.311</ele><time>2023-02-16T03:53:55Z</time></trkpt><trkpt lat="31.070095" lon="78.191104"><ele>2086.209</ele><time>2023-02-16T03:54:06Z</time></trkpt><trkpt lat="31.070123" lon="78.191149"><ele>2083.093</ele><time>2023-02-16T03:54:20Z</time></trkpt><trkpt lat="31.070165" lon="78.191176"><ele>2080.594</ele><time>2023-02-16T03:54:31Z</time></trkpt><trkpt lat="31.070208" lon="78.191191"><ele>2078.777</ele><time>2023-02-16T03:54:42Z</time></trkpt><trkpt lat="31.070250" lon="78.191224"><ele>2076.191</ele><time>2023-02-16T03:54:58Z</time></trkpt><trkpt lat="31.070273" lon="78.191274"><ele>2073.439</ele><time>2023-02-16T03:55:10Z</time></trkpt><trkpt lat="31.070318" lon="78.191289"><ele>2071.858</ele><time>2023-02-16T03:55:16Z</time></trkpt><trkpt lat="31.070365" lon="78.191294"><ele>2070.744</ele><time>2023-02-16T03:55:24Z</time></trkpt><trkpt lat="31.070405" lon="78.191329"><ele>2068.686</ele><time>2023-02-16T03:55:31Z</time></trkpt><trkpt lat="31.070445" lon="78.191361"><ele>2066.771</ele><time>2023-02-16T03:55:38Z</time></trkpt><trkpt lat="31.070485" lon="78.191388"><ele>2065.293</ele><time>2023-02-16T03:55:43Z</time></trkpt><trkpt lat="31.070515" lon="78.191433"><ele>2063.365</ele><time>2023-02-16T03:55:52Z</time></trkpt><trkpt lat="31.070558" lon="78.191461"><ele>2062.021</ele><time>2023-02-16T03:56:01Z</time></trkpt><trkpt lat="31.070600" lon="78.191481"><ele>2061.009</ele><time>2023-02-16T03:56:05Z</time></trkpt><trkpt lat="31.070645" lon="78.191478"><ele>2060.670</ele><time>2023-02-16T03:56:14Z</time></trkpt><trkpt lat="31.070697" lon="78.191523"><ele>2059.171</ele><time>2023-02-16T03:57:11Z</time></trkpt><trkpt lat="31.070729" lon="78.191568"><ele>2058.014</ele><time>2023-02-16T03:57:19Z</time></trkpt><trkpt lat="31.070769" lon="78.191596"><ele>2057.388</ele><time>2023-02-16T03:57:26Z</time></trkpt><trkpt lat="31.070816" lon="78.191608"><ele>2056.976</ele><time>2023-02-16T03:57:33Z</time></trkpt><trkpt lat="31.070863" lon="78.191595"><ele>2056.525</ele><time>2023-02-16T03:57:40Z</time></trkpt><trkpt lat="31.070903" lon="78.191620"><ele>2055.631</ele><time>2023-02-16T03:57:47Z</time></trkpt><trkpt lat="31.070933" lon="78.191660"><ele>2054.693</ele><time>2023-02-16T03:57:52Z</time></trkpt><trkpt lat="31.070975" lon="78.191682"><ele>2052.978</ele><time>2023-02-16T03:57:59Z</time></trkpt><trkpt lat="31.071015" lon="78.191652"><ele>2053.586</ele><time>2023-02-16T03:58:06Z</time></trkpt><trkpt lat="31.071065" lon="78.191654"><ele>2052.760</ele><time>2023-02-16T03:58:12Z</time></trkpt><trkpt lat="31.071090" lon="78.191606"><ele>2052.626</ele><time>2023-02-16T03:58:19Z</time></trkpt><trkpt lat="31.071140" lon="78.191629"><ele>2051.709</ele><time>2023-02-16T03:58:25Z</time></trkpt><trkpt lat="31.071192" lon="78.191607"><ele>2050.989</ele><time>2023-02-16T03:58:32Z</time></trkpt><trkpt lat="31.071240" lon="78.191610"><ele>2050.140</ele><time>2023-02-16T03:58:40Z</time></trkpt><trkpt lat="31.071280" lon="78.191582"><ele>2049.483</ele><time>2023-02-16T03:58:54Z</time></trkpt><trkpt lat="31.071317" lon="78.191545"><ele>2048.797</ele><time>2023-02-16T03:58:59Z</time></trkpt><trkpt lat="31.071360" lon="78.191523"><ele>2047.845</ele><time>2023-02-16T03:59:25Z</time></trkpt><trkpt lat="31.071377" lon="78.191470"><ele>2047.294</ele><time>2023-02-16T03:59:32Z</time></trkpt><trkpt lat="31.071387" lon="78.191418"><ele>2046.720</ele><time>2023-02-16T03:59:41Z</time></trkpt><trkpt lat="31.071435" lon="78.191433"><ele>2045.652</ele><time>2023-02-16T03:59:52Z</time></trkpt><trkpt lat="31.071482" lon="78.191438"><ele>2044.637</ele><time>2023-02-16T04:00:00Z</time></trkpt><trkpt lat="31.071527" lon="78.191458"><ele>2043.888</ele><time>2023-02-16T04:00:11Z</time></trkpt><trkpt lat="31.071550" lon="78.191413"><ele>2042.824</ele><time>2023-02-16T04:00:22Z</time></trkpt><trkpt lat="31.071580" lon="78.191458"><ele>2042.626</ele><time>2023-02-16T04:00:28Z</time></trkpt><trkpt lat="31.071620" lon="78.191495"><ele>2042.309</ele><time>2023-02-16T04:00:34Z</time></trkpt><trkpt lat="31.071657" lon="78.191528"><ele>2042.069</ele><time>2023-02-16T04:00:39Z</time></trkpt><trkpt lat="31.071692" lon="78.191486"><ele>2039.760</ele><time>2023-02-16T04:00:44Z</time></trkpt><trkpt lat="31.071715" lon="78.191438"><ele>2037.533</ele><time>2023-02-16T04:00:50Z</time></trkpt><trkpt lat="31.071713" lon="78.191385"><ele>2036.867</ele><time>2023-02-16T04:01:01Z</time></trkpt><trkpt lat="31.071726" lon="78.191332"><ele>2035.215</ele><time>2023-02-16T04:01:10Z</time></trkpt><trkpt lat="31.071708" lon="78.191284"><ele>2035.634</ele><time>2023-02-16T04:01:16Z</time></trkpt><trkpt lat="31.071706" lon="78.191226"><ele>2034.820</ele><time>2023-02-16T04:01:23Z</time></trkpt><trkpt lat="31.071751" lon="78.191228"><ele>2032.222</ele><time>2023-02-16T04:01:33Z</time></trkpt><trkpt lat="31.071783" lon="78.191186"><ele>2029.637</ele><time>2023-02-16T04:01:40Z</time></trkpt><trkpt lat="31.071835" lon="78.191201"><ele>2026.781</ele><time>2023-02-16T04:02:00Z</time></trkpt><trkpt lat="31.071870" lon="78.191161"><ele>2024.161</ele><time>2023-02-16T04:02:28Z</time></trkpt><trkpt lat="31.071905" lon="78.191121"><ele>2021.417</ele><time>2023-02-16T04:02:34Z</time></trkpt><trkpt lat="31.071953" lon="78.191109"><ele>2018.309</ele><time>2023-02-16T04:02:45Z</time></trkpt><trkpt lat="31.071993" lon="78.191077"><ele>2015.579</ele><time>2023-02-16T04:02:53Z</time></trkpt><trkpt lat="31.072003" lon="78.191024"><ele>2014.140</ele><time>2023-02-16T04:03:02Z</time></trkpt><trkpt lat="31.071985" lon="78.190969"><ele>2014.333</ele><time>2023-02-16T04:03:12Z</time></trkpt><trkpt lat="31.072008" lon="78.190921"><ele>2012.397</ele><time>2023-02-16T04:03:25Z</time></trkpt><trkpt lat="31.071990" lon="78.190873"><ele>2012.625</ele><time>2023-02-16T04:03:33Z</time></trkpt><trkpt lat="31.071958" lon="78.190828"><ele>2013.834</ele><time>2023-02-16T04:03:50Z</time></trkpt><trkpt lat="31.071975" lon="78.190776"><ele>2011.850</ele><time>2023-02-16T04:03:56Z</time></trkpt><trkpt lat="31.071998" lon="78.190731"><ele>2009.762</ele><time>2023-02-16T04:04:02Z</time></trkpt><trkpt lat="31.071991" lon="78.190788"><ele>2011.127</ele><time>2023-02-16T04:04:16Z</time></trkpt><trkpt lat="31.072033" lon="78.190815"><ele>2009.197</ele><time>2023-02-16T04:04:23Z</time></trkpt><trkpt lat="31.072045" lon="78.190755"><ele>2007.423</ele><time>2023-02-16T04:04:29Z</time></trkpt><trkpt lat="31.072057" lon="78.190697"><ele>2005.825</ele><time>2023-02-16T04:04:37Z</time></trkpt><trkpt lat="31.072074" lon="78.190637"><ele>2003.809</ele><time>2023-02-16T04:04:45Z</time></trkpt><trkpt lat="31.072119" lon="78.190612"><ele>2000.990</ele><time>2023-02-16T04:05:03Z</time></trkpt><trkpt lat="31.072166" lon="78.190612"><ele>1998.351</ele><time>2023-02-16T04:05:27Z</time></trkpt><trkpt lat="31.072184" lon="78.190564"><ele>1996.644</ele><time>2023-02-16T04:05:46Z</time></trkpt><trkpt lat="31.072267" lon="78.190567"><ele>1992.268</ele><time>2023-02-16T04:07:01Z</time></trkpt><trkpt lat="31.072310" lon="78.190537"><ele>1989.496</ele><time>2023-02-16T04:07:30Z</time></trkpt><trkpt lat="31.072333" lon="78.190487"><ele>1987.685</ele><time>2023-02-16T04:07:37Z</time></trkpt><trkpt lat="31.072351" lon="78.190435"><ele>1986.061</ele><time>2023-02-16T04:07:45Z</time></trkpt><trkpt lat="31.072399" lon="78.190455"><ele>1983.753</ele><time>2023-02-16T04:07:57Z</time></trkpt><trkpt lat="31.072421" lon="78.190405"><ele>1982.018</ele><time>2023-02-16T04:08:06Z</time></trkpt><trkpt lat="31.072419" lon="78.190345"><ele>1981.491</ele><time>2023-02-16T04:08:18Z</time></trkpt><trkpt lat="31.072432" lon="78.190293"><ele>1980.281</ele><time>2023-02-16T04:08:28Z</time></trkpt><trkpt lat="31.072472" lon="78.190261"><ele>1977.919</ele><time>2023-02-16T04:08:39Z</time></trkpt><trkpt lat="31.072482" lon="78.190199"><ele>1976.809</ele><time>2023-02-16T04:08:45Z</time></trkpt><trkpt lat="31.072460" lon="78.190149"><ele>1977.310</ele><time>2023-02-16T04:08:54Z</time></trkpt><trkpt lat="31.072430" lon="78.190106"><ele>1978.331</ele><time>2023-02-16T04:09:00Z</time></trkpt><trkpt lat="31.072445" lon="78.190054"><ele>1977.134</ele><time>2023-02-16T04:09:10Z</time></trkpt><trkpt lat="31.072487" lon="78.190074"><ele>1975.318</ele><time>2023-02-16T04:09:24Z</time></trkpt><trkpt lat="31.072522" lon="78.190109"><ele>1974.436</ele><time>2023-02-16T04:09:35Z</time></trkpt><trkpt lat="31.072567" lon="78.190112"><ele>1973.185</ele><time>2023-02-16T04:09:51Z</time></trkpt><trkpt lat="31.072595" lon="78.190070"><ele>1971.931</ele><time>2023-02-16T04:09:56Z</time></trkpt><trkpt lat="31.072565" lon="78.190030"><ele>1972.453</ele><time>2023-02-16T04:14:17Z</time></trkpt><trkpt lat="31.072610" lon="78.190043"><ele>1971.258</ele><time>2023-02-16T04:14:40Z</time></trkpt><trkpt lat="31.072612" lon="78.190098"><ele>1971.762</ele><time>2023-02-16T04:14:52Z</time></trkpt><trkpt lat="31.072602" lon="78.190160"><ele>1972.583</ele><time>2023-02-16T04:15:21Z</time></trkpt><trkpt lat="31.072612" lon="78.190212"><ele>1972.711</ele><time>2023-02-16T04:15:29Z</time></trkpt><trkpt lat="31.072695" lon="78.190149"><ele>1969.609</ele><time>2023-02-16T04:17:13Z</time></trkpt><trkpt lat="31.072655" lon="78.190176"><ele>1971.117</ele><time>2023-02-16T04:17:21Z</time></trkpt><trkpt lat="31.072607" lon="78.190204"><ele>1972.858</ele><time>2023-02-16T04:20:45Z</time></trkpt><trkpt lat="31.072619" lon="78.190139"><ele>1971.891</ele><time>2023-02-16T04:21:49Z</time></trkpt><trkpt lat="31.072586" lon="78.190064"><ele>1972.125</ele><time>2023-02-16T04:21:54Z</time></trkpt><trkpt lat="31.072573" lon="78.189994"><ele>1972.093</ele><time>2023-02-16T04:21:58Z</time></trkpt><trkpt lat="31.072585" lon="78.189931"><ele>1972.562</ele><time>2023-02-16T04:22:12Z</time></trkpt><trkpt lat="31.072628" lon="78.189883"><ele>1971.978</ele><time>2023-02-16T04:22:16Z</time></trkpt><trkpt lat="31.072673" lon="78.189846"><ele>1971.210</ele><time>2023-02-16T04:22:18Z</time></trkpt><trkpt lat="31.072718" lon="78.189803"><ele>1970.775</ele><time>2023-02-16T04:22:20Z</time></trkpt><trkpt lat="31.072773" lon="78.189745"><ele>1970.292</ele><time>2023-02-16T04:22:22Z</time></trkpt><trkpt lat="31.072821" lon="78.189678"><ele>1970.173</ele><time>2023-02-16T04:22:24Z</time></trkpt><trkpt lat="31.072866" lon="78.189598"><ele>1970.420</ele><time>2023-02-16T04:22:26Z</time></trkpt><trkpt lat="31.072926" lon="78.189520"><ele>1970.409</ele><time>2023-02-16T04:22:28Z</time></trkpt><trkpt lat="31.072986" lon="78.189447"><ele>1970.550</ele><time>2023-02-16T04:22:30Z</time></trkpt><trkpt lat="31.073049" lon="78.189385"><ele>1970.421</ele><time>2023-02-16T04:22:32Z</time></trkpt><trkpt lat="31.073104" lon="78.189330"><ele>1970.544</ele><time>2023-02-16T04:22:34Z</time></trkpt><trkpt lat="31.073169" lon="78.189285"><ele>1970.278</ele><time>2023-02-16T04:22:36Z</time></trkpt><trkpt lat="31.073236" lon="78.189245"><ele>1969.956</ele><time>2023-02-16T04:22:38Z</time></trkpt><trkpt lat="31.073301" lon="78.189200"><ele>1969.855</ele><time>2023-02-16T04:22:40Z</time></trkpt><trkpt lat="31.073376" lon="78.189157"><ele>1968.871</ele><time>2023-02-16T04:22:42Z</time></trkpt><trkpt lat="31.073421" lon="78.189140"><ele>1967.713</ele><time>2023-02-16T04:22:43Z</time></trkpt><trkpt lat="31.073509" lon="78.189110"><ele>1965.548</ele><time>2023-02-16T04:22:45Z</time></trkpt><trkpt lat="31.073589" lon="78.189080"><ele>1963.632</ele><time>2023-02-16T04:22:47Z</time></trkpt><trkpt lat="31.073667" lon="78.189037"><ele>1961.992</ele><time>2023-02-16T04:22:49Z</time></trkpt><trkpt lat="31.073720" lon="78.188980"><ele>1961.311</ele><time>2023-02-16T04:22:51Z</time></trkpt><trkpt lat="31.073743" lon="78.188918"><ele>1961.709</ele><time>2023-02-16T04:22:53Z</time></trkpt><trkpt lat="31.073768" lon="78.188861"><ele>1961.914</ele><time>2023-02-16T04:22:55Z</time></trkpt><trkpt lat="31.073791" lon="78.188808"><ele>1962.255</ele><time>2023-02-16T04:22:57Z</time></trkpt><trkpt lat="31.073813" lon="78.188756"><ele>1962.458</ele><time>2023-02-16T04:22:59Z</time></trkpt><trkpt lat="31.073841" lon="78.188696"><ele>1962.622</ele><time>2023-02-16T04:23:01Z</time></trkpt><trkpt lat="31.073881" lon="78.188636"><ele>1962.560</ele><time>2023-02-16T04:23:04Z</time></trkpt><trkpt lat="31.073921" lon="78.188583"><ele>1962.279</ele><time>2023-02-16T04:23:06Z</time></trkpt><trkpt lat="31.073971" lon="78.188526"><ele>1961.615</ele><time>2023-02-16T04:23:08Z</time></trkpt><trkpt lat="31.074013" lon="78.188468"><ele>1961.437</ele><time>2023-02-16T04:23:10Z</time></trkpt><trkpt lat="31.074048" lon="78.188403"><ele>1961.462</ele><time>2023-02-16T04:23:12Z</time></trkpt><trkpt lat="31.074076" lon="78.188338"><ele>1961.735</ele><time>2023-02-16T04:23:14Z</time></trkpt><trkpt lat="31.074106" lon="78.188276"><ele>1961.786</ele><time>2023-02-16T04:23:16Z</time></trkpt><trkpt lat="31.074139" lon="78.188213"><ele>1961.614</ele><time>2023-02-16T04:23:18Z</time></trkpt><trkpt lat="31.074169" lon="78.188145"><ele>1961.609</ele><time>2023-02-16T04:23:20Z</time></trkpt><trkpt lat="31.074196" lon="78.188075"><ele>1961.594</ele><time>2023-02-16T04:23:22Z</time></trkpt><trkpt lat="31.074238" lon="78.188000"><ele>1960.995</ele><time>2023-02-16T04:23:24Z</time></trkpt><trkpt lat="31.074278" lon="78.187927"><ele>1960.368</ele><time>2023-02-16T04:23:26Z</time></trkpt><trkpt lat="31.074306" lon="78.187839"><ele>1960.512</ele><time>2023-02-16T04:23:28Z</time></trkpt><trkpt lat="31.074326" lon="78.187757"><ele>1960.910</ele><time>2023-02-16T04:23:30Z</time></trkpt><trkpt lat="31.074344" lon="78.187675"><ele>1961.439</ele><time>2023-02-16T04:23:32Z</time></trkpt><trkpt lat="31.074356" lon="78.187575"><ele>1962.465</ele><time>2023-02-16T04:23:34Z</time></trkpt><trkpt lat="31.074368" lon="78.187485"><ele>1963.367</ele><time>2023-02-16T04:23:36Z</time></trkpt><trkpt lat="31.074381" lon="78.187405"><ele>1964.062</ele><time>2023-02-16T04:23:38Z</time></trkpt><trkpt lat="31.074396" lon="78.187330"><ele>1964.613</ele><time>2023-02-16T04:23:40Z</time></trkpt><trkpt lat="31.074424" lon="78.187262"><ele>1964.543</ele><time>2023-02-16T04:23:42Z</time></trkpt><trkpt lat="31.074457" lon="78.187200"><ele>1964.207</ele><time>2023-02-16T04:23:44Z</time></trkpt><trkpt lat="31.074477" lon="78.187147"><ele>1964.209</ele><time>2023-02-16T04:23:46Z</time></trkpt><trkpt lat="31.074504" lon="78.187079"><ele>1964.142</ele><time>2023-02-16T04:23:48Z</time></trkpt><trkpt lat="31.074531" lon="78.187004"><ele>1964.183</ele><time>2023-02-16T04:23:50Z</time></trkpt><trkpt lat="31.074549" lon="78.186917"><ele>1964.736</ele><time>2023-02-16T04:23:52Z</time></trkpt><trkpt lat="31.074567" lon="78.186814"><ele>1965.590</ele><time>2023-02-16T04:23:54Z</time></trkpt><trkpt lat="31.074580" lon="78.186721"><ele>1966.378</ele><time>2023-02-16T04:23:56Z</time></trkpt><trkpt lat="31.074590" lon="78.186641"><ele>1967.557</ele><time>2023-02-16T04:23:58Z</time></trkpt><trkpt lat="31.074603" lon="78.186583"><ele>1968.653</ele><time>2023-02-16T04:24:00Z</time></trkpt><trkpt lat="31.074618" lon="78.186533"><ele>1969.325</ele><time>2023-02-16T04:24:02Z</time></trkpt><trkpt lat="31.074633" lon="78.186481"><ele>1970.130</ele><time>2023-02-16T04:24:04Z</time></trkpt><trkpt lat="31.074671" lon="78.186434"><ele>1969.835</ele><time>2023-02-16T04:24:06Z</time></trkpt><trkpt lat="31.074728" lon="78.186381"><ele>1968.786</ele><time>2023-02-16T04:24:08Z</time></trkpt><trkpt lat="31.074791" lon="78.186318"><ele>1967.714</ele><time>2023-02-16T04:24:10Z</time></trkpt><trkpt lat="31.074836" lon="78.186248"><ele>1967.509</ele><time>2023-02-16T04:24:12Z</time></trkpt><trkpt lat="31.074864" lon="78.186166"><ele>1968.594</ele><time>2023-02-16T04:24:14Z</time></trkpt><trkpt lat="31.074901" lon="78.186091"><ele>1968.895</ele><time>2023-02-16T04:24:16Z</time></trkpt><trkpt lat="31.074941" lon="78.186014"><ele>1969.048</ele><time>2023-02-16T04:24:18Z</time></trkpt><trkpt lat="31.074979" lon="78.185921"><ele>1969.752</ele><time>2023-02-16T04:24:20Z</time></trkpt><trkpt lat="31.075027" lon="78.185858"><ele>1969.410</ele><time>2023-02-16T04:24:22Z</time></trkpt><trkpt lat="31.075082" lon="78.185811"><ele>1969.249</ele><time>2023-02-16T04:24:24Z</time></trkpt><trkpt lat="31.075139" lon="78.185771"><ele>1969.315</ele><time>2023-02-16T04:24:26Z</time></trkpt><trkpt lat="31.075197" lon="78.185731"><ele>1969.497</ele><time>2023-02-16T04:24:28Z</time></trkpt><trkpt lat="31.075252" lon="78.185664"><ele>1971.172</ele><time>2023-02-16T04:24:30Z</time></trkpt><trkpt lat="31.075297" lon="78.185594"><ele>1973.431</ele><time>2023-02-16T04:24:32Z</time></trkpt><trkpt lat="31.075369" lon="78.185521"><ele>1975.061</ele><time>2023-02-16T04:24:34Z</time></trkpt><trkpt lat="31.075407" lon="78.185476"><ele>1976.307</ele><time>2023-02-16T04:24:35Z</time></trkpt><trkpt lat="31.075440" lon="78.185439"><ele>1977.309</ele><time>2023-02-16T04:24:36Z</time></trkpt><trkpt lat="31.075507" lon="78.185367"><ele>1979.284</ele><time>2023-02-16T04:24:38Z</time></trkpt><trkpt lat="31.075574" lon="78.185304"><ele>1980.775</ele><time>2023-02-16T04:24:40Z</time></trkpt><trkpt lat="31.075654" lon="78.185264"><ele>1980.628</ele><time>2023-02-16T04:24:42Z</time></trkpt><trkpt lat="31.075697" lon="78.185247"><ele>1980.362</ele><time>2023-02-16T04:24:43Z</time></trkpt><trkpt lat="31.075782" lon="78.185224"><ele>1979.190</ele><time>2023-02-16T04:24:45Z</time></trkpt><trkpt lat="31.075829" lon="78.185206"><ele>1978.879</ele><time>2023-02-16T04:24:46Z</time></trkpt><trkpt lat="31.075876" lon="78.185199"><ele>1977.695</ele><time>2023-02-16T04:24:47Z</time></trkpt><trkpt lat="31.075943" lon="78.185179"><ele>1976.657</ele><time>2023-02-16T04:24:49Z</time></trkpt><trkpt lat="31.075996" lon="78.185159"><ele>1976.082</ele><time>2023-02-16T04:24:51Z</time></trkpt><trkpt lat="31.076063" lon="78.185157"><ele>1973.816</ele><time>2023-02-16T04:24:53Z</time></trkpt><trkpt lat="31.076128" lon="78.185150"><ele>1972.176</ele><time>2023-02-16T04:24:55Z</time></trkpt><trkpt lat="31.076193" lon="78.185135"><ele>1970.713</ele><time>2023-02-16T04:24:57Z</time></trkpt><trkpt lat="31.076235" lon="78.185107"><ele>1970.909</ele><time>2023-02-16T04:24:59Z</time></trkpt><trkpt lat="31.076305" lon="78.185080"><ele>1970.192</ele><time>2023-02-16T04:25:01Z</time></trkpt><trkpt lat="31.076360" lon="78.185072"><ele>1968.683</ele><time>2023-02-16T04:25:03Z</time></trkpt><trkpt lat="31.076435" lon="78.185062"><ele>1966.616</ele><time>2023-02-16T04:25:05Z</time></trkpt><trkpt lat="31.076515" lon="78.185052"><ele>1964.480</ele><time>2023-02-16T04:25:07Z</time></trkpt><trkpt lat="31.076593" lon="78.185024"><ele>1963.378</ele><time>2023-02-16T04:25:09Z</time></trkpt><trkpt lat="31.076640" lon="78.185007"><ele>1962.557</ele><time>2023-02-16T04:25:10Z</time></trkpt><trkpt lat="31.076708" lon="78.184989"><ele>1961.123</ele><time>2023-02-16T04:25:11Z</time></trkpt><trkpt lat="31.076753" lon="78.184977"><ele>1960.285</ele><time>2023-02-16T04:25:12Z</time></trkpt><trkpt lat="31.076801" lon="78.184969"><ele>1959.140</ele><time>2023-02-16T04:25:13Z</time></trkpt><trkpt lat="31.076849" lon="78.184964"><ele>1958.055</ele><time>2023-02-16T04:25:14Z</time></trkpt><trkpt lat="31.076897" lon="78.184952"><ele>1956.907</ele><time>2023-02-16T04:25:15Z</time></trkpt><trkpt lat="31.076947" lon="78.184947"><ele>1955.817</ele><time>2023-02-16T04:25:16Z</time></trkpt><trkpt lat="31.076995" lon="78.184937"><ele>1954.709</ele><time>2023-02-16T04:25:17Z</time></trkpt><trkpt lat="31.077045" lon="78.184924"><ele>1953.786</ele><time>2023-02-16T04:25:18Z</time></trkpt><trkpt lat="31.077092" lon="78.184907"><ele>1952.757</ele><time>2023-02-16T04:25:19Z</time></trkpt><trkpt lat="31.077140" lon="78.184890"><ele>1951.850</ele><time>2023-02-16T04:25:20Z</time></trkpt><trkpt lat="31.077187" lon="78.184875"><ele>1950.844</ele><time>2023-02-16T04:25:21Z</time></trkpt><trkpt lat="31.077234" lon="78.184860"><ele>1949.952</ele><time>2023-02-16T04:25:22Z</time></trkpt><trkpt lat="31.077282" lon="78.184845"><ele>1948.981</ele><time>2023-02-16T04:25:23Z</time></trkpt><trkpt lat="31.077360" lon="78.184822"><ele>1947.317</ele><time>2023-02-16T04:25:25Z</time></trkpt><trkpt lat="31.077432" lon="78.184800"><ele>1945.819</ele><time>2023-02-16T04:25:27Z</time></trkpt><trkpt lat="31.077497" lon="78.184778"><ele>1944.564</ele><time>2023-02-16T04:25:29Z</time></trkpt><trkpt lat="31.077542" lon="78.184765"><ele>1943.536</ele><time>2023-02-16T04:25:30Z</time></trkpt><trkpt lat="31.077592" lon="78.184755"><ele>1942.317</ele><time>2023-02-16T04:25:32Z</time></trkpt><trkpt lat="31.077637" lon="78.184748"><ele>1941.218</ele><time>2023-02-16T04:25:35Z</time></trkpt></trkseg></trk></gpx>