<?xml version="1.0" encoding="UTF-8"?><gpx version="1.1" creator="mapping-demo prepare_route.py" xmlns="http://www.topografix.com/GPX/1/1"><trk><name>hampta-pass</name><trkseg><trkpt lat="32.259128" lon="77.241677"><ele>2800.6</ele></trkpt><trkpt lat="32.259102" lon="77.241618"><ele>2800.3</ele></trkpt><trkpt lat="32.259077" lon="77.241559"><ele>2799.8</ele></trkpt><trkpt lat="32.259081" lon="77.241497"><ele>2798.4</ele></trkpt><trkpt lat="32.259085" lon="77.241436"><ele>2796.3</ele></trkpt><trkpt lat="32.259138" lon="77.241454"><ele>2795.6</ele></trkpt><trkpt lat="32.259187" lon="77.241456"><ele>2793.4</ele></trkpt><trkpt lat="32.259224" lon="77.241502"><ele>2793.0</ele></trkpt><trkpt lat="32.259272" lon="77.241478"><ele>2790.2</ele></trkpt><trkpt lat="32.259311" lon="77.241516"><ele>2789.2</ele></trkpt><trkpt lat="32.259354" lon="77.241553"><ele>2787.9</ele></trkpt><trkpt lat="32.259383" lon="77.241607"><ele>2787.5</ele></trkpt><trkpt lat="32.259390" lon="77.241660"><ele>2788.1</ele></trkpt><trkpt lat="32.259405" lon="77.241721"><ele>2788.4</ele></trkpt><trkpt lat="32.259415" lon="77.241779"><ele>2788.9</ele></trkpt><trkpt lat="32.259433" lon="77.241839"><ele>2788.3</ele></trkpt><trkpt lat="32.259472" lon="77.241887"><ele>2786.4</ele></trkpt><trkpt lat="32.259509" lon="77.241941"><ele>2784.7</ele></trkpt><trkpt lat="32.259539" lon="77.241983"><ele>2783.4</ele></trkpt><trkpt lat="32.259580" lon="77.242016"><ele>2781.5</ele></trkpt><trkpt lat="32.259622" lon="77.242055"><ele>2779.6</ele></trkpt><trkpt lat="32.259660" lon="77.242089"><ele>2778.4</ele></trkpt><trkpt lat="32.259685" lon="77.242134"><ele>2777.8</ele></trkpt><trkpt lat="32.259672" lon="77.242195"><ele>2778.7</ele></trkpt><trkpt lat="32.259648" lon="77.242255"><ele>2779.8</ele></trkpt><trkpt lat="32.259620" lon="77.242319"><ele>2781.0</ele></trkpt><trkpt lat="32.259587" lon="77.242373"><ele>2782.5</ele></trkpt><trkpt lat="32.259556" lon="77.242416"><ele>2783.9</ele></trkpt><trkpt lat="32.259522" lon="77.242457"><ele>2785.2</ele></trkpt><trkpt lat="32.259491" lon="77.242497"><ele>2786.2</ele></trkpt><trkpt lat="32.259470" lon="77.242546"><ele>2786.8</ele></trkpt><trkpt lat="32.259472" lon="77.242614"><ele>2786.6</ele></trkpt><trkpt lat="32.259480" lon="77.242674"><ele>2786.3</ele></trkpt><trkpt lat="32.259474" lon="77.242742"><ele>2785.8</ele></trkpt><trkpt lat="32.259445" lon="77.242796"><ele>2785.6</ele></trkpt><trkpt lat="32.259423" lon="77.242850"><ele>2785.1</ele></trkpt><trkpt lat="32.259369" lon="77.242848"><ele>2785.6</ele></trkpt><trkpt lat="32.259340" lon="77.242789"><ele>2787.2</ele></trkpt><trkpt lat="32.259332" lon="77.242718"><ele>2788.7</ele></trkpt><trkpt lat="32.259341" lon="77.242662"><ele>2789.5</ele></trkpt><trkpt lat="32.259350" lon="77.242606"><ele>2789.8</ele></trkpt><trkpt lat="32.259378" lon="77.242561"><ele>2789.3</ele></trkpt><trkpt lat="32.259426" lon="77.242543"><ele>2788.1</ele></trkpt><trkpt lat="32.259444" lon="77.242602"><ele>2787.3</ele></trkpt><trkpt lat="32.259431" lon="77.242683"><ele>2787.2</ele></trkpt><trkpt lat="32.259417" lon="77.242765"><ele>2786.3</ele></trkpt><trkpt lat="32.259404" lon="77.242846"><ele>2785.3</ele></trkpt><trkpt lat="32.259373" lon="77.242907"><ele>2784.6</ele></trkpt><trkpt lat="32.259342" lon="77.242967"><ele>2783.9</ele></trkpt><trkpt lat="32.259337" lon="77.243028"><ele>2783.4</ele></trkpt><trkpt lat="32.259313" lon="77.243096"><ele>2783.0</ele></trkpt><trkpt lat="32.259309" lon="77.243159"><ele>2782.4</ele></trkpt><trkpt lat="32.259323" lon="77.243210"><ele>2781.7</ele></trkpt><trkpt lat="32.259317" lon="77.243272"><ele>2781.2</ele></trkpt><trkpt lat="32.259303" lon="77.243325"><ele>2781.0</ele></trkpt><trkpt lat="32.259306" lon="77.243384"><ele>2780.5</ele></trkpt><trkpt lat="32.259340" lon="77.243425"><ele>2779.5</ele></trkpt><trkpt lat="32.259381" lon="77.243404"><ele>2779.9</ele></trkpt><trkpt lat="32.259429" lon="77.243417"><ele>2780.5</ele></trkpt><trkpt lat="32.259463" lon="77.243378"><ele>2781.2</ele></trkpt><trkpt lat="32.259502" lon="77.243330"><ele>2781.9</ele></trkpt><trkpt lat="32.259550" lon="77.243265"><ele>2782.5</ele></trkpt><trkpt lat="32.259575" lon="77.243210"><ele>2782.9</ele></trkpt><trkpt lat="32.259600" lon="77.243162"><ele>2783.2</ele></trkpt><trkpt lat="32.259645" lon="77.243184"><ele>2783.8</ele></trkpt><trkpt lat="32.259690" lon="77.243205"><ele>2784.6</ele></trkpt><trkpt lat="32.259734" lon="77.243255"><ele>2785.7</ele></trkpt><trkpt lat="32.259761" lon="77.243312"><ele>2786.6</ele></trkpt><trkpt lat="32.259805" lon="77.243272"><ele>2787.2</ele></trkpt><trkpt lat="32.259855" lon="77.243275"><ele>2788.3</ele></trkpt><trkpt lat="32.259896" lon="77.243308"><ele>2789.0</ele></trkpt><trkpt lat="32.259933" lon="77.243342"><ele>2789.6</ele></trkpt><trkpt lat="32.259982" lon="77.243339"><ele>2789.9</ele></trkpt><trkpt lat="32.260025" lon="77.243364"><ele>2790.5</ele></trkpt><trkpt lat="32.260077" lon="77.243368"><ele>2790.9</ele></trkpt><trkpt lat="32.260123" lon="77.243395"><ele>2791.1</ele></trkpt><trkpt lat="32.260170" lon="77.243416"><ele>2791.0</ele></trkpt><trkpt lat="32.260216" lon="77.243423"><ele>2790.8</ele></trkpt><trkpt lat="32.260263" lon="77.243419"><ele>2790.4</ele></trkpt><trkpt lat="32.260307" lon="77.243444"><ele>2790.5</ele></trkpt><trkpt lat="32.260353" lon="77.243468"><ele>2790.8</ele></trkpt><trkpt lat="32.260402" lon="77.243464"><ele>2791.2</ele></trkpt><trkpt lat="32.260445" lon="77.243492"><ele>2792.2</ele></trkpt><trkpt lat="32.260475" lon="77.243533"><ele>2793.4</ele></trkpt><trkpt lat="32.260520" lon="77.243522"><ele>2793.6</ele></trkpt><trkpt lat="32.260580" lon="77.243535"><ele>2794.6</ele></trkpt><trkpt lat="32.260624" lon="77.243573"><ele>2796.1</ele></trkpt><trkpt lat="32.260663" lon="77.243603"><ele>2797.3</ele></trkpt><trkpt lat="32.260705" lon="77.243633"><ele>2798.4</ele></trkpt><trkpt lat="32.260754" lon="77.243652"><ele>2799.4</ele></trkpt><trkpt lat="32.260824" lon="77.243644"><ele>2800.0</ele></trkpt><trkpt lat="32.260876" lon="77.243657"><ele>2800.6</ele></trkpt><trkpt lat="32.260929" lon="77.243676"><ele>2801.2</ele></trkpt><trkpt lat="32.260977" lon="77.243686"><ele>2801.6</ele></trkpt><trkpt lat="32.261027" lon="77.243703"><ele>2802.1</ele></trkpt><trkpt lat="32.261074" lon="77.243720"><ele>2802.6</ele></trkpt><trkpt lat="32.261123" lon="77.243732"><ele>2802.7</ele></trkpt><trkpt lat="32.261164" lon="77.243755"><ele>2802.9</ele></trkpt><trkpt lat="32.261204" lon="77.243789"><ele>2803.3</ele></trkpt><trkpt lat="32.261251" lon="77.243805"><ele>2803.4</ele></trkpt><trkpt lat="32.261297" lon="77.243792"><ele>2803.0</ele></trkpt><trkpt lat="32.261339" lon="77.243816"><ele>2803.3</ele></trkpt><trkpt lat="32.261385" lon="77.243811"><ele>2802.6</ele></trkpt><trkpt lat="32.261430" lon="77.243802"><ele>2801.9</ele></trkpt><trkpt lat="32.261482" lon="77.243822"><ele>2801.7</ele></trkpt><trkpt lat="32.261488" lon="77.243881"><ele>2802.7</ele></trkpt><trkpt lat="32.261472" lon="77.243931"><ele>2804.4</ele></trkpt><trkpt lat="32.261504" lon="77.243985"><ele>2806.0</ele></trkpt><trkpt lat="32.261551" lon="77.243997"><ele>2806.0</ele></trkpt><trkpt lat="32.261598" lon="77.243989"><ele>2805.4</ele></trkpt><trkpt lat="32.261625" lon="77.244032"><ele>2807.1</ele></trkpt><trkpt lat="32.261661" lon="77.244068"><ele>2808.6</ele></trkpt><trkpt lat="32.261715" lon="77.244057"><ele>2808.3</ele></trkpt><trkpt lat="32.261762" lon="77.244080"><ele>2809.3</ele></trkpt><trkpt lat="32.261806" lon="77.244109"><ele>2810.5</ele></trkpt><trkpt lat="32.261861" lon="77.244093"><ele>2809.8</ele></trkpt><trkpt lat="32.261912" lon="77.244096"><ele>2809.7</ele></trkpt><trkpt lat="32.261960" lon="77.244137"><ele>2811.1</ele></trkpt><trkpt lat="32.262006" lon="77.244149"><ele>2811.4</ele></trkpt><trkpt lat="32.262056" lon="77.244160"><ele>2811.6</ele></trkpt><trkpt lat="32.262107" lon="77.244161"><ele>2811.3</ele></trkpt><trkpt lat="32.262152" lon="77.244166"><ele>2811.2</ele></trkpt><trkpt lat="32.262185" lon="77.244206"><ele>2812.5</ele></trkpt><trkpt lat="32.262207" lon="77.244253"><ele>2814.4</ele></trkpt><trkpt lat="32.262224" lon="77.244303"><ele>2816.5</ele></trkpt><trkpt lat="32.262272" lon="77.244327"><ele>2817.3</ele></trkpt><trkpt lat="32.262321" lon="77.244312"><ele>2816.3</ele></trkpt><trkpt lat="32.262375" lon="77.244313"><ele>2816.4</ele></trkpt><trkpt lat="32.262421" lon="77.244331"><ele>2817.3</ele></trkpt><trkpt lat="32.262467" lon="77.244320"><ele>2816.8</ele></trkpt><trkpt lat="32.262513" lon="77.244333"><ele>2817.6</ele></trkpt><trkpt lat="32.262559" lon="77.244319"><ele>2816.9</ele></trkpt><trkpt lat="32.262610" lon="77.244330"><ele>2817.5</ele></trkpt><trkpt lat="32.262652" lon="77.244348"><ele>2818.3</ele></trkpt><trkpt lat="32.262696" lon="77.244374"><ele>2819.6</ele></trkpt><trkpt lat="32.262748" lon="77.244377"><ele>2819.7</ele></trkpt><trkpt lat="32.262793" lon="77.244389"><ele>2820.2</ele></trkpt><trkpt lat="32.262840" lon="77.244396"><ele>2820.2</ele></trkpt><trkpt lat="32.262865" lon="77.244441"><ele>2821.7</ele></trkpt><trkpt lat="32.262909" lon="77.244460"><ele>2821.4</ele></trkpt><trkpt lat="32.262935" lon="77.244509"><ele>2822.9</ele></trkpt><trkpt lat="32.262928" lon="77.244569"><ele>2825.7</ele></trkpt><trkpt lat="32.262979" lon="77.244595"><ele>2825.3</ele></trkpt><trkpt lat="32.263027" lon="77.244598"><ele>2824.0</ele></trkpt><trkpt lat="32.263081" lon="77.244608"><ele>2822.8</ele></trkpt><trkpt lat="32.263121" lon="77.244648"><ele>2823.1</ele></trkpt><trkpt lat="32.263156" lon="77.244688"><ele>2823.6</ele></trkpt><trkpt lat="32.263184" lon="77.244731"><ele>2824.6</ele></trkpt><trkpt lat="32.263222" lon="77.244791"><ele>2826.0</ele></trkpt><trkpt lat="32.263263" lon="77.244814"><ele>2825.7</ele></trkpt><trkpt lat="32.263313" lon="77.244836"><ele>2825.0</ele></trkpt><trkpt lat="32.263349" lon="77.244870"><ele>2825.9</ele></trkpt><trkpt lat="32.263394" lon="77.244879"><ele>2825.6</ele></trkpt><trkpt lat="32.263436" lon="77.244900"><ele>2825.9</ele></trkpt><trkpt lat="32.263471" lon="77.244942"><ele>2827.4</ele></trkpt><trkpt lat="32.263499" lon="77.244995"><ele>2829.7</ele></trkpt><trkpt lat="32.263546" lon="77.245030"><ele>2830.9</ele></trkpt><trkpt lat="32.263588" lon="77.245056"><ele>2831.6</ele></trkpt><trkpt lat="32.263543" lon="77.245093"><ele>2834.2</ele></trkpt><trkpt lat="32.263556" lon="77.245030"><ele>2830.7</ele></trkpt><trkpt lat="32.263605" lon="77.245037"><ele>2830.3</ele></trkpt><trkpt lat="32.263649" lon="77.245063"><ele>2830.9</ele></trkpt><trkpt lat="32.263696" lon="77.245081"><ele>2831.0</ele></trkpt><trkpt lat="32.263742" lon="77.245104"><ele>2831.4</ele></trkpt><trkpt lat="32.263792" lon="77.245112"><ele>2831.0</ele></trkpt><trkpt lat="32.263843" lon="77.245121"><ele>2830.1</ele></trkpt><trkpt lat="32.263870" lon="77.245169"><ele>2831.1</ele></trkpt><trkpt lat="32.263901" lon="77.245211"><ele>2831.6</ele></trkpt><trkpt lat="32.263952" lon="77.245204"><ele>2829.5</ele></trkpt><trkpt lat="32.263999" lon="77.245208"><ele>2828.0</ele></trkpt><trkpt lat="32.264047" lon="77.245226"><ele>2826.9</ele></trkpt><trkpt lat="32.264096" lon="77.245243"><ele>2825.6</ele></trkpt><trkpt lat="32.264120" lon="77.245296"><ele>2826.5</ele></trkpt><trkpt lat="32.264168" lon="77.245313"><ele>2825.2</ele></trkpt><trkpt lat="32.264216" lon="77.245331"><ele>2824.0</ele></trkpt><trkpt lat="32.264263" lon="77.245326"><ele>2821.8</ele></trkpt><trkpt lat="32.264309" lon="77.245302"><ele>2818.9</ele></trkpt><trkpt lat="32.264347" lon="77.245266"><ele>2816.3</ele></trkpt><trkpt lat="32.264366" lon="77.245216"><ele>2813.5</ele></trkpt><trkpt lat="32.264325" lon="77.245261"><ele>2816.7</ele></trkpt><trkpt lat="32.264321" lon="77.245327"><ele>2819.6</ele></trkpt><trkpt lat="32.264332" lon="77.245391"><ele>2822.1</ele></trkpt><trkpt lat="32.264343" lon="77.245447"><ele>2824.3</ele></trkpt><trkpt lat="32.264382" lon="77.245376"><ele>2820.2</ele></trkpt><trkpt lat="32.264440" lon="77.245297"><ele>2815.0</ele></trkpt><trkpt lat="32.264498" lon="77.245217"><ele>2809.6</ele></trkpt><trkpt lat="32.264556" lon="77.245138"><ele>2804.1</ele></trkpt><trkpt lat="32.264595" lon="77.245097"><ele>2801.9</ele></trkpt><trkpt lat="32.264633" lon="77.245053"><ele>2799.7</ele></trkpt><trkpt lat="32.264594" lon="77.245125"><ele>2803.0</ele></trkpt><trkpt lat="32.264555" lon="77.245197"><ele>2806.9</ele></trkpt><trkpt lat="32.264533" lon="77.245259"><ele>2810.6</ele></trkpt><trkpt lat="32.264516" lon="77.245337"><ele>2814.8</ele></trkpt><trkpt lat="32.264480" lon="77.245383"><ele>2818.0</ele></trkpt><trkpt lat="32.264444" lon="77.245428"><ele>2821.0</ele></trkpt><trkpt lat="32.264446" lon="77.245481"><ele>2823.6</ele></trkpt><trkpt lat="32.264446" lon="77.245544"><ele>2826.7</ele></trkpt><trkpt lat="32.264533" lon="77.245562"><ele>2825.8</ele></trkpt><trkpt lat="32.264576" lon="77.245546"><ele>2824.3</ele></trkpt><trkpt lat="32.264628" lon="77.245532"><ele>2823.1</ele></trkpt><trkpt lat="32.264652" lon="77.245583"><ele>2825.5</ele></trkpt><trkpt lat="32.264689" lon="77.245614"><ele>2826.8</ele></trkpt><trkpt lat="32.264667" lon="77.245676"><ele>2830.2</ele></trkpt><trkpt lat="32.264645" lon="77.245738"><ele>2833.7</ele></trkpt><trkpt lat="32.264697" lon="77.245741"><ele>2833.3</ele></trkpt><trkpt lat="32.264741" lon="77.245753"><ele>2833.5</ele></trkpt><trkpt lat="32.264758" lon="77.245807"><ele>2836.2</ele></trkpt><trkpt lat="32.264753" lon="77.245869"><ele>2839.5</ele></trkpt><trkpt lat="32.264795" lon="77.245894"><ele>2840.3</ele></trkpt><trkpt lat="32.264850" lon="77.245877"><ele>2838.9</ele></trkpt><trkpt lat="32.264903" lon="77.245876"><ele>2838.3</ele></trkpt><trkpt lat="32.264975" lon="77.245834"><ele>2835.5</ele></trkpt><trkpt lat="32.264934" lon="77.245889"><ele>2838.7</ele></trkpt><trkpt lat="32.264987" lon="77.245905"><ele>2839.0</ele></trkpt><trkpt lat="32.265030" lon="77.245931"><ele>2839.8</ele></trkpt><trkpt lat="32.265079" lon="77.245932"><ele>2839.3</ele></trkpt><trkpt lat="32.265086" lon="77.245991"><ele>2842.2</ele></trkpt><trkpt lat="32.265145" lon="77.245981"><ele>2841.1</ele></trkpt><trkpt lat="32.265189" lon="77.245955"><ele>2839.3</ele></trkpt><trkpt lat="32.265233" lon="77.245926"><ele>2837.3</ele></trkpt><trkpt lat="32.265286" lon="77.245898"><ele>2835.3</ele></trkpt><trkpt lat="32.265335" lon="77.245878"><ele>2832.7</ele></trkpt><trkpt lat="32.265389" lon="77.245858"><ele>2829.5</ele></trkpt><trkpt lat="32.265433" lon="77.245838"><ele>2826.8</ele></trkpt><trkpt lat="32.265482" lon="77.245842"><ele>2825.1</ele></trkpt><trkpt lat="32.265503" lon="77.245912"><ele>2828.0</ele></trkpt><trkpt lat="32.265499" lon="77.245985"><ele>2832.1</ele></trkpt><trkpt lat="32.265496" lon="77.246049"><ele>2835.7</ele></trkpt><trkpt lat="32.265500" lon="77.246106"><ele>2839.8</ele></trkpt><trkpt lat="32.265550" lon="77.246154"><ele>2841.6</ele></trkpt><trkpt lat="32.265601" lon="77.246132"><ele>2837.0</ele></trkpt><trkpt lat="32.265650" lon="77.246122"><ele>2833.5</ele></trkpt><trkpt lat="32.265691" lon="77.246147"><ele>2833.2</ele></trkpt><trkpt lat="32.265731" lon="77.246172"><ele>2832.9</ele></trkpt><trkpt lat="32.265783" lon="77.246185"><ele>2831.1</ele></trkpt><trkpt lat="32.265835" lon="77.246193"><ele>2829.6</ele></trkpt><trkpt lat="32.265895" lon="77.246202"><ele>2827.9</ele></trkpt><trkpt lat="32.265955" lon="77.246211"><ele>2826.3</ele></trkpt><trkpt lat="32.266027" lon="77.246255"><ele>2826.7</ele></trkpt><trkpt lat="32.266057" lon="77.246313"><ele>2830.0</ele></trkpt><trkpt lat="32.266090" lon="77.246349"><ele>2831.6</ele></trkpt><trkpt lat="32.266131" lon="77.246375"><ele>2832.1</ele></trkpt><trkpt lat="32.266173" lon="77.246403"><ele>2832.6</ele></trkpt><trkpt lat="32.266238" lon="77.246409"><ele>2830.8</ele></trkpt><trkpt lat="32.266289" lon="77.246415"><ele>2829.5</ele></trkpt><trkpt lat="32.266289" lon="77.246469"><ele>2832.8</ele></trkpt><trkpt lat="32.266337" lon="77.246485"><ele>2832.6</ele></trkpt><trkpt lat="32.266380" lon="77.246532"><ele>2834.2</ele></trkpt><trkpt lat="32.266417" lon="77.246572"><ele>2835.3</ele></trkpt><trkpt lat="32.266436" lon="77.246621"><ele>2837.4</ele></trkpt><trkpt lat="32.266493" lon="77.246643"><ele>2836.7</ele></trkpt><trkpt lat="32.266513" lon="77.246691"><ele>2838.5</ele></trkpt><trkpt lat="32.266571" lon="77.246736"><ele>2839.4</ele></trkpt><trkpt lat="32.266560" lon="77.246799"><ele>2843.1</ele></trkpt><trkpt lat="32.266591" lon="77.246849"><ele>2844.9</ele></trkpt><trkpt lat="32.266605" lon="77.246905"><ele>2847.4</ele></trkpt><trkpt lat="32.266663" lon="77.246904"><ele>2845.6</ele></trkpt><trkpt lat="32.266721" lon="77.246857"><ele>2841.6</ele></trkpt><trkpt lat="32.266764" lon="77.246874"><ele>2841.1</ele></trkpt><trkpt lat="32.266841" lon="77.246896"><ele>2840.6</ele></trkpt><trkpt lat="32.266892" lon="77.246916"><ele>2840.5</ele></trkpt><trkpt lat="32.266942" lon="77.246922"><ele>2839.8</ele></trkpt><trkpt lat="32.266992" lon="77.246945"><ele>2839.7</ele></trkpt><trkpt lat="32.267027" lon="77.246985"><ele>2840.6</ele></trkpt><trkpt lat="32.267079" lon="77.246983"><ele>2839.9</ele></trkpt><trkpt lat="32.267124" lon="77.246997"><ele>2840.0</ele></trkpt><trkpt lat="32.267176" lon="77.246986"><ele>2838.9</ele></trkpt><trkpt lat="32.267220" lon="77.246975"><ele>2837.9</ele></trkpt><trkpt lat="32.267265" lon="77.247000"><ele>2838.6</ele></trkpt><trkpt lat="32.267315" lon="77.247024"><ele>2839.3</ele></trkpt><trkpt lat="32.267375" lon="77.247042"><ele>2839.8</ele></trkpt><trkpt lat="32.267425" lon="77.247069"><ele>2840.6</ele></trkpt><trkpt lat="32.267472" lon="77.247067"><ele>2840.2</ele></trkpt><trkpt lat="32.267517" lon="77.247077"><ele>2840.3</ele></trkpt><trkpt lat="32.267509" lon="77.247133"><ele>2842.6</ele></trkpt><trkpt lat="32.267544" lon="77.247090"><ele>2840.9</ele></trkpt><trkpt lat="32.267582" lon="77.247056"><ele>2839.6</ele></trkpt><trkpt lat="32.267622" lon="77.247012"><ele>2838.1</ele></trkpt><trkpt lat="32.267676" lon="77.246993"><ele>2837.7</ele></trkpt><trkpt lat="32.267695" lon="77.247055"><ele>2840.0</ele></trkpt><trkpt lat="32.267733" lon="77.247097"><ele>2841.5</ele></trkpt><trkpt lat="32.267784" lon="77.247103"><ele>2841.9</ele></trkpt><trkpt lat="32.267832" lon="77.247112"><ele>2842.4</ele></trkpt><trkpt lat="32.267877" lon="77.247106"><ele>2842.5</ele></trkpt><trkpt lat="32.267926" lon="77.247121"><ele>2843.2</ele></trkpt><trkpt lat="32.267976" lon="77.247120"><ele>2843.4</ele></trkpt><trkpt lat="32.268020" lon="77.247093"><ele>2842.9</ele></trkpt><trkpt lat="32.268072" lon="77.247112"><ele>2843.7</ele></trkpt><trkpt lat="32.268120" lon="77.247141"><ele>2844.6</ele></trkpt><trkpt lat="32.268169" lon="77.247158"><ele>2845.2</ele></trkpt><trkpt lat="32.268211" lon="77.247189"><ele>2846.0</ele></trkpt><trkpt lat="32.268261" lon="77.247206"><ele>2846.5</ele></trkpt><trkpt lat="32.268304" lon="77.247226"><ele>2847.1</ele></trkpt><trkpt lat="32.268349" lon="77.247245"><ele>2847.6</ele></trkpt><trkpt lat="32.268403" lon="77.247258"><ele>2848.1</ele></trkpt><trkpt lat="32.268452" lon="77.247252"><ele>2848.1</ele></trkpt><trkpt lat="32.268489" lon="77.247290"><ele>2848.9</ele></trkpt><trkpt lat="32.268533" lon="77.247306"><ele>2849.2</ele></trkpt><trkpt lat="32.268583" lon="77.247315"><ele>2849.4</ele></trkpt><trkpt lat="32.268628" lon="77.247324"><ele>2849.5</ele></trkpt><trkpt lat="32.268665" lon="77.247362"><ele>2850.0</ele></trkpt><trkpt lat="32.268712" lon="77.247374"><ele>2850.2</ele></trkpt><trkpt lat="32.268756" lon="77.247398"><ele>2850.5</ele></trkpt><trkpt lat="32.268814" lon="77.247433"><ele>2850.3</ele></trkpt><trkpt lat="32.268836" lon="77.247484"><ele>2850.7</ele></trkpt><trkpt lat="32.268883" lon="77.247501"><ele>2850.3</ele></trkpt><trkpt lat="32.268932" lon="77.247513"><ele>2849.9</ele></trkpt><trkpt lat="32.268966" lon="77.247554"><ele>2850.0</ele></trkpt><trkpt lat="32.269006" lon="77.247597"><ele>2850.0</ele></trkpt><trkpt lat="32.269012" lon="77.247666"><ele>2851.6</ele></trkpt><trkpt lat="32.269056" lon="77.247691"><ele>2851.4</ele></trkpt><trkpt lat="32.269103" lon="77.247704"><ele>2850.9</ele></trkpt><trkpt lat="32.269142" lon="77.247739"><ele>2851.1</ele></trkpt><trkpt lat="32.269186" lon="77.247758"><ele>2850.9</ele></trkpt><trkpt lat="32.269227" lon="77.247788"><ele>2850.9</ele></trkpt><trkpt lat="32.269250" lon="77.247836"><ele>2851.8</ele></trkpt><trkpt lat="32.269263" lon="77.247896"><ele>2853.1</ele></trkpt><trkpt lat="32.269279" lon="77.247950"><ele>2854.3</ele></trkpt><trkpt lat="32.269311" lon="77.248000"><ele>2855.1</ele></trkpt><trkpt lat="32.269326" lon="77.248052"><ele>2856.2</ele></trkpt><trkpt lat="32.269365" lon="77.248088"><ele>2856.2</ele></trkpt><trkpt lat="32.269403" lon="77.248124"><ele>2856.2</ele></trkpt><trkpt lat="32.269429" lon="77.248168"><ele>2856.7</ele></trkpt><trkpt lat="32.269461" lon="77.248216"><ele>2856.9</ele></trkpt><trkpt lat="32.269494" lon="77.248272"><ele>2856.9</ele></trkpt><trkpt lat="32.269533" lon="77.248316"><ele>2856.7</ele></trkpt><trkpt lat="32.269562" lon="77.248374"><ele>2857.0</ele></trkpt><trkpt lat="32.269604" lon="77.248409"><ele>2856.6</ele></trkpt><trkpt lat="32.269688" lon="77.248416"><ele>2855.0</ele></trkpt><trkpt lat="32.269748" lon="77.248481"><ele>2854.5</ele></trkpt><trkpt lat="32.269699" lon="77.248470"><ele>2855.4</ele></trkpt><trkpt lat="32.269736" lon="77.248438"><ele>2854.2</ele></trkpt><trkpt lat="32.269784" lon="77.248465"><ele>2854.1</ele></trkpt><trkpt lat="32.269821" lon="77.248511"><ele>2854.3</ele></trkpt><trkpt lat="32.269859" lon="77.248543"><ele>2854.5</ele></trkpt><trkpt lat="32.269895" lon="77.248577"><ele>2854.7</ele></trkpt><trkpt lat="32.269940" lon="77.248609"><ele>2854.7</ele></trkpt><trkpt lat="32.269976" lon="77.248642"><ele>2854.7</ele></trkpt><trkpt lat="32.270020" lon="77.248671"><ele>2854.6</ele></trkpt><trkpt lat="32.270066" lon="77.248683"><ele>2854.4</ele></trkpt><trkpt lat="32.270110" lon="77.248697"><ele>2854.2</ele></trkpt><trkpt lat="32.270156" lon="77.248702"><ele>2853.9</ele></trkpt><trkpt lat="32.270198" lon="77.248722"><ele>2853.5</ele></trkpt><trkpt lat="32.270235" lon="77.248672"><ele>2853.2</ele></trkpt><trkpt lat="32.270278" lon="77.248646"><ele>2853.7</ele></trkpt><trkpt lat="32.270329" lon="77.248640"><ele>2854.3</ele></trkpt><trkpt lat="32.270374" lon="77.248661"><ele>2854.7</ele></trkpt><trkpt lat="32.270441" lon="77.248644"><ele>2855.6</ele></trkpt><trkpt lat="32.270479" lon="77.248688"><ele>2855.5</ele></trkpt><trkpt lat="32.270522" lon="77.248709"><ele>2855.9</ele></trkpt><trkpt lat="32.270571" lon="77.248724"><ele>2856.7</ele></trkpt><trkpt lat="32.270617" lon="77.248735"><ele>2857.5</ele></trkpt><trkpt lat="32.270664" lon="77.248759"><ele>2857.9</ele></trkpt><trkpt lat="32.270704" lon="77.248784"><ele>2858.2</ele></trkpt><trkpt lat="32.270752" lon="77.248820"><ele>2858.3</ele></trkpt><trkpt lat="32.270799" lon="77.248824"><ele>2859.1</ele></trkpt><trkpt lat="32.270855" lon="77.248808"><ele>2860.3</ele></trkpt><trkpt lat="32.270915" lon="77.248815"><ele>2861.2</ele></trkpt><trkpt lat="32.270965" lon="77.248815"><ele>2862.1</ele></trkpt><trkpt lat="32.271019" lon="77.248801"><ele>2862.8</ele></trkpt><trkpt lat="32.271074" lon="77.248779"><ele>2863.4</ele></trkpt><trkpt lat="32.271117" lon="77.248750"><ele>2864.1</ele></trkpt><trkpt lat="32.271166" lon="77.248717"><ele>2864.9</ele></trkpt><trkpt lat="32.271215" lon="77.248721"><ele>2864.9</ele></trkpt><trkpt lat="32.271264" lon="77.248763"><ele>2863.8</ele></trkpt><trkpt lat="32.271293" lon="77.248808"><ele>2862.6</ele></trkpt><trkpt lat="32.271347" lon="77.248813"><ele>2861.8</ele></trkpt><trkpt lat="32.271399" lon="77.248794"><ele>2861.6</ele></trkpt><trkpt lat="32.271448" lon="77.248772"><ele>2861.4</ele></trkpt><trkpt lat="32.271501" lon="77.248753"><ele>2861.0</ele></trkpt><trkpt lat="32.271547" lon="77.248771"><ele>2860.0</ele></trkpt><trkpt lat="32.271592" lon="77.248779"><ele>2859.2</ele></trkpt><trkpt lat="32.271643" lon="77.248795"><ele>2858.1</ele></trkpt><trkpt lat="32.271692" lon="77.248809"><ele>2857.2</ele></trkpt><trkpt lat="32.271741" lon="77.248805"><ele>2856.6</ele></trkpt><trkpt lat="32.271789" lon="77.248787"><ele>2856.5</ele></trkpt><trkpt lat="32.271876" lon="77.248805"><ele>2855.6</ele></trkpt><trkpt lat="32.271935" lon="77.248797"><ele>2855.3</ele></trkpt><trkpt lat="32.271985" lon="77.248782"><ele>2855.2</ele></trkpt><trkpt lat="32.272034" lon="77.248767"><ele>2855.6</ele></trkpt><trkpt lat="32.272085" lon="77.248758"><ele>2855.9</ele></trkpt><trkpt lat="32.272141" lon="77.248752"><ele>2856.2</ele></trkpt><trkpt lat="32.272196" lon="77.248740"><ele>2856.7</ele></trkpt><trkpt lat="32.272242" lon="77.248709"><ele>2857.5</ele></trkpt><trkpt lat="32.272285" lon="77.248680"><ele>2858.7</ele></trkpt><trkpt lat="32.272327" lon="77.248699"><ele>2858.9</ele></trkpt><trkpt lat="32.272373" lon="77.248721"><ele>2859.1</ele></trkpt><trkpt lat="32.272449" lon="77.248674"><ele>2861.2</ele></trkpt><trkpt lat="32.272498" lon="77.248707"><ele>2861.2</ele></trkpt><trkpt lat="32.272542" lon="77.248746"><ele>2860.9</ele></trkpt><trkpt lat="32.272590" lon="77.248767"><ele>2861.0</ele></trkpt><trkpt lat="32.272642" lon="77.248776"><ele>2861.4</ele></trkpt><trkpt lat="32.272686" lon="77.248791"><ele>2861.6</ele></trkpt><trkpt lat="32.272722" lon="77.248832"><ele>2861.1</ele></trkpt><trkpt lat="32.272768" lon="77.248848"><ele>2860.9</ele></trkpt><trkpt lat="32.272819" lon="77.248856"><ele>2860.8</ele></trkpt><trkpt lat="32.272864" lon="77.248864"><ele>2860.7</ele></trkpt><trkpt lat="32.272909" lon="77.248876"><ele>2860.5</ele></trkpt><trkpt lat="32.272950" lon="77.248900"><ele>2860.5</ele></trkpt><trkpt lat="32.272978" lon="77.248952"><ele>2860.3</ele></trkpt><trkpt lat="32.273028" lon="77.248952"><ele>2860.3</ele></trkpt><trkpt lat="32.273068" lon="77.248910"><ele>2860.7</ele></trkpt><trkpt lat="32.273099" lon="77.248974"><ele>2860.1</ele></trkpt><trkpt lat="32.273145" lon="77.248985"><ele>2860.0</ele></trkpt><trkpt lat="32.273195" lon="77.249010"><ele>2859.5</ele></trkpt><trkpt lat="32.273244" lon="77.249038"><ele>2859.1</ele></trkpt><trkpt lat="32.273291" lon="77.249061"><ele>2859.2</ele></trkpt><trkpt lat="32.273325" lon="77.249103"><ele>2858.5</ele></trkpt><trkpt lat="32.273359" lon="77.249146"><ele>2857.7</ele></trkpt><trkpt lat="32.273403" lon="77.249182"><ele>2856.9</ele></trkpt><trkpt lat="32.273454" lon="77.249197"><ele>2857.0</ele></trkpt><trkpt lat="32.273477" lon="77.249246"><ele>2856.8</ele></trkpt><trkpt lat="32.273480" lon="77.249322"><ele>2856.5</ele></trkpt><trkpt lat="32.273513" lon="77.249361"><ele>2856.9</ele></trkpt><trkpt lat="32.273561" lon="77.249385"><ele>2857.6</ele></trkpt><trkpt lat="32.273613" lon="77.249397"><ele>2858.4</ele></trkpt><trkpt lat="32.273658" lon="77.249405"><ele>2859.1</ele></trkpt><trkpt lat="32.273705" lon="77.249425"><ele>2859.6</ele></trkpt><trkpt lat="32.273745" lon="77.249460"><ele>2860.1</ele></trkpt><trkpt lat="32.273788" lon="77.249486"><ele>2860.9</ele></trkpt><trkpt lat="32.273838" lon="77.249506"><ele>2862.2</ele></trkpt><trkpt lat="32.273879" lon="77.249534"><ele>2863.3</ele></trkpt><trkpt lat="32.273931" lon="77.249543"><ele>2864.6</ele></trkpt><trkpt lat="32.273984" lon="77.249535"><ele>2866.0</ele></trkpt><trkpt lat="32.274025" lon="77.249511"><ele>2867.2</ele></trkpt><trkpt lat="32.274065" lon="77.249543"><ele>2868.2</ele></trkpt><trkpt lat="32.274129" lon="77.249553"><ele>2870.0</ele></trkpt><trkpt lat="32.274175" lon="77.249582"><ele>2871.0</ele></trkpt><trkpt lat="32.274223" lon="77.249580"><ele>2872.4</ele></trkpt><trkpt lat="32.274273" lon="77.249549"><ele>2874.1</ele></trkpt><trkpt lat="32.274318" lon="77.249568"><ele>2875.1</ele></trkpt><trkpt lat="32.274376" lon="77.249597"><ele>2876.2</ele></trkpt><trkpt lat="32.274419" lon="77.249613"><ele>2877.0</ele></trkpt><trkpt lat="32.274453" lon="77.249649"><ele>2877.2</ele></trkpt><trkpt lat="32.274485" lon="77.249688"><ele>2877.2</ele></trkpt><trkpt lat="32.274527" lon="77.249706"><ele>2877.7</ele></trkpt><trkpt lat="32.274575" lon="77.249722"><ele>2878.4</ele></trkpt><trkpt lat="32.274617" lon="77.249753"><ele>2878.6</ele></trkpt><trkpt lat="32.274667" lon="77.249763"><ele>2879.4</ele></trkpt><trkpt lat="32.274711" lon="77.249781"><ele>2879.8</ele></trkpt><trkpt lat="32.274763" lon="77.249792"><ele>2880.7</ele></trkpt><trkpt lat="32.274808" lon="77.249805"><ele>2881.3</ele></trkpt><trkpt lat="32.274872" lon="77.249804"><ele>2882.7</ele></trkpt><trkpt lat="32.274921" lon="77.249832"><ele>2883.4</ele></trkpt><trkpt lat="32.274971" lon="77.249848"><ele>2884.2</ele></trkpt><trkpt lat="32.275015" lon="77.249873"><ele>2885.1</ele></trkpt><trkpt lat="32.275070" lon="77.249863"><ele>2886.8</ele></trkpt><trkpt lat="32.275118" lon="77.249869"><ele>2888.1</ele></trkpt><trkpt lat="32.275163" lon="77.249880"><ele>2889.1</ele></trkpt><trkpt lat="32.275206" lon="77.249908"><ele>2889.9</ele></trkpt><trkpt lat="32.275242" lon="77.249946"><ele>2890.5</ele></trkpt><trkpt lat="32.275267" lon="77.249992"><ele>2890.6</ele></trkpt><trkpt lat="32.275317" lon="77.250022"><ele>2891.8</ele></trkpt><trkpt lat="32.275346" lon="77.250068"><ele>2891.9</ele></trkpt><trkpt lat="32.275395" lon="77.250085"><ele>2893.3</ele></trkpt><trkpt lat="32.275445" lon="77.250073"><ele>2895.3</ele></trkpt><trkpt lat="32.275473" lon="77.250116"><ele>2895.5</ele></trkpt><trkpt lat="32.275528" lon="77.250125"><ele>2897.7</ele></trkpt><trkpt lat="32.275470" lon="77.250119"><ele>2895.3</ele></trkpt><trkpt lat="32.275491" lon="77.250172"><ele>2895.5</ele></trkpt><trkpt lat="32.275523" lon="77.250217"><ele>2896.1</ele></trkpt><trkpt lat="32.275572" lon="77.250238"><ele>2897.7</ele></trkpt><trkpt lat="32.275605" lon="77.250280"><ele>2898.2</ele></trkpt><trkpt lat="32.275639" lon="77.250330"><ele>2898.5</ele></trkpt><trkpt lat="32.275655" lon="77.250396"><ele>2897.8</ele></trkpt><trkpt lat="32.275663" lon="77.250458"><ele>2897.0</ele></trkpt><trkpt lat="32.275685" lon="77.250515"><ele>2896.7</ele></trkpt><trkpt lat="32.275717" lon="77.250564"><ele>2896.8</ele></trkpt><trkpt lat="32.275776" lon="77.250614"><ele>2897.7</ele></trkpt><trkpt lat="32.275807" lon="77.250664"><ele>2897.7</ele></trkpt><trkpt lat="32.275834" lon="77.250716"><ele>2897.5</ele></trkpt><trkpt lat="32.275867" lon="77.250758"><ele>2897.6</ele></trkpt><trkpt lat="32.275886" lon="77.250812"><ele>2897.1</ele></trkpt><trkpt lat="32.275922" lon="77.250847"><ele>2897.3</ele></trkpt><trkpt lat="32.275957" lon="77.250891"><ele>2897.3</ele></trkpt><trkpt lat="32.275987" lon="77.250938"><ele>2897.0</ele></trkpt><trkpt lat="32.276040" lon="77.251008"><ele>2896.8</ele></trkpt><trkpt lat="32.276061" lon="77.251056"><ele>2896.1</ele></trkpt><trkpt lat="32.276098" lon="77.251093"><ele>2896.0</ele></trkpt><trkpt lat="32.276139" lon="77.251118"><ele>2896.2</ele></trkpt><trkpt lat="32.276155" lon="77.251168"><ele>2895.2</ele></trkpt><trkpt lat="32.276187" lon="77.251210"><ele>2894.8</ele></trkpt><trkpt lat="32.276230" lon="77.251244"><ele>2895.5</ele></trkpt><trkpt lat="32.276267" lon="77.251278"><ele>2896.0</ele></trkpt><trkpt lat="32.276312" lon="77.251313"><ele>2896.8</ele></trkpt><trkpt lat="32.276340" lon="77.251357"><ele>2897.2</ele></trkpt><trkpt lat="32.276372" lon="77.251400"><ele>2897.8</ele></trkpt><trkpt lat="32.276410" lon="77.251440"><ele>2898.6</ele></trkpt><trkpt lat="32.276458" lon="77.251456"><ele>2900.5</ele></trkpt><trkpt lat="32.276496" lon="77.251493"><ele>2901.7</ele></trkpt><trkpt lat="32.276537" lon="77.251543"><ele>2902.8</ele></trkpt><trkpt lat="32.276580" lon="77.251574"><ele>2904.3</ele></trkpt><trkpt lat="32.276625" lon="77.251600"><ele>2905.9</ele></trkpt><trkpt lat="32.276668" lon="77.251625"><ele>2907.6</ele></trkpt><trkpt lat="32.276712" lon="77.251644"><ele>2908.6</ele></trkpt><trkpt lat="32.276757" lon="77.251658"><ele>2909.4</ele></trkpt><trkpt lat="32.276803" lon="77.251677"><ele>2910.2</ele></trkpt><trkpt lat="32.276849" lon="77.251666"><ele>2911.4</ele></trkpt><trkpt lat="32.276902" lon="77.251659"><ele>2912.7</ele></trkpt><trkpt lat="32.276936" lon="77.251701"><ele>2912.7</ele></trkpt><trkpt lat="32.276947" lon="77.251754"><ele>2911.8</ele></trkpt><trkpt lat="32.276989" lon="77.251778"><ele>2912.2</ele></trkpt><trkpt lat="32.277035" lon="77.251787"><ele>2912.9</ele></trkpt><trkpt lat="32.277079" lon="77.251803"><ele>2913.4</ele></trkpt><trkpt lat="32.277111" lon="77.251853"><ele>2912.7</ele></trkpt><trkpt lat="32.277137" lon="77.251899"><ele>2911.9</ele></trkpt><trkpt lat="32.277169" lon="77.251938"><ele>2911.7</ele></trkpt><trkpt lat="32.277210" lon="77.251968"><ele>2912.3</ele></trkpt><trkpt lat="32.277247" lon="77.252006"><ele>2912.7</ele></trkpt><trkpt lat="32.277288" lon="77.252031"><ele>2913.2</ele></trkpt><trkpt lat="32.277353" lon="77.252044"><ele>2914.4</ele></trkpt><trkpt lat="32.277399" lon="77.252054"><ele>2915.2</ele></trkpt><trkpt lat="32.277441" lon="77.252082"><ele>2915.5</ele></trkpt><trkpt lat="32.277489" lon="77.252108"><ele>2916.3</ele></trkpt><trkpt lat="32.277534" lon="77.252132"><ele>2917.0</ele></trkpt><trkpt lat="32.277573" lon="77.252162"><ele>2917.3</ele></trkpt><trkpt lat="32.277615" lon="77.252190"><ele>2917.8</ele></trkpt><trkpt lat="32.277654" lon="77.252227"><ele>2918.0</ele></trkpt><trkpt lat="32.277699" lon="77.252251"><ele>2919.4</ele></trkpt><trkpt lat="32.277740" lon="77.252274"><ele>2920.8</ele></trkpt><trkpt lat="32.277781" lon="77.252314"><ele>2922.1</ele></trkpt><trkpt lat="32.277831" lon="77.252338"><ele>2923.9</ele></trkpt><trkpt lat="32.277876" lon="77.252343"><ele>2925.6</ele></trkpt><trkpt lat="32.277920" lon="77.252315"><ele>2927.4</ele></trkpt><trkpt lat="32.277968" lon="77.252317"><ele>2929.3</ele></trkpt><trkpt lat="32.278014" lon="77.252329"><ele>2931.0</ele></trkpt><trkpt lat="32.278042" lon="77.252372"><ele>2931.8</ele></trkpt><trkpt lat="32.278061" lon="77.252428"><ele>2932.3</ele></trkpt><trkpt lat="32.278084" lon="77.252480"><ele>2932.9</ele></trkpt><trkpt lat="32.278106" lon="77.252533"><ele>2933.5</ele></trkpt><trkpt lat="32.278140" lon="77.252578"><ele>2934.9</ele></trkpt><trkpt lat="32.278160" lon="77.252635"><ele>2935.8</ele></trkpt><trkpt lat="32.278204" lon="77.252653"><ele>2937.2</ele></trkpt><trkpt lat="32.278271" lon="77.252654"><ele>2939.2</ele></trkpt><trkpt lat="32.278302" lon="77.252696"><ele>2940.2</ele></trkpt><trkpt lat="32.278360" lon="77.252708"><ele>2942.0</ele></trkpt><trkpt lat="32.278401" lon="77.252734"><ele>2943.3</ele></trkpt><trkpt lat="32.278436" lon="77.252772"><ele>2944.2</ele></trkpt><trkpt lat="32.278482" lon="77.252793"><ele>2945.3</ele></trkpt><trkpt lat="32.278498" lon="77.252846"><ele>2945.6</ele></trkpt><trkpt lat="32.278494" lon="77.252899"><ele>2945.2</ele></trkpt><trkpt lat="32.278500" lon="77.252973"><ele>2944.9</ele></trkpt><trkpt lat="32.278544" lon="77.252950"><ele>2946.1</ele></trkpt><trkpt lat="32.278559" lon="77.253023"><ele>2946.0</ele></trkpt><trkpt lat="32.278597" lon="77.253064"><ele>2946.7</ele></trkpt><trkpt lat="32.278642" lon="77.253071"><ele>2947.7</ele></trkpt><trkpt lat="32.278673" lon="77.253116"><ele>2948.4</ele></trkpt><trkpt lat="32.278715" lon="77.253141"><ele>2949.6</ele></trkpt><trkpt lat="32.278760" lon="77.253190"><ele>2950.8</ele></trkpt><trkpt lat="32.278735" lon="77.253245"><ele>2949.7</ele></trkpt><trkpt lat="32.278746" lon="77.253298"><ele>2949.8</ele></trkpt><trkpt lat="32.278781" lon="77.253342"><ele>2950.7</ele></trkpt><trkpt lat="32.278817" lon="77.253386"><ele>2951.6</ele></trkpt><trkpt lat="32.278854" lon="77.253425"><ele>2952.6</ele></trkpt><trkpt lat="32.278907" lon="77.253412"><ele>2954.2</ele></trkpt><trkpt lat="32.278926" lon="77.253461"><ele>2954.6</ele></trkpt><trkpt lat="32.278951" lon="77.253513"><ele>2955.1</ele></trkpt><trkpt lat="32.278985" lon="77.253554"><ele>2956.0</ele></trkpt><trkpt lat="32.279039" lon="77.253540"><ele>2957.5</ele></trkpt><trkpt lat="32.279014" lon="77.253596"><ele>2956.7</ele></trkpt><trkpt lat="32.279023" lon="77.253674"><ele>2956.9</ele></trkpt><trkpt lat="32.279021" lon="77.253734"><ele>2956.8</ele></trkpt><trkpt lat="32.279030" lon="77.253802"><ele>2957.1</ele></trkpt><trkpt lat="32.279044" lon="77.253859"><ele>2957.5</ele></trkpt><trkpt lat="32.279054" lon="77.253915"><ele>2957.9</ele></trkpt><trkpt lat="32.279054" lon="77.253978"><ele>2958.0</ele></trkpt><trkpt lat="32.279062" lon="77.254038"><ele>2958.1</ele></trkpt><trkpt lat="32.279081" lon="77.254095"><ele>2958.1</ele></trkpt><trkpt lat="32.279104" lon="77.254146"><ele>2958.2</ele></trkpt><trkpt lat="32.279124" lon="77.254198"><ele>2958.1</ele></trkpt><trkpt lat="32.279152" lon="77.254241"><ele>2958.2</ele></trkpt><trkpt lat="32.279203" lon="77.254257"><ele>2958.9</ele></trkpt><trkpt lat="32.279252" lon="77.254246"><ele>2960.0</ele></trkpt><trkpt lat="32.279298" lon="77.254238"><ele>2961.1</ele></trkpt><trkpt lat="32.279347" lon="77.254225"><ele>2962.3</ele></trkpt><trkpt lat="32.279388" lon="77.254251"><ele>2962.6</ele></trkpt><trkpt lat="32.279440" lon="77.254271"><ele>2963.3</ele></trkpt><trkpt lat="32.279481" lon="77.254308"><ele>2963.4</ele></trkpt><trkpt lat="32.279524" lon="77.254343"><ele>2963.5</ele></trkpt><trkpt lat="32.279572" lon="77.254369"><ele>2963.8</ele></trkpt><trkpt lat="32.279617" lon="77.254385"><ele>2964.3</ele></trkpt><trkpt lat="32.279664" lon="77.254403"><ele>2965.2</ele></trkpt><trkpt lat="32.279710" lon="77.254411"><ele>2966.4</ele></trkpt><trkpt lat="32.279773" lon="77.254366"><ele>2969.9</ele></trkpt><trkpt lat="32.279820" lon="77.254347"><ele>2972.1</ele></trkpt><trkpt lat="32.279870" lon="77.254358"><ele>2973.4</ele></trkpt><trkpt lat="32.279910" lon="77.254393"><ele>2973.3</ele></trkpt><trkpt lat="32.279941" lon="77.254445"><ele>2972.3</ele></trkpt><trkpt lat="32.279970" lon="77.254488"><ele>2971.6</ele></trkpt><trkpt lat="32.280016" lon="77.254489"><ele>2973.0</ele></trkpt><trkpt lat="32.280066" lon="77.254500"><ele>2974.2</ele></trkpt><trkpt lat="32.280107" lon="77.254540"><ele>2973.9</ele></trkpt><trkpt lat="32.280151" lon="77.254572"><ele>2973.8</ele></trkpt><trkpt lat="32.280193" lon="77.254597"><ele>2974.0</ele></trkpt><trkpt lat="32.280210" lon="77.254649"><ele>2972.6</ele></trkpt><trkpt lat="32.280262" lon="77.254669"><ele>2973.3</ele></trkpt><trkpt lat="32.280316" lon="77.254672"><ele>2974.7</ele></trkpt><trkpt lat="32.280365" lon="77.254665"><ele>2976.3</ele></trkpt><trkpt lat="32.280417" lon="77.254664"><ele>2977.4</ele></trkpt><trkpt lat="32.280466" lon="77.254700"><ele>2977.2</ele></trkpt><trkpt lat="32.280502" lon="77.254736"><ele>2976.9</ele></trkpt><trkpt lat="32.280548" lon="77.254757"><ele>2977.4</ele></trkpt><trkpt lat="32.280592" lon="77.254787"><ele>2977.6</ele></trkpt><trkpt lat="32.280639" lon="77.254793"><ele>2978.3</ele></trkpt><trkpt lat="32.280687" lon="77.254796"><ele>2979.0</ele></trkpt><trkpt lat="32.280726" lon="77.254828"><ele>2978.9</ele></trkpt><trkpt lat="32.280795" lon="77.254814"><ele>2980.3</ele></trkpt><trkpt lat="32.280842" lon="77.254818"><ele>2981.0</ele></trkpt><trkpt lat="32.280870" lon="77.254776"><ele>2982.1</ele></trkpt><trkpt lat="32.280822" lon="77.254722"><ele>2982.5</ele></trkpt><trkpt lat="32.280848" lon="77.254768"><ele>2982.0</ele></trkpt><trkpt lat="32.280878" lon="77.254723"><ele>2983.1</ele></trkpt><trkpt lat="32.280920" lon="77.254699"><ele>2983.7</ele></trkpt><trkpt lat="32.280946" lon="77.254791"><ele>2982.2</ele></trkpt><trkpt lat="32.280970" lon="77.254837"><ele>2981.5</ele></trkpt><trkpt lat="32.280990" lon="77.254893"><ele>2980.7</ele></trkpt><trkpt lat="32.281000" lon="77.254956"><ele>2979.7</ele></trkpt><trkpt lat="32.281020" lon="77.255011"><ele>2979.0</ele></trkpt><trkpt lat="32.281040" lon="77.255064"><ele>2978.5</ele></trkpt><trkpt lat="32.281074" lon="77.255110"><ele>2978.3</ele></trkpt><trkpt lat="32.281107" lon="77.255158"><ele>2978.2</ele></trkpt><trkpt lat="32.281135" lon="77.255201"><ele>2978.4</ele></trkpt><trkpt lat="32.281164" lon="77.255260"><ele>2978.6</ele></trkpt><trkpt lat="32.281192" lon="77.255310"><ele>2978.9</ele></trkpt><trkpt lat="32.281226" lon="77.255350"><ele>2979.5</ele></trkpt><trkpt lat="32.281273" lon="77.255358"><ele>2980.6</ele></trkpt><trkpt lat="32.281281" lon="77.255277"><ele>2981.2</ele></trkpt><trkpt lat="32.281294" lon="77.255333"><ele>2981.2</ele></trkpt><trkpt lat="32.281310" lon="77.255405"><ele>2981.2</ele></trkpt><trkpt lat="32.281353" lon="77.255471"><ele>2982.0</ele></trkpt><trkpt lat="32.281397" lon="77.255489"><ele>2983.0</ele></trkpt><trkpt lat="32.281418" lon="77.255538"><ele>2983.4</ele></trkpt><trkpt lat="32.281449" lon="77.255589"><ele>2983.8</ele></trkpt><trkpt lat="32.281496" lon="77.255599"><ele>2984.9</ele></trkpt><trkpt lat="32.281546" lon="77.255604"><ele>2986.2</ele></trkpt><trkpt lat="32.281594" lon="77.255609"><ele>2987.4</ele></trkpt><trkpt lat="32.281637" lon="77.255625"><ele>2987.7</ele></trkpt><trkpt lat="32.281689" lon="77.255625"><ele>2988.2</ele></trkpt><trkpt lat="32.281736" lon="77.255625"><ele>2988.6</ele></trkpt><trkpt lat="32.281783" lon="77.255638"><ele>2988.9</ele></trkpt><trkpt lat="32.281828" lon="77.255649"><ele>2989.2</ele></trkpt><trkpt lat="32.281867" lon="77.255681"><ele>2988.9</ele></trkpt><trkpt lat="32.281899" lon="77.255721"><ele>2988.3</ele></trkpt><trkpt lat="32.281937" lon="77.255777"><ele>2987.5</ele></trkpt><trkpt lat="32.281982" lon="77.255801"><ele>2987.2</ele></trkpt><trkpt lat="32.282029" lon="77.255816"><ele>2987.0</ele></trkpt><trkpt lat="32.282061" lon="77.255861"><ele>2986.6</ele></trkpt><trkpt lat="32.282107" lon="77.255875"><ele>2986.4</ele></trkpt><trkpt lat="32.282147" lon="77.255909"><ele>2986.1</ele></trkpt><trkpt lat="32.282187" lon="77.255949"><ele>2985.6</ele></trkpt><trkpt lat="32.282223" lon="77.255990"><ele>2985.1</ele></trkpt><trkpt lat="32.282251" lon="77.256053"><ele>2984.3</ele></trkpt><trkpt lat="32.282296" lon="77.256050"><ele>2984.4</ele></trkpt><trkpt lat="32.282347" lon="77.256025"><ele>2984.7</ele></trkpt><trkpt lat="32.282395" lon="77.255998"><ele>2985.0</ele></trkpt><trkpt lat="32.282419" lon="77.256043"><ele>2984.2</ele></trkpt><trkpt lat="32.282464" lon="77.256068"><ele>2983.6</ele></trkpt><trkpt lat="32.282514" lon="77.256090"><ele>2983.0</ele></trkpt><trkpt lat="32.282563" lon="77.256126"><ele>2982.0</ele></trkpt><trkpt lat="32.282608" lon="77.256145"><ele>2981.2</ele></trkpt><trkpt lat="32.282651" lon="77.256171"><ele>2979.8</ele></trkpt><trkpt lat="32.282694" lon="77.256155"><ele>2979.5</ele></trkpt><trkpt lat="32.282730" lon="77.256119"><ele>2979.9</ele></trkpt><trkpt lat="32.282788" lon="77.256084"><ele>2980.1</ele></trkpt><trkpt lat="32.282840" lon="77.256090"><ele>2979.3</ele></trkpt><trkpt lat="32.282895" lon="77.256094"><ele>2978.3</ele></trkpt><trkpt lat="32.282942" lon="77.256094"><ele>2977.7</ele></trkpt><trkpt lat="32.282992" lon="77.256102"><ele>2976.7</ele></trkpt><trkpt lat="32.283034" lon="77.256071"><ele>2977.4</ele></trkpt><trkpt lat="32.283072" lon="77.256033"><ele>2978.6</ele></trkpt><trkpt lat="32.283101" lon="77.255991"><ele>2980.5</ele></trkpt><trkpt lat="32.283146" lon="77.255978"><ele>2982.0</ele></trkpt><trkpt lat="32.283188" lon="77.255957"><ele>2983.7</ele></trkpt><trkpt lat="32.283229" lon="77.255919"><ele>2986.3</ele></trkpt><trkpt lat="32.283266" lon="77.255882"><ele>2988.6</ele></trkpt><trkpt lat="32.283314" lon="77.255856"><ele>2990.5</ele></trkpt><trkpt lat="32.283357" lon="77.255823"><ele>2993.3</ele></trkpt><trkpt lat="32.283402" lon="77.255829"><ele>2996.0</ele></trkpt><trkpt lat="32.283443" lon="77.255801"><ele>2999.7</ele></trkpt><trkpt lat="32.283395" lon="77.255804"><ele>2996.5</ele></trkpt><trkpt lat="32.283378" lon="77.255859"><ele>2993.4</ele></trkpt><trkpt lat="32.283424" lon="77.255853"><ele>2996.6</ele></trkpt><trkpt lat="32.283425" lon="77.255910"><ele>2994.5</ele></trkpt><trkpt lat="32.283473" lon="77.255922"><ele>2997.1</ele></trkpt><trkpt lat="32.283508" lon="77.255960"><ele>2997.7</ele></trkpt><trkpt lat="32.283555" lon="77.255964"><ele>3000.7</ele></trkpt><trkpt lat="32.283550" lon="77.256027"><ele>2997.6</ele></trkpt><trkpt lat="32.283603" lon="77.256080"><ele>2999.1</ele></trkpt><trkpt lat="32.283643" lon="77.256104"><ele>3001.5</ele></trkpt><trkpt lat="32.283676" lon="77.256141"><ele>3002.9</ele></trkpt><trkpt lat="32.283695" lon="77.256197"><ele>3002.4</ele></trkpt><trkpt lat="32.283720" lon="77.256250"><ele>3002.7</ele></trkpt><trkpt lat="32.283751" lon="77.256289"><ele>3004.1</ele></trkpt><trkpt lat="32.283784" lon="77.256327"><ele>3005.7</ele></trkpt><trkpt lat="32.283809" lon="77.256277"><ele>3009.7</ele></trkpt><trkpt lat="32.283813" lon="77.256218"><ele>3012.1</ele></trkpt><trkpt lat="32.283839" lon="77.256277"><ele>3012.3</ele></trkpt><trkpt lat="32.283853" lon="77.256331"><ele>3011.6</ele></trkpt><trkpt lat="32.283854" lon="77.256386"><ele>3009.8</ele></trkpt><trkpt lat="32.283867" lon="77.256439"><ele>3009.0</ele></trkpt><trkpt lat="32.283906" lon="77.256492"><ele>3010.5</ele></trkpt><trkpt lat="32.283942" lon="77.256532"><ele>3012.6</ele></trkpt><trkpt lat="32.283973" lon="77.256584"><ele>3013.7</ele></trkpt><trkpt lat="32.283997" lon="77.256641"><ele>3013.9</ele></trkpt><trkpt lat="32.284018" lon="77.256699"><ele>3013.6</ele></trkpt><trkpt lat="32.284027" lon="77.256764"><ele>3012.1</ele></trkpt><trkpt lat="32.284032" lon="77.256828"><ele>3010.9</ele></trkpt><trkpt lat="32.284035" lon="77.256887"><ele>3009.9</ele></trkpt><trkpt lat="32.284066" lon="77.256926"><ele>3010.9</ele></trkpt><trkpt lat="32.284102" lon="77.256965"><ele>3012.4</ele></trkpt><trkpt lat="32.284145" lon="77.256983"><ele>3014.8</ele></trkpt><trkpt lat="32.284135" lon="77.257036"><ele>3012.8</ele></trkpt><trkpt lat="32.284158" lon="77.257087"><ele>3012.8</ele></trkpt><trkpt lat="32.284149" lon="77.257140"><ele>3012.9</ele></trkpt><trkpt lat="32.284139" lon="77.257193"><ele>3013.0</ele></trkpt><trkpt lat="32.284148" lon="77.257247"><ele>3014.1</ele></trkpt><trkpt lat="32.284156" lon="77.257301"><ele>3015.2</ele></trkpt><trkpt lat="32.284171" lon="77.257363"><ele>3016.8</ele></trkpt><trkpt lat="32.284195" lon="77.257417"><ele>3018.8</ele></trkpt><trkpt lat="32.284212" lon="77.257468"><ele>3020.3</ele></trkpt><trkpt lat="32.284161" lon="77.257492"><ele>3017.6</ele></trkpt><trkpt lat="32.284195" lon="77.257533"><ele>3020.0</ele></trkpt><trkpt lat="32.284222" lon="77.257575"><ele>3022.0</ele></trkpt><trkpt lat="32.284217" lon="77.257636"><ele>3022.4</ele></trkpt><trkpt lat="32.284219" lon="77.257691"><ele>3023.0</ele></trkpt><trkpt lat="32.284234" lon="77.257743"><ele>3024.2</ele></trkpt><trkpt lat="32.284195" lon="77.257780"><ele>3022.2</ele></trkpt><trkpt lat="32.284182" lon="77.257834"><ele>3021.8</ele></trkpt><trkpt lat="32.284175" lon="77.257888"><ele>3021.7</ele></trkpt><trkpt lat="32.284181" lon="77.257943"><ele>3022.3</ele></trkpt><trkpt lat="32.284184" lon="77.257999"><ele>3023.7</ele></trkpt><trkpt lat="32.284201" lon="77.258050"><ele>3026.4</ele></trkpt><trkpt lat="32.284198" lon="77.258107"><ele>3028.2</ele></trkpt><trkpt lat="32.284199" lon="77.258162"><ele>3030.1</ele></trkpt><trkpt lat="32.284203" lon="77.258223"><ele>3032.4</ele></trkpt><trkpt lat="32.284216" lon="77.258279"><ele>3034.6</ele></trkpt><trkpt lat="32.284230" lon="77.258333"><ele>3035.7</ele></trkpt><trkpt lat="32.284253" lon="77.258390"><ele>3037.2</ele></trkpt><trkpt lat="32.284265" lon="77.258452"><ele>3038.3</ele></trkpt><trkpt lat="32.284274" lon="77.258510"><ele>3039.1</ele></trkpt><trkpt lat="32.284291" lon="77.258565"><ele>3040.2</ele></trkpt><trkpt lat="32.284308" lon="77.258627"><ele>3040.1</ele></trkpt><trkpt lat="32.284329" lon="77.258678"><ele>3040.5</ele></trkpt><trkpt lat="32.284351" lon="77.258724"><ele>3041.0</ele></trkpt><trkpt lat="32.284364" lon="77.258775"><ele>3041.0</ele></trkpt><trkpt lat="32.284366" lon="77.258830"><ele>3040.3</ele></trkpt><trkpt lat="32.284382" lon="77.258880"><ele>3040.4</ele></trkpt><trkpt lat="32.284395" lon="77.258937"><ele>3040.0</ele></trkpt><trkpt lat="32.284420" lon="77.258990"><ele>3040.3</ele></trkpt><trkpt lat="32.284459" lon="77.259022"><ele>3041.9</ele></trkpt><trkpt lat="32.284486" lon="77.259075"><ele>3042.4</ele></trkpt><trkpt lat="32.284491" lon="77.259133"><ele>3041.4</ele></trkpt><trkpt lat="32.284461" lon="77.259179"><ele>3038.7</ele></trkpt><trkpt lat="32.284479" lon="77.259230"><ele>3038.8</ele></trkpt><trkpt lat="32.284494" lon="77.259284"><ele>3038.5</ele></trkpt><trkpt lat="32.284525" lon="77.259326"><ele>3039.4</ele></trkpt><trkpt lat="32.284544" lon="77.259376"><ele>3039.7</ele></trkpt><trkpt lat="32.284574" lon="77.259423"><ele>3040.8</ele></trkpt><trkpt lat="32.284596" lon="77.259473"><ele>3041.5</ele></trkpt><trkpt lat="32.284629" lon="77.259513"><ele>3043.3</ele></trkpt><trkpt lat="32.284661" lon="77.259557"><ele>3044.8</ele></trkpt><trkpt lat="32.284696" lon="77.259599"><ele>3046.4</ele></trkpt><trkpt lat="32.284749" lon="77.259591"><ele>3049.9</ele></trkpt><trkpt lat="32.284777" lon="77.259636"><ele>3050.7</ele></trkpt><trkpt lat="32.284814" lon="77.259674"><ele>3051.8</ele></trkpt><trkpt lat="32.284838" lon="77.259724"><ele>3051.8</ele></trkpt><trkpt lat="32.284855" lon="77.259776"><ele>3051.9</ele></trkpt><trkpt lat="32.284882" lon="77.259836"><ele>3052.8</ele></trkpt><trkpt lat="32.284876" lon="77.259898"><ele>3052.4</ele></trkpt><trkpt lat="32.284895" lon="77.259957"><ele>3052.7</ele></trkpt><trkpt lat="32.284917" lon="77.260013"><ele>3053.0</ele></trkpt><trkpt lat="32.284934" lon="77.260066"><ele>3053.4</ele></trkpt><trkpt lat="32.284971" lon="77.260112"><ele>3054.4</ele></trkpt><trkpt lat="32.285006" lon="77.260153"><ele>3055.2</ele></trkpt><trkpt lat="32.285044" lon="77.260192"><ele>3057.1</ele></trkpt><trkpt lat="32.285070" lon="77.260237"><ele>3058.3</ele></trkpt><trkpt lat="32.285106" lon="77.260285"><ele>3059.8</ele></trkpt><trkpt lat="32.285134" lon="77.260326"><ele>3060.7</ele></trkpt><trkpt lat="32.285148" lon="77.260377"><ele>3060.8</ele></trkpt><trkpt lat="32.285189" lon="77.260411"><ele>3061.8</ele></trkpt><trkpt lat="32.285236" lon="77.260427"><ele>3063.3</ele></trkpt><trkpt lat="32.285281" lon="77.260452"><ele>3064.6</ele></trkpt><trkpt lat="32.285307" lon="77.260499"><ele>3064.9</ele></trkpt><trkpt lat="32.285361" lon="77.260501"><ele>3067.0</ele></trkpt><trkpt lat="32.285405" lon="77.260489"><ele>3068.9</ele></trkpt><trkpt lat="32.285440" lon="77.260528"><ele>3069.6</ele></trkpt><trkpt lat="32.285429" lon="77.260582"><ele>3068.3</ele></trkpt><trkpt lat="32.285466" lon="77.260620"><ele>3069.0</ele></trkpt><trkpt lat="32.285502" lon="77.260652"><ele>3069.8</ele></trkpt><trkpt lat="32.285524" lon="77.260706"><ele>3070.3</ele></trkpt><trkpt lat="32.285547" lon="77.260756"><ele>3070.9</ele></trkpt><trkpt lat="32.285556" lon="77.260809"><ele>3070.6</ele></trkpt><trkpt lat="32.285579" lon="77.260863"><ele>3070.9</ele></trkpt><trkpt lat="32.285607" lon="77.260905"><ele>3071.7</ele></trkpt><trkpt lat="32.285643" lon="77.260950"><ele>3072.8</ele></trkpt><trkpt lat="32.285658" lon="77.261002"><ele>3072.7</ele></trkpt><trkpt lat="32.285703" lon="77.261019"><ele>3074.7</ele></trkpt><trkpt lat="32.285733" lon="77.261060"><ele>3075.4</ele></trkpt><trkpt lat="32.285719" lon="77.261123"><ele>3073.5</ele></trkpt><trkpt lat="32.285728" lon="77.261178"><ele>3072.8</ele></trkpt><trkpt lat="32.285773" lon="77.261190"><ele>3075.2</ele></trkpt><trkpt lat="32.285807" lon="77.261237"><ele>3076.5</ele></trkpt><trkpt lat="32.285822" lon="77.261288"><ele>3076.1</ele></trkpt><trkpt lat="32.285849" lon="77.261334"><ele>3076.5</ele></trkpt><trkpt lat="32.285850" lon="77.261391"><ele>3074.9</ele></trkpt><trkpt lat="32.285827" lon="77.261442"><ele>3072.2</ele></trkpt><trkpt lat="32.285814" lon="77.261493"><ele>3070.1</ele></trkpt><trkpt lat="32.285799" lon="77.261548"><ele>3068.0</ele></trkpt><trkpt lat="32.285825" lon="77.261599"><ele>3068.4</ele></trkpt><trkpt lat="32.285841" lon="77.261650"><ele>3068.3</ele></trkpt><trkpt lat="32.285829" lon="77.261712"><ele>3066.7</ele></trkpt><trkpt lat="32.285863" lon="77.261752"><ele>3067.3</ele></trkpt><trkpt lat="32.285877" lon="77.261806"><ele>3066.7</ele></trkpt><trkpt lat="32.285869" lon="77.261866"><ele>3066.3</ele></trkpt><trkpt lat="32.285904" lon="77.261900"><ele>3067.7</ele></trkpt><trkpt lat="32.285931" lon="77.261949"><ele>3069.0</ele></trkpt><trkpt lat="32.285959" lon="77.261992"><ele>3070.1</ele></trkpt><trkpt lat="32.285956" lon="77.262056"><ele>3070.5</ele></trkpt><trkpt lat="32.285977" lon="77.262113"><ele>3071.6</ele></trkpt><trkpt lat="32.285983" lon="77.262174"><ele>3073.5</ele></trkpt><trkpt lat="32.285990" lon="77.262227"><ele>3075.6</ele></trkpt><trkpt lat="32.286007" lon="77.262284"><ele>3078.5</ele></trkpt><trkpt lat="32.286006" lon="77.262349"><ele>3080.4</ele></trkpt><trkpt lat="32.286000" lon="77.262402"><ele>3081.6</ele></trkpt><trkpt lat="32.286015" lon="77.262453"><ele>3083.4</ele></trkpt><trkpt lat="32.286038" lon="77.262504"><ele>3085.4</ele></trkpt><trkpt lat="32.286074" lon="77.262539"><ele>3088.3</ele></trkpt><trkpt lat="32.286069" lon="77.262593"><ele>3088.5</ele></trkpt><trkpt lat="32.286095" lon="77.262639"><ele>3091.0</ele></trkpt><trkpt lat="32.286109" lon="77.262690"><ele>3092.7</ele></trkpt><trkpt lat="32.286103" lon="77.262751"><ele>3092.9</ele></trkpt><trkpt lat="32.286126" lon="77.262797"><ele>3095.3</ele></trkpt><trkpt lat="32.286122" lon="77.262852"><ele>3095.5</ele></trkpt><trkpt lat="32.286120" lon="77.262908"><ele>3096.0</ele></trkpt><trkpt lat="32.286080" lon="77.262937"><ele>3093.2</ele></trkpt><trkpt lat="32.286054" lon="77.262984"><ele>3091.7</ele></trkpt><trkpt lat="32.286014" lon="77.263029"><ele>3089.5</ele></trkpt><trkpt lat="32.286008" lon="77.263086"><ele>3090.5</ele></trkpt><trkpt lat="32.286004" lon="77.263141"><ele>3091.6</ele></trkpt><trkpt lat="32.285986" lon="77.263193"><ele>3091.7</ele></trkpt><trkpt lat="32.285978" lon="77.263253"><ele>3092.7</ele></trkpt><trkpt lat="32.285985" lon="77.263307"><ele>3094.6</ele></trkpt><trkpt lat="32.286004" lon="77.263356"><ele>3096.6</ele></trkpt><trkpt lat="32.285989" lon="77.263410"><ele>3096.3</ele></trkpt><trkpt lat="32.285954" lon="77.263449"><ele>3094.6</ele></trkpt><trkpt lat="32.285926" lon="77.263491"><ele>3094.1</ele></trkpt><trkpt lat="32.285885" lon="77.263513"><ele>3093.0</ele></trkpt><trkpt lat="32.285846" lon="77.263545"><ele>3092.1</ele></trkpt><trkpt lat="32.285815" lon="77.263585"><ele>3091.4</ele></trkpt><trkpt lat="32.285797" lon="77.263643"><ele>3091.2</ele></trkpt><trkpt lat="32.285791" lon="77.263700"><ele>3091.3</ele></trkpt><trkpt lat="32.285798" lon="77.263756"><ele>3091.8</ele></trkpt><trkpt lat="32.285790" lon="77.263814"><ele>3091.9</ele></trkpt><trkpt lat="32.285790" lon="77.263868"><ele>3092.2</ele></trkpt><trkpt lat="32.285771" lon="77.263919"><ele>3092.5</ele></trkpt><trkpt lat="32.285744" lon="77.263964"><ele>3092.7</ele></trkpt><trkpt lat="32.285728" lon="77.264023"><ele>3093.4</ele></trkpt><trkpt lat="32.285723" lon="77.264081"><ele>3094.5</ele></trkpt><trkpt lat="32.285713" lon="77.264137"><ele>3095.3</ele></trkpt><trkpt lat="32.285706" lon="77.264196"><ele>3096.3</ele></trkpt><trkpt lat="32.285683" lon="77.264246"><ele>3096.8</ele></trkpt><trkpt lat="32.285652" lon="77.264297"><ele>3097.8</ele></trkpt><trkpt lat="32.285648" lon="77.264350"><ele>3099.1</ele></trkpt><trkpt lat="32.285627" lon="77.264399"><ele>3100.0</ele></trkpt><trkpt lat="32.285656" lon="77.264446"><ele>3101.6</ele></trkpt><trkpt lat="32.285675" lon="77.264498"><ele>3103.6</ele></trkpt><trkpt lat="32.285672" lon="77.264551"><ele>3105.4</ele></trkpt><trkpt lat="32.285667" lon="77.264604"><ele>3107.1</ele></trkpt><trkpt lat="32.285705" lon="77.264638"><ele>3110.0</ele></trkpt><trkpt lat="32.285713" lon="77.264694"><ele>3112.5</ele></trkpt><trkpt lat="32.285701" lon="77.264750"><ele>3113.8</ele></trkpt><trkpt lat="32.285688" lon="77.264802"><ele>3114.2</ele></trkpt><trkpt lat="32.285686" lon="77.264860"><ele>3115.0</ele></trkpt><trkpt lat="32.285658" lon="77.264902"><ele>3114.7</ele></trkpt><trkpt lat="32.285674" lon="77.264958"><ele>3115.8</ele></trkpt><trkpt lat="32.285688" lon="77.265012"><ele>3117.4</ele></trkpt><trkpt lat="32.285701" lon="77.265063"><ele>3118.9</ele></trkpt><trkpt lat="32.285694" lon="77.265119"><ele>3119.1</ele></trkpt><trkpt lat="32.285677" lon="77.265170"><ele>3118.8</ele></trkpt><trkpt lat="32.285697" lon="77.265220"><ele>3120.3</ele></trkpt><trkpt lat="32.285712" lon="77.265276"><ele>3121.6</ele></trkpt><trkpt lat="32.285715" lon="77.265334"><ele>3122.3</ele></trkpt><trkpt lat="32.285695" lon="77.265386"><ele>3122.3</ele></trkpt><trkpt lat="32.285701" lon="77.265451"><ele>3124.1</ele></trkpt><trkpt lat="32.285691" lon="77.265509"><ele>3124.9</ele></trkpt><trkpt lat="32.285677" lon="77.265568"><ele>3125.6</ele></trkpt><trkpt lat="32.285673" lon="77.265636"><ele>3126.9</ele></trkpt><trkpt lat="32.285694" lon="77.265687"><ele>3128.7</ele></trkpt><trkpt lat="32.285685" lon="77.265745"><ele>3129.0</ele></trkpt><trkpt lat="32.285701" lon="77.265797"><ele>3130.4</ele></trkpt><trkpt lat="32.285699" lon="77.265854"><ele>3131.0</ele></trkpt><trkpt lat="32.285709" lon="77.265912"><ele>3132.1</ele></trkpt><trkpt lat="32.285733" lon="77.265962"><ele>3133.8</ele></trkpt><trkpt lat="32.285757" lon="77.266010"><ele>3135.3</ele></trkpt><trkpt lat="32.285773" lon="77.266069"><ele>3136.4</ele></trkpt><trkpt lat="32.285781" lon="77.266125"><ele>3137.0</ele></trkpt><trkpt lat="32.285774" lon="77.266184"><ele>3137.1</ele></trkpt><trkpt lat="32.285760" lon="77.266236"><ele>3137.0</ele></trkpt><trkpt lat="32.285763" lon="77.266296"><ele>3137.5</ele></trkpt><trkpt lat="32.285800" lon="77.266334"><ele>3138.4</ele></trkpt><trkpt lat="32.285802" lon="77.266388"><ele>3138.7</ele></trkpt><trkpt lat="32.285819" lon="77.266448"><ele>3139.0</ele></trkpt><trkpt lat="32.285823" lon="77.266503"><ele>3139.1</ele></trkpt><trkpt lat="32.285843" lon="77.266554"><ele>3139.4</ele></trkpt><trkpt lat="32.285832" lon="77.266615"><ele>3140.1</ele></trkpt><trkpt lat="32.285823" lon="77.266673"><ele>3140.7</ele></trkpt><trkpt lat="32.285840" lon="77.266723"><ele>3141.3</ele></trkpt><trkpt lat="32.285868" lon="77.266775"><ele>3142.0</ele></trkpt><trkpt lat="32.285910" lon="77.266802"><ele>3143.0</ele></trkpt><trkpt lat="32.285955" lon="77.266821"><ele>3144.5</ele></trkpt><trkpt lat="32.286002" lon="77.266821"><ele>3145.9</ele></trkpt><trkpt lat="32.286038" lon="77.266857"><ele>3147.4</ele></trkpt><trkpt lat="32.286083" lon="77.266881"><ele>3149.0</ele></trkpt><trkpt lat="32.286120" lon="77.266913"><ele>3150.4</ele></trkpt><trkpt lat="32.286147" lon="77.266960"><ele>3151.7</ele></trkpt><trkpt lat="32.286191" lon="77.266997"><ele>3152.9</ele></trkpt><trkpt lat="32.286235" lon="77.267014"><ele>3153.7</ele></trkpt><trkpt lat="32.286276" lon="77.267046"><ele>3154.6</ele></trkpt><trkpt lat="32.286313" lon="77.267089"><ele>3155.4</ele></trkpt><trkpt lat="32.286358" lon="77.267116"><ele>3156.1</ele></trkpt><trkpt lat="32.286397" lon="77.267150"><ele>3157.0</ele></trkpt><trkpt lat="32.286432" lon="77.267186"><ele>3158.3</ele></trkpt><trkpt lat="32.286471" lon="77.267226"><ele>3159.8</ele></trkpt><trkpt lat="32.286498" lon="77.267278"><ele>3160.9</ele></trkpt><trkpt lat="32.286523" lon="77.267327"><ele>3162.1</ele></trkpt><trkpt lat="32.286551" lon="77.267371"><ele>3163.3</ele></trkpt><trkpt lat="32.286579" lon="77.267415"><ele>3164.5</ele></trkpt><trkpt lat="32.286601" lon="77.267466"><ele>3165.4</ele></trkpt><trkpt lat="32.286616" lon="77.267518"><ele>3165.9</ele></trkpt><trkpt lat="32.286641" lon="77.267564"><ele>3166.9</ele></trkpt><trkpt lat="32.286656" lon="77.267621"><ele>3167.7</ele></trkpt><trkpt lat="32.286683" lon="77.267669"><ele>3169.0</ele></trkpt><trkpt lat="32.286726" lon="77.267695"><ele>3171.0</ele></trkpt><trkpt lat="32.286750" lon="77.267746"><ele>3172.1</ele></trkpt><trkpt lat="32.286791" lon="77.267780"><ele>3173.6</ele></trkpt><trkpt lat="32.286816" lon="77.267829"><ele>3174.2</ele></trkpt><trkpt lat="32.286842" lon="77.267878"><ele>3175.0</ele></trkpt><trkpt lat="32.286877" lon="77.267912"><ele>3176.6</ele></trkpt><trkpt lat="32.286914" lon="77.267945"><ele>3178.7</ele></trkpt><trkpt lat="32.286928" lon="77.268004"><ele>3179.1</ele></trkpt><trkpt lat="32.286941" lon="77.268056"><ele>3179.2</ele></trkpt><trkpt lat="32.286983" lon="77.268088"><ele>3181.3</ele></trkpt><trkpt lat="32.287027" lon="77.268104"><ele>3183.8</ele></trkpt><trkpt lat="32.287056" lon="77.268145"><ele>3184.7</ele></trkpt><trkpt lat="32.287084" lon="77.268192"><ele>3185.3</ele></trkpt><trkpt lat="32.287116" lon="77.268235"><ele>3186.1</ele></trkpt><trkpt lat="32.287140" lon="77.268284"><ele>3186.4</ele></trkpt><trkpt lat="32.287161" lon="77.268339"><ele>3186.6</ele></trkpt><trkpt lat="32.287186" lon="77.268390"><ele>3188.0</ele></trkpt><trkpt lat="32.287235" lon="77.268400"><ele>3190.9</ele></trkpt><trkpt lat="32.287282" lon="77.268425"><ele>3193.4</ele></trkpt><trkpt lat="32.287328" lon="77.268450"><ele>3195.7</ele></trkpt><trkpt lat="32.287377" lon="77.268465"><ele>3197.9</ele></trkpt><trkpt lat="32.287416" lon="77.268504"><ele>3198.8</ele></trkpt><trkpt lat="32.287457" lon="77.268538"><ele>3199.6</ele></trkpt><trkpt lat="32.287508" lon="77.268526"><ele>3202.0</ele></trkpt><trkpt lat="32.287559" lon="77.268535"><ele>3203.8</ele></trkpt><trkpt lat="32.287605" lon="77.268531"><ele>3205.7</ele></trkpt><trkpt lat="32.287656" lon="77.268531"><ele>3207.6</ele></trkpt><trkpt lat="32.287702" lon="77.268553"><ele>3208.5</ele></trkpt><trkpt lat="32.287754" lon="77.268536"><ele>3210.9</ele></trkpt><trkpt lat="32.287797" lon="77.268506"><ele>3213.4</ele></trkpt><trkpt lat="32.287825" lon="77.268463"><ele>3215.6</ele></trkpt><trkpt lat="32.287873" lon="77.268456"><ele>3217.7</ele></trkpt><trkpt lat="32.287919" lon="77.268445"><ele>3220.0</ele></trkpt><trkpt lat="32.287962" lon="77.268423"><ele>3222.6</ele></trkpt><trkpt lat="32.287999" lon="77.268459"><ele>3223.1</ele></trkpt><trkpt lat="32.288036" lon="77.268504"><ele>3223.3</ele></trkpt><trkpt lat="32.288059" lon="77.268555"><ele>3222.6</ele></trkpt><trkpt lat="32.288090" lon="77.268601"><ele>3222.4</ele></trkpt><trkpt lat="32.288138" lon="77.268630"><ele>3222.9</ele></trkpt><trkpt lat="32.288184" lon="77.268661"><ele>3223.0</ele></trkpt><trkpt lat="32.288217" lon="77.268698"><ele>3222.6</ele></trkpt><trkpt lat="32.288256" lon="77.268725"><ele>3222.7</ele></trkpt><trkpt lat="32.288285" lon="77.268769"><ele>3222.0</ele></trkpt><trkpt lat="32.288309" lon="77.268822"><ele>3220.8</ele></trkpt><trkpt lat="32.288327" lon="77.268872"><ele>3219.6</ele></trkpt><trkpt lat="32.288364" lon="77.268906"><ele>3219.5</ele></trkpt><trkpt lat="32.288407" lon="77.268931"><ele>3220.1</ele></trkpt><trkpt lat="32.288413" lon="77.268984"><ele>3219.7</ele></trkpt><trkpt lat="32.288419" lon="77.269041"><ele>3219.8</ele></trkpt><trkpt lat="32.288428" lon="77.269099"><ele>3219.9</ele></trkpt><trkpt lat="32.288478" lon="77.269110"><ele>3221.7</ele></trkpt><trkpt lat="32.288504" lon="77.269155"><ele>3222.6</ele></trkpt><trkpt lat="32.288526" lon="77.269203"><ele>3223.4</ele></trkpt><trkpt lat="32.288542" lon="77.269256"><ele>3224.3</ele></trkpt><trkpt lat="32.288567" lon="77.269312"><ele>3226.3</ele></trkpt><trkpt lat="32.288578" lon="77.269371"><ele>3227.8</ele></trkpt><trkpt lat="32.288589" lon="77.269426"><ele>3229.3</ele></trkpt><trkpt lat="32.288602" lon="77.269484"><ele>3231.0</ele></trkpt><trkpt lat="32.288608" lon="77.269540"><ele>3232.3</ele></trkpt><trkpt lat="32.288632" lon="77.269589"><ele>3234.5</ele></trkpt><trkpt lat="32.288673" lon="77.269618"><ele>3236.9</ele></trkpt><trkpt lat="32.288722" lon="77.269650"><ele>3239.5</ele></trkpt><trkpt lat="32.288771" lon="77.269674"><ele>3241.8</ele></trkpt><trkpt lat="32.288817" lon="77.269695"><ele>3243.9</ele></trkpt><trkpt lat="32.288863" lon="77.269712"><ele>3246.5</ele></trkpt><trkpt lat="32.288913" lon="77.269733"><ele>3249.6</ele></trkpt><trkpt lat="32.288939" lon="77.269789"><ele>3251.5</ele></trkpt><trkpt lat="32.288936" lon="77.269844"><ele>3251.8</ele></trkpt><trkpt lat="32.288962" lon="77.269888"><ele>3253.0</ele></trkpt><trkpt lat="32.288975" lon="77.269951"><ele>3253.4</ele></trkpt><trkpt lat="32.288994" lon="77.269999"><ele>3254.0</ele></trkpt><trkpt lat="32.289034" lon="77.269952"><ele>3256.1</ele></trkpt><trkpt lat="32.288989" lon="77.269994"><ele>3253.8</ele></trkpt><trkpt lat="32.288943" lon="77.269999"><ele>3251.8</ele></trkpt><trkpt lat="32.288889" lon="77.269965"><ele>3249.5</ele></trkpt><trkpt lat="32.288845" lon="77.269982"><ele>3247.6</ele></trkpt><trkpt lat="32.288838" lon="77.269905"><ele>3246.9</ele></trkpt><trkpt lat="32.288905" lon="77.269920"><ele>3250.2</ele></trkpt><trkpt lat="32.288958" lon="77.269963"><ele>3252.6</ele></trkpt><trkpt lat="32.288987" lon="77.270012"><ele>3253.6</ele></trkpt><trkpt lat="32.288989" lon="77.270067"><ele>3253.4</ele></trkpt><trkpt lat="32.289022" lon="77.270109"><ele>3254.4</ele></trkpt><trkpt lat="32.289050" lon="77.270155"><ele>3255.2</ele></trkpt><trkpt lat="32.289094" lon="77.270197"><ele>3257.2</ele></trkpt><trkpt lat="32.289148" lon="77.270213"><ele>3260.4</ele></trkpt><trkpt lat="32.289189" lon="77.270236"><ele>3262.6</ele></trkpt><trkpt lat="32.289221" lon="77.270276"><ele>3264.3</ele></trkpt><trkpt lat="32.289233" lon="77.270333"><ele>3264.6</ele></trkpt><trkpt lat="32.289261" lon="77.270375"><ele>3265.8</ele></trkpt><trkpt lat="32.289296" lon="77.270419"><ele>3267.1</ele></trkpt><trkpt lat="32.289334" lon="77.270453"><ele>3269.1</ele></trkpt><trkpt lat="32.289377" lon="77.270471"><ele>3271.9</ele></trkpt><trkpt lat="32.289424" lon="77.270504"><ele>3274.9</ele></trkpt><trkpt lat="32.289454" lon="77.270546"><ele>3276.7</ele></trkpt><trkpt lat="32.289498" lon="77.270571"><ele>3279.2</ele></trkpt><trkpt lat="32.289545" lon="77.270581"><ele>3281.9</ele></trkpt><trkpt lat="32.289555" lon="77.270633"><ele>3282.1</ele></trkpt><trkpt lat="32.289514" lon="77.270673"><ele>3279.8</ele></trkpt><trkpt lat="32.289473" lon="77.270712"><ele>3277.6</ele></trkpt><trkpt lat="32.289516" lon="77.270695"><ele>3279.8</ele></trkpt><trkpt lat="32.289569" lon="77.270679"><ele>3282.7</ele></trkpt><trkpt lat="32.289621" lon="77.270694"><ele>3286.0</ele></trkpt><trkpt lat="32.289664" lon="77.270712"><ele>3288.5</ele></trkpt><trkpt lat="32.289695" lon="77.270757"><ele>3289.8</ele></trkpt><trkpt lat="32.289692" lon="77.270825"><ele>3288.9</ele></trkpt><trkpt lat="32.289690" lon="77.270884"><ele>3288.1</ele></trkpt><trkpt lat="32.289667" lon="77.270952"><ele>3286.2</ele></trkpt><trkpt lat="32.289622" lon="77.270959"><ele>3284.0</ele></trkpt><trkpt lat="32.289655" lon="77.271008"><ele>3285.1</ele></trkpt><trkpt lat="32.289694" lon="77.271047"><ele>3286.4</ele></trkpt><trkpt lat="32.289677" lon="77.271106"><ele>3284.9</ele></trkpt><trkpt lat="32.289699" lon="77.271154"><ele>3285.2</ele></trkpt><trkpt lat="32.289742" lon="77.271171"><ele>3286.6</ele></trkpt><trkpt lat="32.289789" lon="77.271210"><ele>3287.7</ele></trkpt><trkpt lat="32.289843" lon="77.271233"><ele>3290.3</ele></trkpt><trkpt lat="32.289879" lon="77.271270"><ele>3291.9</ele></trkpt><trkpt lat="32.289836" lon="77.271311"><ele>3288.4</ele></trkpt><trkpt lat="32.289793" lon="77.271353"><ele>3285.7</ele></trkpt><trkpt lat="32.289735" lon="77.271319"><ele>3284.0</ele></trkpt><trkpt lat="32.289687" lon="77.271286"><ele>3282.9</ele></trkpt><trkpt lat="32.289721" lon="77.271246"><ele>3284.7</ele></trkpt><trkpt lat="32.289698" lon="77.271194"><ele>3284.6</ele></trkpt><trkpt lat="32.289745" lon="77.271215"><ele>3286.0</ele></trkpt><trkpt lat="32.289764" lon="77.271267"><ele>3285.8</ele></trkpt><trkpt lat="32.289807" lon="77.271300"><ele>3286.8</ele></trkpt><trkpt lat="32.289857" lon="77.271320"><ele>3289.5</ele></trkpt><trkpt lat="32.289893" lon="77.271354"><ele>3291.7</ele></trkpt><trkpt lat="32.289839" lon="77.271399"><ele>3288.6</ele></trkpt><trkpt lat="32.289804" lon="77.271439"><ele>3286.6</ele></trkpt><trkpt lat="32.289795" lon="77.271491"><ele>3286.4</ele></trkpt><trkpt lat="32.289828" lon="77.271536"><ele>3288.7</ele></trkpt><trkpt lat="32.289861" lon="77.271580"><ele>3291.0</ele></trkpt><trkpt lat="32.289850" lon="77.271635"><ele>3290.8</ele></trkpt><trkpt lat="32.289811" lon="77.271670"><ele>3289.1</ele></trkpt><trkpt lat="32.289786" lon="77.271715"><ele>3288.7</ele></trkpt><trkpt lat="32.289775" lon="77.271773"><ele>3289.6</ele></trkpt><trkpt lat="32.289792" lon="77.271826"><ele>3291.4</ele></trkpt><trkpt lat="32.289811" lon="77.271880"><ele>3293.8</ele></trkpt><trkpt lat="32.289836" lon="77.271924"><ele>3296.3</ele></trkpt><trkpt lat="32.289823" lon="77.271993"><ele>3296.4</ele></trkpt><trkpt lat="32.289858" lon="77.272034"><ele>3299.2</ele></trkpt><trkpt lat="32.289882" lon="77.272091"><ele>3301.5</ele></trkpt><trkpt lat="32.289869" lon="77.272145"><ele>3301.4</ele></trkpt><trkpt lat="32.289842" lon="77.272189"><ele>3300.2</ele></trkpt><trkpt lat="32.289845" lon="77.272248"><ele>3300.6</ele></trkpt><trkpt lat="32.289846" lon="77.272302"><ele>3300.5</ele></trkpt><trkpt lat="32.289865" lon="77.272351"><ele>3301.7</ele></trkpt><trkpt lat="32.289865" lon="77.272410"><ele>3301.6</ele></trkpt><trkpt lat="32.289886" lon="77.272470"><ele>3303.0</ele></trkpt><trkpt lat="32.289913" lon="77.272525"><ele>3304.9</ele></trkpt><trkpt lat="32.289899" lon="77.272577"><ele>3304.1</ele></trkpt><trkpt lat="32.289833" lon="77.272593"><ele>3299.3</ele></trkpt><trkpt lat="32.289837" lon="77.272650"><ele>3299.8</ele></trkpt><trkpt lat="32.289833" lon="77.272712"><ele>3299.7</ele></trkpt><trkpt lat="32.289841" lon="77.272778"><ele>3300.5</ele></trkpt><trkpt lat="32.289842" lon="77.272838"><ele>3300.9</ele></trkpt><trkpt lat="32.289864" lon="77.272890"><ele>3302.7</ele></trkpt><trkpt lat="32.289889" lon="77.272940"><ele>3304.8</ele></trkpt><trkpt lat="32.289893" lon="77.272993"><ele>3305.4</ele></trkpt><trkpt lat="32.289870" lon="77.273047"><ele>3303.9</ele></trkpt><trkpt lat="32.289869" lon="77.273112"><ele>3304.2</ele></trkpt><trkpt lat="32.289880" lon="77.273164"><ele>3305.6</ele></trkpt><trkpt lat="32.289911" lon="77.273205"><ele>3308.3</ele></trkpt><trkpt lat="32.289906" lon="77.273260"><ele>3308.4</ele></trkpt><trkpt lat="32.289889" lon="77.273319"><ele>3307.8</ele></trkpt><trkpt lat="32.289911" lon="77.273370"><ele>3309.9</ele></trkpt><trkpt lat="32.289880" lon="77.273419"><ele>3308.1</ele></trkpt><trkpt lat="32.289863" lon="77.273469"><ele>3307.3</ele></trkpt><trkpt lat="32.289913" lon="77.273476"><ele>3310.9</ele></trkpt><trkpt lat="32.289947" lon="77.273529"><ele>3313.8</ele></trkpt><trkpt lat="32.289983" lon="77.273566"><ele>3316.6</ele></trkpt><trkpt lat="32.290013" lon="77.273610"><ele>3319.1</ele></trkpt><trkpt lat="32.290037" lon="77.273662"><ele>3321.1</ele></trkpt><trkpt lat="32.290024" lon="77.273713"><ele>3320.2</ele></trkpt><trkpt lat="32.290002" lon="77.273764"><ele>3318.3</ele></trkpt><trkpt lat="32.289998" lon="77.273819"><ele>3317.6</ele></trkpt><trkpt lat="32.289963" lon="77.273863"><ele>3315.0</ele></trkpt><trkpt lat="32.289942" lon="77.273914"><ele>3313.4</ele></trkpt><trkpt lat="32.289923" lon="77.273972"><ele>3312.0</ele></trkpt><trkpt lat="32.289894" lon="77.274027"><ele>3310.0</ele></trkpt><trkpt lat="32.289909" lon="77.274081"><ele>3310.5</ele></trkpt><trkpt lat="32.289912" lon="77.274141"><ele>3310.2</ele></trkpt><trkpt lat="32.289889" lon="77.274198"><ele>3308.6</ele></trkpt><trkpt lat="32.289858" lon="77.274242"><ele>3306.8</ele></trkpt><trkpt lat="32.289844" lon="77.274300"><ele>3306.2</ele></trkpt><trkpt lat="32.289844" lon="77.274359"><ele>3306.9</ele></trkpt><trkpt lat="32.289815" lon="77.274409"><ele>3306.0</ele></trkpt><trkpt lat="32.289819" lon="77.274468"><ele>3306.8</ele></trkpt><trkpt lat="32.289783" lon="77.274512"><ele>3305.5</ele></trkpt><trkpt lat="32.289742" lon="77.274546"><ele>3303.8</ele></trkpt><trkpt lat="32.289735" lon="77.274608"><ele>3305.2</ele></trkpt><trkpt lat="32.289752" lon="77.274666"><ele>3307.7</ele></trkpt><trkpt lat="32.289736" lon="77.274723"><ele>3308.9</ele></trkpt><trkpt lat="32.289728" lon="77.274779"><ele>3310.5</ele></trkpt><trkpt lat="32.289734" lon="77.274839"><ele>3312.6</ele></trkpt><trkpt lat="32.289750" lon="77.274902"><ele>3314.7</ele></trkpt><trkpt lat="32.289776" lon="77.274961"><ele>3316.9</ele></trkpt><trkpt lat="32.289799" lon="77.275015"><ele>3318.9</ele></trkpt><trkpt lat="32.289800" lon="77.275070"><ele>3320.1</ele></trkpt><trkpt lat="32.289809" lon="77.275127"><ele>3321.5</ele></trkpt><trkpt lat="32.289850" lon="77.275157"><ele>3323.5</ele></trkpt><trkpt lat="32.289897" lon="77.275116"><ele>3324.4</ele></trkpt><trkpt lat="32.289865" lon="77.275159"><ele>3324.0</ele></trkpt><trkpt lat="32.289852" lon="77.275213"><ele>3323.8</ele></trkpt><trkpt lat="32.289849" lon="77.275275"><ele>3324.0</ele></trkpt><trkpt lat="32.289859" lon="77.275331"><ele>3324.6</ele></trkpt><trkpt lat="32.289883" lon="77.275377"><ele>3325.6</ele></trkpt><trkpt lat="32.289913" lon="77.275420"><ele>3326.8</ele></trkpt><trkpt lat="32.289907" lon="77.275477"><ele>3327.4</ele></trkpt><trkpt lat="32.289867" lon="77.275501"><ele>3326.5</ele></trkpt><trkpt lat="32.289817" lon="77.275493"><ele>3324.5</ele></trkpt><trkpt lat="32.289761" lon="77.275537"><ele>3323.3</ele></trkpt><trkpt lat="32.289727" lon="77.275579"><ele>3322.7</ele></trkpt><trkpt lat="32.289700" lon="77.275624"><ele>3322.7</ele></trkpt><trkpt lat="32.289690" lon="77.275685"><ele>3323.3</ele></trkpt><trkpt lat="32.289707" lon="77.275740"><ele>3324.5</ele></trkpt><trkpt lat="32.289732" lon="77.275790"><ele>3325.7</ele></trkpt><trkpt lat="32.289764" lon="77.275835"><ele>3327.4</ele></trkpt><trkpt lat="32.289792" lon="77.275877"><ele>3328.9</ele></trkpt><trkpt lat="32.289819" lon="77.275920"><ele>3330.4</ele></trkpt><trkpt lat="32.289823" lon="77.275973"><ele>3330.9</ele></trkpt><trkpt lat="32.289825" lon="77.276031"><ele>3331.4</ele></trkpt><trkpt lat="32.289806" lon="77.276085"><ele>3330.8</ele></trkpt><trkpt lat="32.289790" lon="77.276137"><ele>3330.4</ele></trkpt><trkpt lat="32.289753" lon="77.276181"><ele>3329.3</ele></trkpt><trkpt lat="32.289780" lon="77.276227"><ele>3330.7</ele></trkpt><trkpt lat="32.289780" lon="77.276281"><ele>3331.1</ele></trkpt><trkpt lat="32.289729" lon="77.276259"><ele>3329.1</ele></trkpt><trkpt lat="32.289673" lon="77.276243"><ele>3327.1</ele></trkpt><trkpt lat="32.289622" lon="77.276259"><ele>3325.7</ele></trkpt><trkpt lat="32.289585" lon="77.276303"><ele>3325.2</ele></trkpt><trkpt lat="32.289562" lon="77.276366"><ele>3325.7</ele></trkpt><trkpt lat="32.289517" lon="77.276387"><ele>3324.6</ele></trkpt><trkpt lat="32.289462" lon="77.276392"><ele>3323.0</ele></trkpt><trkpt lat="32.289414" lon="77.276413"><ele>3322.5</ele></trkpt><trkpt lat="32.289377" lon="77.276448"><ele>3322.3</ele></trkpt><trkpt lat="32.289328" lon="77.276443"><ele>3321.4</ele></trkpt><trkpt lat="32.289284" lon="77.276469"><ele>3320.9</ele></trkpt><trkpt lat="32.289252" lon="77.276509"><ele>3320.5</ele></trkpt><trkpt lat="32.289218" lon="77.276554"><ele>3320.1</ele></trkpt><trkpt lat="32.289188" lon="77.276611"><ele>3320.0</ele></trkpt><trkpt lat="32.289187" lon="77.276673"><ele>3320.8</ele></trkpt><trkpt lat="32.289188" lon="77.276731"><ele>3321.6</ele></trkpt><trkpt lat="32.289178" lon="77.276802"><ele>3322.4</ele></trkpt><trkpt lat="32.289175" lon="77.276857"><ele>3323.2</ele></trkpt><trkpt lat="32.289174" lon="77.276919"><ele>3324.5</ele></trkpt><trkpt lat="32.289152" lon="77.276972"><ele>3326.5</ele></trkpt><trkpt lat="32.289129" lon="77.277026"><ele>3328.4</ele></trkpt><trkpt lat="32.289107" lon="77.277088"><ele>3330.6</ele></trkpt><trkpt lat="32.289085" lon="77.277144"><ele>3332.4</ele></trkpt><trkpt lat="32.289082" lon="77.277207"><ele>3334.7</ele></trkpt><trkpt lat="32.289076" lon="77.277269"><ele>3336.8</ele></trkpt><trkpt lat="32.289090" lon="77.277325"><ele>3339.0</ele></trkpt><trkpt lat="32.289099" lon="77.277387"><ele>3341.4</ele></trkpt><trkpt lat="32.289099" lon="77.277447"><ele>3343.6</ele></trkpt><trkpt lat="32.289093" lon="77.277511"><ele>3345.5</ele></trkpt><trkpt lat="32.289080" lon="77.277573"><ele>3347.0</ele></trkpt><trkpt lat="32.289072" lon="77.277630"><ele>3348.4</ele></trkpt><trkpt lat="32.289055" lon="77.277682"><ele>3349.4</ele></trkpt><trkpt lat="32.289022" lon="77.277735"><ele>3350.0</ele></trkpt><trkpt lat="32.288989" lon="77.277786"><ele>3350.5</ele></trkpt><trkpt lat="32.288974" lon="77.277849"><ele>3351.0</ele></trkpt><trkpt lat="32.288968" lon="77.277907"><ele>3351.7</ele></trkpt><trkpt lat="32.288957" lon="77.277963"><ele>3352.2</ele></trkpt><trkpt lat="32.288937" lon="77.278022"><ele>3352.4</ele></trkpt><trkpt lat="32.288933" lon="77.278087"><ele>3352.9</ele></trkpt><trkpt lat="32.288909" lon="77.278143"><ele>3352.1</ele></trkpt><trkpt lat="32.288878" lon="77.278187"><ele>3350.9</ele></trkpt><trkpt lat="32.288845" lon="77.278233"><ele>3349.6</ele></trkpt><trkpt lat="32.288823" lon="77.278286"><ele>3348.6</ele></trkpt><trkpt lat="32.288806" lon="77.278345"><ele>3347.7</ele></trkpt><trkpt lat="32.288782" lon="77.278407"><ele>3346.0</ele></trkpt><trkpt lat="32.288749" lon="77.278459"><ele>3344.0</ele></trkpt><trkpt lat="32.288737" lon="77.278524"><ele>3342.8</ele></trkpt><trkpt lat="32.288731" lon="77.278595"><ele>3341.8</ele></trkpt><trkpt lat="32.288729" lon="77.278661"><ele>3341.3</ele></trkpt><trkpt lat="32.288722" lon="77.278742"><ele>3342.8</ele></trkpt><trkpt lat="32.288708" lon="77.278798"><ele>3343.6</ele></trkpt><trkpt lat="32.288678" lon="77.278858"><ele>3344.1</ele></trkpt><trkpt lat="32.288650" lon="77.278907"><ele>3344.6</ele></trkpt><trkpt lat="32.288628" lon="77.278973"><ele>3346.8</ele></trkpt><trkpt lat="32.288607" lon="77.279021"><ele>3349.0</ele></trkpt><trkpt lat="32.288579" lon="77.279077"><ele>3351.4</ele></trkpt><trkpt lat="32.288570" lon="77.279146"><ele>3354.8</ele></trkpt><trkpt lat="32.288578" lon="77.279210"><ele>3358.4</ele></trkpt><trkpt lat="32.288593" lon="77.279261"><ele>3360.1</ele></trkpt><trkpt lat="32.288610" lon="77.279313"><ele>3360.8</ele></trkpt><trkpt lat="32.288618" lon="77.279376"><ele>3361.3</ele></trkpt><trkpt lat="32.288626" lon="77.279431"><ele>3361.6</ele></trkpt><trkpt lat="32.288658" lon="77.279479"><ele>3362.1</ele></trkpt><trkpt lat="32.288645" lon="77.279530"><ele>3362.2</ele></trkpt><trkpt lat="32.288616" lon="77.279489"><ele>3361.8</ele></trkpt><trkpt lat="32.288600" lon="77.279548"><ele>3362.1</ele></trkpt><trkpt lat="32.288552" lon="77.279486"><ele>3361.3</ele></trkpt><trkpt lat="32.288504" lon="77.279424"><ele>3360.2</ele></trkpt><trkpt lat="32.288456" lon="77.279362"><ele>3358.8</ele></trkpt><trkpt lat="32.288494" lon="77.279416"><ele>3360.0</ele></trkpt><trkpt lat="32.288532" lon="77.279471"><ele>3361.0</ele></trkpt><trkpt lat="32.288599" lon="77.279492"><ele>3361.7</ele></trkpt><trkpt lat="32.288634" lon="77.279534"><ele>3362.2</ele></trkpt><trkpt lat="32.288713" lon="77.279536"><ele>3363.3</ele></trkpt><trkpt lat="32.288792" lon="77.279538"><ele>3364.7</ele></trkpt><trkpt lat="32.288743" lon="77.279533"><ele>3363.8</ele></trkpt><trkpt lat="32.288693" lon="77.279537"><ele>3363.0</ele></trkpt><trkpt lat="32.288646" lon="77.279531"><ele>3362.2</ele></trkpt><trkpt lat="32.288649" lon="77.279470"><ele>3362.0</ele></trkpt><trkpt lat="32.288670" lon="77.279519"><ele>3362.5</ele></trkpt><trkpt lat="32.288654" lon="77.279577"><ele>3362.5</ele></trkpt><trkpt lat="32.288624" lon="77.279628"><ele>3362.7</ele></trkpt><trkpt lat="32.288581" lon="77.279665"><ele>3362.8</ele></trkpt><trkpt lat="32.288535" lon="77.279677"><ele>3362.8</ele></trkpt><trkpt lat="32.288499" lon="77.279635"><ele>3362.3</ele></trkpt><trkpt lat="32.288451" lon="77.279621"><ele>3362.0</ele></trkpt><trkpt lat="32.288404" lon="77.279645"><ele>3362.1</ele></trkpt><trkpt lat="32.288336" lon="77.279702"><ele>3362.1</ele></trkpt><trkpt lat="32.288402" lon="77.279686"><ele>3362.5</ele></trkpt><trkpt lat="32.288355" lon="77.279699"><ele>3362.2</ele></trkpt><trkpt lat="32.288304" lon="77.279699"><ele>3361.7</ele></trkpt><trkpt lat="32.288259" lon="77.279709"><ele>3361.4</ele></trkpt><trkpt lat="32.288208" lon="77.279709"><ele>3361.0</ele></trkpt><trkpt lat="32.288158" lon="77.279698"><ele>3360.4</ele></trkpt><trkpt lat="32.288113" lon="77.279676"><ele>3359.8</ele></trkpt><trkpt lat="32.288062" lon="77.279675"><ele>3359.5</ele></trkpt><trkpt lat="32.288014" lon="77.279661"><ele>3358.9</ele></trkpt><trkpt lat="32.287968" lon="77.279661"><ele>3358.6</ele></trkpt><trkpt lat="32.287921" lon="77.279690"><ele>3359.0</ele></trkpt><trkpt lat="32.287881" lon="77.279719"><ele>3359.4</ele></trkpt><trkpt lat="32.287835" lon="77.279731"><ele>3359.4</ele></trkpt><trkpt lat="32.287790" lon="77.279769"><ele>3360.0</ele></trkpt><trkpt lat="32.287746" lon="77.279814"><ele>3361.0</ele></trkpt><trkpt lat="32.287736" lon="77.279873"><ele>3362.9</ele></trkpt><trkpt lat="32.287719" lon="77.279925"><ele>3364.6</ele></trkpt><trkpt lat="32.287710" lon="77.279983"><ele>3366.6</ele></trkpt><trkpt lat="32.287686" lon="77.280034"><ele>3368.4</ele></trkpt><trkpt lat="32.287645" lon="77.280065"><ele>3369.7</ele></trkpt><trkpt lat="32.287598" lon="77.280084"><ele>3370.1</ele></trkpt><trkpt lat="32.287567" lon="77.280130"><ele>3370.8</ele></trkpt><trkpt lat="32.287528" lon="77.280160"><ele>3371.0</ele></trkpt><trkpt lat="32.287485" lon="77.280181"><ele>3371.0</ele></trkpt><trkpt lat="32.287449" lon="77.280226"><ele>3371.3</ele></trkpt><trkpt lat="32.287410" lon="77.280256"><ele>3371.4</ele></trkpt><trkpt lat="32.287356" lon="77.280276"><ele>3370.8</ele></trkpt><trkpt lat="32.287308" lon="77.280292"><ele>3370.1</ele></trkpt><trkpt lat="32.287281" lon="77.280336"><ele>3369.9</ele></trkpt><trkpt lat="32.287242" lon="77.280377"><ele>3369.4</ele></trkpt><trkpt lat="32.287203" lon="77.280418"><ele>3368.8</ele></trkpt><trkpt lat="32.287178" lon="77.280490"><ele>3368.7</ele></trkpt><trkpt lat="32.287152" lon="77.280536"><ele>3368.6</ele></trkpt><trkpt lat="32.287125" lon="77.280583"><ele>3368.5</ele></trkpt><trkpt lat="32.287091" lon="77.280621"><ele>3368.4</ele></trkpt><trkpt lat="32.287061" lon="77.280662"><ele>3368.3</ele></trkpt><trkpt lat="32.287025" lon="77.280707"><ele>3368.2</ele></trkpt><trkpt lat="32.287014" lon="77.280809"><ele>3369.1</ele></trkpt><trkpt lat="32.286975" lon="77.280869"><ele>3369.2</ele></trkpt><trkpt lat="32.286947" lon="77.280940"><ele>3369.6</ele></trkpt><trkpt lat="32.286920" lon="77.281012"><ele>3369.9</ele></trkpt><trkpt lat="32.286885" lon="77.281060"><ele>3370.1</ele></trkpt><trkpt lat="32.286844" lon="77.281096"><ele>3370.5</ele></trkpt><trkpt lat="32.286798" lon="77.281121"><ele>3370.8</ele></trkpt><trkpt lat="32.286740" lon="77.281133"><ele>3371.0</ele></trkpt><trkpt lat="32.286697" lon="77.281151"><ele>3371.1</ele></trkpt><trkpt lat="32.286650" lon="77.281182"><ele>3371.1</ele></trkpt><trkpt lat="32.286607" lon="77.281222"><ele>3370.9</ele></trkpt><trkpt lat="32.286561" lon="77.281255"><ele>3371.1</ele></trkpt><trkpt lat="32.286520" lon="77.281299"><ele>3371.8</ele></trkpt><trkpt lat="32.286488" lon="77.281340"><ele>3372.2</ele></trkpt><trkpt lat="32.286458" lon="77.281385"><ele>3372.6</ele></trkpt><trkpt lat="32.286423" lon="77.281427"><ele>3372.5</ele></trkpt><trkpt lat="32.286378" lon="77.281440"><ele>3371.7</ele></trkpt><trkpt lat="32.286340" lon="77.281470"><ele>3371.9</ele></trkpt><trkpt lat="32.286299" lon="77.281502"><ele>3372.2</ele></trkpt><trkpt lat="32.286258" lon="77.281531"><ele>3372.6</ele></trkpt><trkpt lat="32.286221" lon="77.281566"><ele>3373.8</ele></trkpt><trkpt lat="32.286174" lon="77.281565"><ele>3373.6</ele></trkpt><trkpt lat="32.286129" lon="77.281577"><ele>3373.8</ele></trkpt><trkpt lat="32.286081" lon="77.281586"><ele>3373.4</ele></trkpt><trkpt lat="32.286031" lon="77.281592"><ele>3372.8</ele></trkpt><trkpt lat="32.285980" lon="77.281642"><ele>3372.9</ele></trkpt><trkpt lat="32.285922" lon="77.281696"><ele>3372.7</ele></trkpt><trkpt lat="32.285863" lon="77.281750"><ele>3372.4</ele></trkpt><trkpt lat="32.285823" lon="77.281790"><ele>3373.2</ele></trkpt><trkpt lat="32.285776" lon="77.281821"><ele>3374.2</ele></trkpt><trkpt lat="32.285729" lon="77.281851"><ele>3375.4</ele></trkpt><trkpt lat="32.285688" lon="77.281889"><ele>3376.6</ele></trkpt><trkpt lat="32.285643" lon="77.281943"><ele>3378.1</ele></trkpt><trkpt lat="32.285597" lon="77.281996"><ele>3379.9</ele></trkpt><trkpt lat="32.285556" lon="77.282023"><ele>3381.8</ele></trkpt><trkpt lat="32.285523" lon="77.282064"><ele>3383.6</ele></trkpt><trkpt lat="32.285501" lon="77.282113"><ele>3385.1</ele></trkpt><trkpt lat="32.285471" lon="77.282161"><ele>3386.4</ele></trkpt><trkpt lat="32.285464" lon="77.282239"><ele>3387.2</ele></trkpt><trkpt lat="32.285411" lon="77.282307"><ele>3387.6</ele></trkpt><trkpt lat="32.285383" lon="77.282350"><ele>3387.4</ele></trkpt><trkpt lat="32.285381" lon="77.282405"><ele>3387.7</ele></trkpt><trkpt lat="32.285349" lon="77.282452"><ele>3388.5</ele></trkpt><trkpt lat="32.285307" lon="77.282483"><ele>3389.5</ele></trkpt><trkpt lat="32.285280" lon="77.282529"><ele>3390.5</ele></trkpt><trkpt lat="32.285247" lon="77.282567"><ele>3391.3</ele></trkpt><trkpt lat="32.285209" lon="77.282622"><ele>3392.2</ele></trkpt><trkpt lat="32.285195" lon="77.282675"><ele>3393.0</ele></trkpt><trkpt lat="32.285193" lon="77.282739"><ele>3395.0</ele></trkpt><trkpt lat="32.285173" lon="77.282837"><ele>3397.8</ele></trkpt><trkpt lat="32.285183" lon="77.282910"><ele>3400.2</ele></trkpt><trkpt lat="32.285192" lon="77.282983"><ele>3402.7</ele></trkpt><trkpt lat="32.285157" lon="77.283026"><ele>3403.1</ele></trkpt><trkpt lat="32.285135" lon="77.283085"><ele>3404.1</ele></trkpt><trkpt lat="32.285111" lon="77.283135"><ele>3404.7</ele></trkpt><trkpt lat="32.285051" lon="77.283178"><ele>3405.2</ele></trkpt><trkpt lat="32.285031" lon="77.283240"><ele>3406.5</ele></trkpt><trkpt lat="32.285011" lon="77.283297"><ele>3407.3</ele></trkpt><trkpt lat="32.284997" lon="77.283352"><ele>3407.9</ele></trkpt><trkpt lat="32.284986" lon="77.283412"><ele>3408.5</ele></trkpt><trkpt lat="32.284967" lon="77.283462"><ele>3408.9</ele></trkpt><trkpt lat="32.284940" lon="77.283511"><ele>3409.2</ele></trkpt><trkpt lat="32.284909" lon="77.283557"><ele>3409.3</ele></trkpt><trkpt lat="32.284877" lon="77.283598"><ele>3409.1</ele></trkpt><trkpt lat="32.284851" lon="77.283643"><ele>3409.0</ele></trkpt><trkpt lat="32.284823" lon="77.283703"><ele>3409.2</ele></trkpt><trkpt lat="32.284803" lon="77.283760"><ele>3409.8</ele></trkpt><trkpt lat="32.284778" lon="77.283808"><ele>3410.3</ele></trkpt><trkpt lat="32.284756" lon="77.283860"><ele>3410.7</ele></trkpt><trkpt lat="32.284731" lon="77.283917"><ele>3411.1</ele></trkpt><trkpt lat="32.284704" lon="77.283961"><ele>3411.3</ele></trkpt><trkpt lat="32.284672" lon="77.283999"><ele>3411.4</ele></trkpt><trkpt lat="32.284640" lon="77.284043"><ele>3411.2</ele></trkpt><trkpt lat="32.284638" lon="77.284100"><ele>3410.9</ele></trkpt><trkpt lat="32.284626" lon="77.284158"><ele>3411.0</ele></trkpt><trkpt lat="32.284591" lon="77.284213"><ele>3411.1</ele></trkpt><trkpt lat="32.284549" lon="77.284238"><ele>3411.3</ele></trkpt><trkpt lat="32.284509" lon="77.284274"><ele>3411.7</ele></trkpt><trkpt lat="32.284475" lon="77.284319"><ele>3411.8</ele></trkpt><trkpt lat="32.284464" lon="77.284380"><ele>3411.6</ele></trkpt><trkpt lat="32.284465" lon="77.284444"><ele>3412.3</ele></trkpt><trkpt lat="32.284454" lon="77.284503"><ele>3414.3</ele></trkpt><trkpt lat="32.284427" lon="77.284555"><ele>3415.6</ele></trkpt><trkpt lat="32.284392" lon="77.284606"><ele>3416.5</ele></trkpt><trkpt lat="32.284360" lon="77.284648"><ele>3416.9</ele></trkpt><trkpt lat="32.284325" lon="77.284687"><ele>3416.9</ele></trkpt><trkpt lat="32.284288" lon="77.284724"><ele>3417.5</ele></trkpt><trkpt lat="32.284251" lon="77.284754"><ele>3417.9</ele></trkpt><trkpt lat="32.284211" lon="77.284782"><ele>3417.9</ele></trkpt><trkpt lat="32.284180" lon="77.284831"><ele>3417.9</ele></trkpt><trkpt lat="32.284154" lon="77.284891"><ele>3417.8</ele></trkpt><trkpt lat="32.284178" lon="77.284939"><ele>3418.7</ele></trkpt><trkpt lat="32.284134" lon="77.284967"><ele>3417.4</ele></trkpt><trkpt lat="32.284088" lon="77.284986"><ele>3415.9</ele></trkpt><trkpt lat="32.284039" lon="77.284997"><ele>3415.0</ele></trkpt><trkpt lat="32.283993" lon="77.285030"><ele>3416.0</ele></trkpt><trkpt lat="32.283953" lon="77.285061"><ele>3416.8</ele></trkpt><trkpt lat="32.283911" lon="77.285090"><ele>3417.4</ele></trkpt><trkpt lat="32.283875" lon="77.285125"><ele>3418.0</ele></trkpt><trkpt lat="32.283830" lon="77.285154"><ele>3418.2</ele></trkpt><trkpt lat="32.283791" lon="77.285185"><ele>3419.1</ele></trkpt><trkpt lat="32.283757" lon="77.285230"><ele>3420.6</ele></trkpt><trkpt lat="32.283729" lon="77.285280"><ele>3421.8</ele></trkpt><trkpt lat="32.283687" lon="77.285315"><ele>3423.9</ele></trkpt><trkpt lat="32.283672" lon="77.285371"><ele>3426.3</ele></trkpt><trkpt lat="32.283660" lon="77.285422"><ele>3428.4</ele></trkpt><trkpt lat="32.283608" lon="77.285442"><ele>3429.3</ele></trkpt><trkpt lat="32.283575" lon="77.285478"><ele>3430.5</ele></trkpt><trkpt lat="32.283525" lon="77.285529"><ele>3432.0</ele></trkpt><trkpt lat="32.283466" lon="77.285564"><ele>3432.6</ele></trkpt><trkpt lat="32.283447" lon="77.285620"><ele>3433.3</ele></trkpt><trkpt lat="32.283408" lon="77.285648"><ele>3433.3</ele></trkpt><trkpt lat="32.283369" lon="77.285675"><ele>3433.4</ele></trkpt><trkpt lat="32.283346" lon="77.285738"><ele>3434.0</ele></trkpt><trkpt lat="32.283300" lon="77.285763"><ele>3433.9</ele></trkpt><trkpt lat="32.283275" lon="77.285814"><ele>3435.0</ele></trkpt><trkpt lat="32.283228" lon="77.285867"><ele>3436.5</ele></trkpt><trkpt lat="32.283223" lon="77.285926"><ele>3438.0</ele></trkpt><trkpt lat="32.283217" lon="77.285986"><ele>3439.6</ele></trkpt><trkpt lat="32.283193" lon="77.286039"><ele>3441.3</ele></trkpt><trkpt lat="32.283177" lon="77.286131"><ele>3443.7</ele></trkpt><trkpt lat="32.283166" lon="77.286185"><ele>3445.7</ele></trkpt><trkpt lat="32.283149" lon="77.286236"><ele>3448.0</ele></trkpt><trkpt lat="32.283133" lon="77.286290"><ele>3450.3</ele></trkpt><trkpt lat="32.283144" lon="77.286347"><ele>3452.5</ele></trkpt><trkpt lat="32.283141" lon="77.286406"><ele>3454.9</ele></trkpt><trkpt lat="32.283139" lon="77.286463"><ele>3456.5</ele></trkpt><trkpt lat="32.283154" lon="77.286515"><ele>3456.9</ele></trkpt><trkpt lat="32.283200" lon="77.286513"><ele>3456.8</ele></trkpt><trkpt lat="32.283155" lon="77.286506"><ele>3456.8</ele></trkpt><trkpt lat="32.283203" lon="77.286513"><ele>3456.7</ele></trkpt><trkpt lat="32.283251" lon="77.286529"><ele>3456.7</ele></trkpt><trkpt lat="32.283299" lon="77.286558"><ele>3457.1</ele></trkpt><trkpt lat="32.283326" lon="77.286601"><ele>3458.0</ele></trkpt><trkpt lat="32.283315" lon="77.286658"><ele>3458.1</ele></trkpt><trkpt lat="32.283278" lon="77.286694"><ele>3457.5</ele></trkpt><trkpt lat="32.283240" lon="77.286724"><ele>3457.9</ele></trkpt><trkpt lat="32.283200" lon="77.286761"><ele>3458.5</ele></trkpt><trkpt lat="32.283176" lon="77.286810"><ele>3459.2</ele></trkpt><trkpt lat="32.283164" lon="77.286862"><ele>3459.9</ele></trkpt><trkpt lat="32.283152" lon="77.286918"><ele>3460.7</ele></trkpt><trkpt lat="32.283151" lon="77.286979"><ele>3461.4</ele></trkpt><trkpt lat="32.283137" lon="77.287036"><ele>3462.4</ele></trkpt><trkpt lat="32.283106" lon="77.287081"><ele>3464.2</ele></trkpt><trkpt lat="32.283068" lon="77.287109"><ele>3465.2</ele></trkpt><trkpt lat="32.283048" lon="77.287165"><ele>3467.0</ele></trkpt><trkpt lat="32.283039" lon="77.287221"><ele>3468.7</ele></trkpt><trkpt lat="32.283019" lon="77.287275"><ele>3470.1</ele></trkpt><trkpt lat="32.282988" lon="77.287317"><ele>3471.0</ele></trkpt><trkpt lat="32.282981" lon="77.287373"><ele>3472.6</ele></trkpt><trkpt lat="32.282986" lon="77.287428"><ele>3474.3</ele></trkpt><trkpt lat="32.282975" lon="77.287480"><ele>3475.6</ele></trkpt><trkpt lat="32.282952" lon="77.287530"><ele>3476.5</ele></trkpt><trkpt lat="32.282927" lon="77.287575"><ele>3476.9</ele></trkpt><trkpt lat="32.282923" lon="77.287641"><ele>3478.6</ele></trkpt><trkpt lat="32.282905" lon="77.287697"><ele>3479.6</ele></trkpt><trkpt lat="32.282871" lon="77.287739"><ele>3479.4</ele></trkpt><trkpt lat="32.282837" lon="77.287792"><ele>3479.5</ele></trkpt><trkpt lat="32.282826" lon="77.287844"><ele>3480.5</ele></trkpt><trkpt lat="32.282811" lon="77.287895"><ele>3481.2</ele></trkpt><trkpt lat="32.282788" lon="77.287945"><ele>3481.5</ele></trkpt><trkpt lat="32.282829" lon="77.288000"><ele>3485.0</ele></trkpt><trkpt lat="32.282826" lon="77.288057"><ele>3486.4</ele></trkpt><trkpt lat="32.282840" lon="77.288109"><ele>3488.6</ele></trkpt><trkpt lat="32.282823" lon="77.288161"><ele>3489.3</ele></trkpt><trkpt lat="32.282791" lon="77.288201"><ele>3488.8</ele></trkpt><trkpt lat="32.282775" lon="77.288252"><ele>3490.2</ele></trkpt><trkpt lat="32.282783" lon="77.288307"><ele>3493.0</ele></trkpt><trkpt lat="32.282737" lon="77.288331"><ele>3491.8</ele></trkpt><trkpt lat="32.282747" lon="77.288386"><ele>3494.7</ele></trkpt><trkpt lat="32.282708" lon="77.288423"><ele>3494.7</ele></trkpt><trkpt lat="32.282688" lon="77.288474"><ele>3496.2</ele></trkpt><trkpt lat="32.282709" lon="77.288528"><ele>3499.4</ele></trkpt><trkpt lat="32.282705" lon="77.288584"><ele>3501.7</ele></trkpt><trkpt lat="32.282664" lon="77.288619"><ele>3501.8</ele></trkpt><trkpt lat="32.282627" lon="77.288653"><ele>3502.0</ele></trkpt><trkpt lat="32.282603" lon="77.288702"><ele>3503.4</ele></trkpt><trkpt lat="32.282582" lon="77.288756"><ele>3505.2</ele></trkpt><trkpt lat="32.282537" lon="77.288794"><ele>3505.3</ele></trkpt><trkpt lat="32.282502" lon="77.288829"><ele>3505.4</ele></trkpt><trkpt lat="32.282464" lon="77.288871"><ele>3505.6</ele></trkpt><trkpt lat="32.282456" lon="77.288923"><ele>3507.1</ele></trkpt><trkpt lat="32.282443" lon="77.288975"><ele>3508.3</ele></trkpt><trkpt lat="32.282408" lon="77.289016"><ele>3508.4</ele></trkpt><trkpt lat="32.282363" lon="77.289058"><ele>3508.0</ele></trkpt><trkpt lat="32.282330" lon="77.289097"><ele>3508.2</ele></trkpt><trkpt lat="32.282301" lon="77.289158"><ele>3509.4</ele></trkpt><trkpt lat="32.282283" lon="77.289214"><ele>3510.8</ele></trkpt><trkpt lat="32.282251" lon="77.289254"><ele>3510.9</ele></trkpt><trkpt lat="32.282227" lon="77.289317"><ele>3512.4</ele></trkpt><trkpt lat="32.282216" lon="77.289384"><ele>3514.9</ele></trkpt><trkpt lat="32.282223" lon="77.289469"><ele>3519.3</ele></trkpt><trkpt lat="32.282192" lon="77.289548"><ele>3522.3</ele></trkpt><trkpt lat="32.282113" lon="77.289589"><ele>3521.8</ele></trkpt><trkpt lat="32.282077" lon="77.289622"><ele>3522.1</ele></trkpt><trkpt lat="32.282057" lon="77.289678"><ele>3523.7</ele></trkpt><trkpt lat="32.282016" lon="77.289703"><ele>3523.2</ele></trkpt><trkpt lat="32.281969" lon="77.289708"><ele>3521.8</ele></trkpt><trkpt lat="32.281928" lon="77.289754"><ele>3521.9</ele></trkpt><trkpt lat="32.281890" lon="77.289819"><ele>3522.4</ele></trkpt><trkpt lat="32.281848" lon="77.289848"><ele>3521.5</ele></trkpt><trkpt lat="32.281814" lon="77.289890"><ele>3521.1</ele></trkpt><trkpt lat="32.281780" lon="77.289929"><ele>3520.4</ele></trkpt><trkpt lat="32.281725" lon="77.289988"><ele>3520.4</ele></trkpt><trkpt lat="32.281758" lon="77.290026"><ele>3523.5</ele></trkpt><trkpt lat="32.281739" lon="77.290077"><ele>3524.9</ele></trkpt><trkpt lat="32.281727" lon="77.290129"><ele>3526.7</ele></trkpt><trkpt lat="32.281696" lon="77.290170"><ele>3527.7</ele></trkpt><trkpt lat="32.281678" lon="77.290224"><ele>3529.5</ele></trkpt><trkpt lat="32.281651" lon="77.290274"><ele>3530.8</ele></trkpt><trkpt lat="32.281614" lon="77.290317"><ele>3531.6</ele></trkpt><trkpt lat="32.281579" lon="77.290366"><ele>3532.9</ele></trkpt><trkpt lat="32.281537" lon="77.290392"><ele>3533.0</ele></trkpt><trkpt lat="32.281521" lon="77.290447"><ele>3535.1</ele></trkpt><trkpt lat="32.281526" lon="77.290505"><ele>3537.8</ele></trkpt><trkpt lat="32.281535" lon="77.290564"><ele>3540.4</ele></trkpt><trkpt lat="32.281497" lon="77.290633"><ele>3542.2</ele></trkpt><trkpt lat="32.281442" lon="77.290684"><ele>3543.0</ele></trkpt><trkpt lat="32.281397" lon="77.290680"><ele>3541.7</ele></trkpt><trkpt lat="32.281379" lon="77.290732"><ele>3543.0</ele></trkpt><trkpt lat="32.281330" lon="77.290749"><ele>3542.1</ele></trkpt><trkpt lat="32.281297" lon="77.290810"><ele>3542.9</ele></trkpt><trkpt lat="32.281263" lon="77.290861"><ele>3542.9</ele></trkpt><trkpt lat="32.281230" lon="77.290898"><ele>3542.6</ele></trkpt><trkpt lat="32.281191" lon="77.290937"><ele>3542.4</ele></trkpt><trkpt lat="32.281173" lon="77.290990"><ele>3543.1</ele></trkpt><trkpt lat="32.281131" lon="77.291034"><ele>3543.1</ele></trkpt><trkpt lat="32.281114" lon="77.291090"><ele>3543.7</ele></trkpt><trkpt lat="32.281113" lon="77.291144"><ele>3544.2</ele></trkpt><trkpt lat="32.281088" lon="77.291194"><ele>3544.0</ele></trkpt><trkpt lat="32.281053" lon="77.291243"><ele>3543.7</ele></trkpt><trkpt lat="32.281031" lon="77.291290"><ele>3543.7</ele></trkpt><trkpt lat="32.281016" lon="77.291341"><ele>3544.0</ele></trkpt><trkpt lat="32.280998" lon="77.291400"><ele>3544.1</ele></trkpt><trkpt lat="32.280969" lon="77.291444"><ele>3543.7</ele></trkpt><trkpt lat="32.280927" lon="77.291473"><ele>3543.8</ele></trkpt><trkpt lat="32.280894" lon="77.291512"><ele>3544.3</ele></trkpt><trkpt lat="32.280844" lon="77.291533"><ele>3544.9</ele></trkpt><trkpt lat="32.280812" lon="77.291573"><ele>3545.2</ele></trkpt><trkpt lat="32.280797" lon="77.291630"><ele>3545.2</ele></trkpt><trkpt lat="32.280793" lon="77.291699"><ele>3545.7</ele></trkpt><trkpt lat="32.280793" lon="77.291759"><ele>3547.0</ele></trkpt><trkpt lat="32.280810" lon="77.291809"><ele>3548.1</ele></trkpt><trkpt lat="32.280787" lon="77.291859"><ele>3549.1</ele></trkpt><trkpt lat="32.280824" lon="77.291894"><ele>3550.1</ele></trkpt><trkpt lat="32.280820" lon="77.291952"><ele>3551.5</ele></trkpt><trkpt lat="32.280805" lon="77.292015"><ele>3552.3</ele></trkpt><trkpt lat="32.280765" lon="77.292059"><ele>3552.1</ele></trkpt><trkpt lat="32.280760" lon="77.292124"><ele>3552.8</ele></trkpt><trkpt lat="32.280762" lon="77.292179"><ele>3553.5</ele></trkpt><trkpt lat="32.280745" lon="77.292235"><ele>3553.8</ele></trkpt><trkpt lat="32.280741" lon="77.292292"><ele>3554.2</ele></trkpt><trkpt lat="32.280732" lon="77.292346"><ele>3554.4</ele></trkpt><trkpt lat="32.280735" lon="77.292402"><ele>3554.9</ele></trkpt><trkpt lat="32.280749" lon="77.292458"><ele>3555.6</ele></trkpt><trkpt lat="32.280739" lon="77.292512"><ele>3555.8</ele></trkpt><trkpt lat="32.280725" lon="77.292568"><ele>3556.0</ele></trkpt><trkpt lat="32.280755" lon="77.292609"><ele>3557.1</ele></trkpt><trkpt lat="32.280784" lon="77.292649"><ele>3558.2</ele></trkpt><trkpt lat="32.280776" lon="77.292708"><ele>3558.9</ele></trkpt><trkpt lat="32.280768" lon="77.292768"><ele>3559.5</ele></trkpt><trkpt lat="32.280748" lon="77.292821"><ele>3559.8</ele></trkpt><trkpt lat="32.280717" lon="77.292866"><ele>3559.7</ele></trkpt><trkpt lat="32.280711" lon="77.292923"><ele>3560.5</ele></trkpt><trkpt lat="32.280675" lon="77.292972"><ele>3560.0</ele></trkpt><trkpt lat="32.280674" lon="77.293042"><ele>3561.0</ele></trkpt><trkpt lat="32.280716" lon="77.293074"><ele>3563.3</ele></trkpt><trkpt lat="32.280729" lon="77.293130"><ele>3564.9</ele></trkpt><trkpt lat="32.280724" lon="77.293185"><ele>3565.2</ele></trkpt><trkpt lat="32.280688" lon="77.293228"><ele>3563.8</ele></trkpt><trkpt lat="32.280667" lon="77.293284"><ele>3563.3</ele></trkpt><trkpt lat="32.280659" lon="77.293342"><ele>3563.6</ele></trkpt><trkpt lat="32.280619" lon="77.293377"><ele>3563.4</ele></trkpt><trkpt lat="32.280611" lon="77.293436"><ele>3563.8</ele></trkpt><trkpt lat="32.280610" lon="77.293491"><ele>3564.5</ele></trkpt><trkpt lat="32.280601" lon="77.293550"><ele>3565.1</ele></trkpt><trkpt lat="32.280586" lon="77.293603"><ele>3565.5</ele></trkpt><trkpt lat="32.280545" lon="77.293629"><ele>3565.0</ele></trkpt><trkpt lat="32.280511" lon="77.293676"><ele>3564.7</ele></trkpt><trkpt lat="32.280481" lon="77.293722"><ele>3564.4</ele></trkpt><trkpt lat="32.280454" lon="77.293774"><ele>3564.4</ele></trkpt><trkpt lat="32.280407" lon="77.293778"><ele>3563.2</ele></trkpt><trkpt lat="32.280365" lon="77.293803"><ele>3563.5</ele></trkpt><trkpt lat="32.280372" lon="77.293857"><ele>3563.9</ele></trkpt><trkpt lat="32.280338" lon="77.293901"><ele>3564.1</ele></trkpt><trkpt lat="32.280302" lon="77.293938"><ele>3564.1</ele></trkpt><trkpt lat="32.280263" lon="77.293966"><ele>3563.8</ele></trkpt><trkpt lat="32.280241" lon="77.294018"><ele>3563.6</ele></trkpt><trkpt lat="32.280259" lon="77.294073"><ele>3564.1</ele></trkpt><trkpt lat="32.280236" lon="77.294126"><ele>3563.9</ele></trkpt><trkpt lat="32.280195" lon="77.294148"><ele>3562.9</ele></trkpt><trkpt lat="32.280182" lon="77.294201"><ele>3562.5</ele></trkpt><trkpt lat="32.280159" lon="77.294261"><ele>3561.7</ele></trkpt><trkpt lat="32.280146" lon="77.294314"><ele>3561.3</ele></trkpt><trkpt lat="32.280137" lon="77.294370"><ele>3561.6</ele></trkpt><trkpt lat="32.280147" lon="77.294429"><ele>3562.1</ele></trkpt><trkpt lat="32.280175" lon="77.294480"><ele>3563.5</ele></trkpt><trkpt lat="32.280200" lon="77.294528"><ele>3564.8</ele></trkpt><trkpt lat="32.280212" lon="77.294586"><ele>3565.8</ele></trkpt><trkpt lat="32.280223" lon="77.294641"><ele>3566.3</ele></trkpt><trkpt lat="32.280236" lon="77.294703"><ele>3566.9</ele></trkpt><trkpt lat="32.280254" lon="77.294755"><ele>3567.7</ele></trkpt><trkpt lat="32.280280" lon="77.294801"><ele>3568.9</ele></trkpt><trkpt lat="32.280247" lon="77.294849"><ele>3567.4</ele></trkpt><trkpt lat="32.280207" lon="77.294876"><ele>3565.6</ele></trkpt><trkpt lat="32.280159" lon="77.294903"><ele>3563.6</ele></trkpt><trkpt lat="32.280123" lon="77.294942"><ele>3562.9</ele></trkpt><trkpt lat="32.280129" lon="77.295005"><ele>3563.8</ele></trkpt><trkpt lat="32.280136" lon="77.295058"><ele>3564.5</ele></trkpt><trkpt lat="32.280142" lon="77.295118"><ele>3565.5</ele></trkpt><trkpt lat="32.280132" lon="77.295175"><ele>3565.9</ele></trkpt><trkpt lat="32.280108" lon="77.295222"><ele>3566.3</ele></trkpt><trkpt lat="32.280107" lon="77.295278"><ele>3566.9</ele></trkpt><trkpt lat="32.280153" lon="77.295308"><ele>3568.3</ele></trkpt><trkpt lat="32.280183" lon="77.295358"><ele>3570.1</ele></trkpt><trkpt lat="32.280167" lon="77.295410"><ele>3570.1</ele></trkpt><trkpt lat="32.280134" lon="77.295461"><ele>3569.5</ele></trkpt><trkpt lat="32.280140" lon="77.295515"><ele>3570.0</ele></trkpt><trkpt lat="32.280166" lon="77.295569"><ele>3571.2</ele></trkpt><trkpt lat="32.280177" lon="77.295624"><ele>3571.9</ele></trkpt><trkpt lat="32.280183" lon="77.295677"><ele>3572.4</ele></trkpt><trkpt lat="32.280198" lon="77.295737"><ele>3573.3</ele></trkpt><trkpt lat="32.280203" lon="77.295796"><ele>3573.5</ele></trkpt><trkpt lat="32.280239" lon="77.295837"><ele>3574.9</ele></trkpt><trkpt lat="32.280229" lon="77.295895"><ele>3574.0</ele></trkpt><trkpt lat="32.280210" lon="77.295944"><ele>3572.6</ele></trkpt><trkpt lat="32.280195" lon="77.296001"><ele>3571.4</ele></trkpt><trkpt lat="32.280192" lon="77.296062"><ele>3570.8</ele></trkpt><trkpt lat="32.280191" lon="77.296119"><ele>3570.6</ele></trkpt><trkpt lat="32.280203" lon="77.296189"><ele>3571.1</ele></trkpt><trkpt lat="32.280203" lon="77.296246"><ele>3571.0</ele></trkpt><trkpt lat="32.280187" lon="77.296303"><ele>3570.1</ele></trkpt><trkpt lat="32.280184" lon="77.296359"><ele>3569.9</ele></trkpt><trkpt lat="32.280172" lon="77.296422"><ele>3570.4</ele></trkpt><trkpt lat="32.280146" lon="77.296470"><ele>3570.1</ele></trkpt><trkpt lat="32.280119" lon="77.296517"><ele>3569.9</ele></trkpt><trkpt lat="32.280094" lon="77.296568"><ele>3570.5</ele></trkpt><trkpt lat="32.280067" lon="77.296616"><ele>3571.3</ele></trkpt><trkpt lat="32.280028" lon="77.296647"><ele>3571.6</ele></trkpt><trkpt lat="32.280000" lon="77.296693"><ele>3571.5</ele></trkpt><trkpt lat="32.279951" lon="77.296732"><ele>3571.2</ele></trkpt><trkpt lat="32.279905" lon="77.296733"><ele>3570.8</ele></trkpt><trkpt lat="32.279866" lon="77.296768"><ele>3570.6</ele></trkpt><trkpt lat="32.279825" lon="77.296797"><ele>3570.5</ele></trkpt><trkpt lat="32.279821" lon="77.296856"><ele>3570.5</ele></trkpt><trkpt lat="32.279831" lon="77.296909"><ele>3570.5</ele></trkpt><trkpt lat="32.279854" lon="77.296959"><ele>3570.3</ele></trkpt><trkpt lat="32.279870" lon="77.297012"><ele>3569.8</ele></trkpt><trkpt lat="32.279848" lon="77.296964"><ele>3570.2</ele></trkpt><trkpt lat="32.279807" lon="77.296929"><ele>3570.5</ele></trkpt><trkpt lat="32.279770" lon="77.296890"><ele>3570.4</ele></trkpt><trkpt lat="32.279725" lon="77.296872"><ele>3570.4</ele></trkpt><trkpt lat="32.279672" lon="77.296818"><ele>3570.3</ele></trkpt><trkpt lat="32.279638" lon="77.296780"><ele>3570.2</ele></trkpt><trkpt lat="32.279596" lon="77.296760"><ele>3570.2</ele></trkpt><trkpt lat="32.279550" lon="77.296742"><ele>3570.5</ele></trkpt><trkpt lat="32.279500" lon="77.296740"><ele>3570.8</ele></trkpt><trkpt lat="32.279460" lon="77.296770"><ele>3571.1</ele></trkpt><trkpt lat="32.279413" lon="77.296776"><ele>3571.5</ele></trkpt><trkpt lat="32.279385" lon="77.296829"><ele>3572.0</ele></trkpt><trkpt lat="32.279339" lon="77.296851"><ele>3572.8</ele></trkpt><trkpt lat="32.279353" lon="77.296908"><ele>3572.8</ele></trkpt><trkpt lat="32.279385" lon="77.296946"><ele>3572.2</ele></trkpt><trkpt lat="32.279378" lon="77.296866"><ele>3572.2</ele></trkpt><trkpt lat="32.279395" lon="77.296939"><ele>3572.2</ele></trkpt><trkpt lat="32.279405" lon="77.297003"><ele>3571.3</ele></trkpt><trkpt lat="32.279396" lon="77.296950"><ele>3572.1</ele></trkpt><trkpt lat="32.279348" lon="77.296957"><ele>3572.5</ele></trkpt><trkpt lat="32.279391" lon="77.296994"><ele>3571.5</ele></trkpt><trkpt lat="32.279440" lon="77.296990"><ele>3571.1</ele></trkpt><trkpt lat="32.279465" lon="77.296935"><ele>3571.6</ele></trkpt><trkpt lat="32.279417" lon="77.296940"><ele>3572.0</ele></trkpt><trkpt lat="32.279462" lon="77.296992"><ele>3570.9</ele></trkpt><trkpt lat="32.279414" lon="77.296994"><ele>3571.3</ele></trkpt><trkpt lat="32.279369" lon="77.296996"><ele>3571.7</ele></trkpt><trkpt lat="32.279379" lon="77.297053"><ele>3570.8</ele></trkpt><trkpt lat="32.279434" lon="77.297066"><ele>3570.2</ele></trkpt><trkpt lat="32.279495" lon="77.297061"><ele>3569.8</ele></trkpt><trkpt lat="32.279536" lon="77.297086"><ele>3569.3</ele></trkpt><trkpt lat="32.279565" lon="77.297035"><ele>3569.6</ele></trkpt><trkpt lat="32.279604" lon="77.297068"><ele>3569.0</ele></trkpt><trkpt lat="32.279564" lon="77.297039"><ele>3569.5</ele></trkpt><trkpt lat="32.279565" lon="77.297105"><ele>3568.9</ele></trkpt><trkpt lat="32.279582" lon="77.297054"><ele>3569.2</ele></trkpt><trkpt lat="32.279631" lon="77.297037"><ele>3569.3</ele></trkpt><trkpt lat="32.279675" lon="77.297012"><ele>3569.5</ele></trkpt><trkpt lat="32.279722" lon="77.296999"><ele>3569.7</ele></trkpt><trkpt lat="32.279767" lon="77.297001"><ele>3569.7</ele></trkpt><trkpt lat="32.279821" lon="77.297014"><ele>3569.6</ele></trkpt><trkpt lat="32.279855" lon="77.297051"><ele>3569.1</ele></trkpt><trkpt lat="32.279855" lon="77.296998"><ele>3569.8</ele></trkpt><trkpt lat="32.279878" lon="77.296927"><ele>3570.7</ele></trkpt><trkpt lat="32.279863" lon="77.296981"><ele>3570.1</ele></trkpt><trkpt lat="32.279825" lon="77.297023"><ele>3569.4</ele></trkpt><trkpt lat="32.279844" lon="77.296967"><ele>3570.2</ele></trkpt><trkpt lat="32.279874" lon="77.296921"><ele>3570.7</ele></trkpt><trkpt lat="32.279904" lon="77.296879"><ele>3570.9</ele></trkpt><trkpt lat="32.279867" lon="77.296809"><ele>3570.6</ele></trkpt><trkpt lat="32.279887" lon="77.296871"><ele>3570.8</ele></trkpt><trkpt lat="32.279882" lon="77.296929"><ele>3570.8</ele></trkpt><trkpt lat="32.279887" lon="77.296984"><ele>3570.3</ele></trkpt><trkpt lat="32.279946" lon="77.296989"><ele>3570.7</ele></trkpt><trkpt lat="32.279902" lon="77.296972"><ele>3570.5</ele></trkpt><trkpt lat="32.279867" lon="77.297023"><ele>3569.6</ele></trkpt><trkpt lat="32.279845" lon="77.297073"><ele>3568.8</ele></trkpt><trkpt lat="32.279802" lon="77.297042"><ele>3569.2</ele></trkpt><trkpt lat="32.279849" lon="77.297039"><ele>3569.3</ele></trkpt><trkpt lat="32.279847" lon="77.296974"><ele>3570.1</ele></trkpt><trkpt lat="32.279859" lon="77.297027"><ele>3569.5</ele></trkpt><trkpt lat="32.279827" lon="77.297068"><ele>3568.9</ele></trkpt><trkpt lat="32.279782" lon="77.297081"><ele>3568.7</ele></trkpt><trkpt lat="32.279750" lon="77.297120"><ele>3568.3</ele></trkpt><trkpt lat="32.279730" lon="77.297173"><ele>3567.7</ele></trkpt><trkpt lat="32.279708" lon="77.297230"><ele>3567.2</ele></trkpt><trkpt lat="32.279677" lon="77.297283"><ele>3568.0</ele></trkpt><trkpt lat="32.279657" lon="77.297337"><ele>3568.8</ele></trkpt><trkpt lat="32.279634" lon="77.297388"><ele>3569.5</ele></trkpt><trkpt lat="32.279615" lon="77.297449"><ele>3570.4</ele></trkpt><trkpt lat="32.279608" lon="77.297508"><ele>3571.1</ele></trkpt><trkpt lat="32.279609" lon="77.297568"><ele>3571.1</ele></trkpt><trkpt lat="32.279593" lon="77.297623"><ele>3570.9</ele></trkpt><trkpt lat="32.279593" lon="77.297682"><ele>3570.7</ele></trkpt><trkpt lat="32.279599" lon="77.297740"><ele>3570.5</ele></trkpt><trkpt lat="32.279590" lon="77.297799"><ele>3570.3</ele></trkpt><trkpt lat="32.279579" lon="77.297858"><ele>3570.3</ele></trkpt><trkpt lat="32.279554" lon="77.297914"><ele>3570.3</ele></trkpt><trkpt lat="32.279540" lon="77.297968"><ele>3570.3</ele></trkpt><trkpt lat="32.279509" lon="77.298009"><ele>3570.4</ele></trkpt><trkpt lat="32.279484" lon="77.298068"><ele>3570.3</ele></trkpt><trkpt lat="32.279485" lon="77.298122"><ele>3570.4</ele></trkpt><trkpt lat="32.279484" lon="77.298177"><ele>3571.0</ele></trkpt><trkpt lat="32.279487" lon="77.298237"><ele>3571.5</ele></trkpt><trkpt lat="32.279478" lon="77.298291"><ele>3572.1</ele></trkpt><trkpt lat="32.279477" lon="77.298348"><ele>3572.7</ele></trkpt><trkpt lat="32.279480" lon="77.298407"><ele>3573.1</ele></trkpt><trkpt lat="32.279472" lon="77.298465"><ele>3573.2</ele></trkpt><trkpt lat="32.279444" lon="77.298512"><ele>3573.3</ele></trkpt><trkpt lat="32.279419" lon="77.298557"><ele>3573.3</ele></trkpt><trkpt lat="32.279415" lon="77.298611"><ele>3573.1</ele></trkpt><trkpt lat="32.279405" lon="77.298664"><ele>3572.8</ele></trkpt><trkpt lat="32.279375" lon="77.298706"><ele>3572.6</ele></trkpt><trkpt lat="32.279352" lon="77.298762"><ele>3572.5</ele></trkpt><trkpt lat="32.279341" lon="77.298820"><ele>3572.5</ele></trkpt><trkpt lat="32.279325" lon="77.298879"><ele>3572.4</ele></trkpt><trkpt lat="32.279313" lon="77.298942"><ele>3572.5</ele></trkpt><trkpt lat="32.279298" lon="77.299007"><ele>3573.1</ele></trkpt><trkpt lat="32.279278" lon="77.299066"><ele>3574.3</ele></trkpt><trkpt lat="32.279249" lon="77.299115"><ele>3575.2</ele></trkpt><trkpt lat="32.279211" lon="77.299156"><ele>3575.8</ele></trkpt><trkpt lat="32.279197" lon="77.299211"><ele>3576.7</ele></trkpt><trkpt lat="32.279181" lon="77.299268"><ele>3577.6</ele></trkpt><trkpt lat="32.279150" lon="77.299316"><ele>3577.8</ele></trkpt><trkpt lat="32.279121" lon="77.299362"><ele>3577.8</ele></trkpt><trkpt lat="32.279123" lon="77.299419"><ele>3578.2</ele></trkpt><trkpt lat="32.279116" lon="77.299481"><ele>3578.6</ele></trkpt><trkpt lat="32.279107" lon="77.299534"><ele>3578.8</ele></trkpt><trkpt lat="32.279122" lon="77.299590"><ele>3579.4</ele></trkpt><trkpt lat="32.279144" lon="77.299637"><ele>3580.3</ele></trkpt><trkpt lat="32.279133" lon="77.299695"><ele>3580.6</ele></trkpt><trkpt lat="32.279134" lon="77.299752"><ele>3581.2</ele></trkpt><trkpt lat="32.279159" lon="77.299798"><ele>3582.2</ele></trkpt><trkpt lat="32.279147" lon="77.299853"><ele>3582.5</ele></trkpt><trkpt lat="32.279109" lon="77.299890"><ele>3582.1</ele></trkpt><trkpt lat="32.279081" lon="77.299937"><ele>3582.1</ele></trkpt><trkpt lat="32.279091" lon="77.299990"><ele>3583.2</ele></trkpt><trkpt lat="32.279069" lon="77.300042"><ele>3583.6</ele></trkpt><trkpt lat="32.279064" lon="77.300097"><ele>3584.3</ele></trkpt><trkpt lat="32.279084" lon="77.300145"><ele>3585.6</ele></trkpt><trkpt lat="32.279090" lon="77.300202"><ele>3586.0</ele></trkpt><trkpt lat="32.279053" lon="77.300246"><ele>3585.2</ele></trkpt><trkpt lat="32.279032" lon="77.300293"><ele>3584.8</ele></trkpt><trkpt lat="32.279051" lon="77.300349"><ele>3585.4</ele></trkpt><trkpt lat="32.279067" lon="77.300410"><ele>3586.0</ele></trkpt><trkpt lat="32.279073" lon="77.300463"><ele>3586.4</ele></trkpt><trkpt lat="32.279070" lon="77.300522"><ele>3586.7</ele></trkpt><trkpt lat="32.279067" lon="77.300581"><ele>3587.0</ele></trkpt><trkpt lat="32.279043" lon="77.300631"><ele>3586.5</ele></trkpt><trkpt lat="32.279055" lon="77.300695"><ele>3587.4</ele></trkpt><trkpt lat="32.279044" lon="77.300747"><ele>3587.4</ele></trkpt><trkpt lat="32.279036" lon="77.300804"><ele>3588.3</ele></trkpt><trkpt lat="32.279051" lon="77.300861"><ele>3590.0</ele></trkpt><trkpt lat="32.279036" lon="77.300917"><ele>3590.6</ele></trkpt><trkpt lat="32.279029" lon="77.300977"><ele>3591.5</ele></trkpt><trkpt lat="32.279041" lon="77.301029"><ele>3593.0</ele></trkpt><trkpt lat="32.279060" lon="77.301079"><ele>3594.1</ele></trkpt><trkpt lat="32.279042" lon="77.301131"><ele>3593.9</ele></trkpt><trkpt lat="32.279028" lon="77.301182"><ele>3593.7</ele></trkpt><trkpt lat="32.279044" lon="77.301236"><ele>3594.8</ele></trkpt><trkpt lat="32.279055" lon="77.301297"><ele>3595.6</ele></trkpt><trkpt lat="32.279079" lon="77.301349"><ele>3596.7</ele></trkpt><trkpt lat="32.279109" lon="77.301390"><ele>3597.9</ele></trkpt><trkpt lat="32.279086" lon="77.301447"><ele>3596.8</ele></trkpt><trkpt lat="32.279055" lon="77.301487"><ele>3595.4</ele></trkpt><trkpt lat="32.279054" lon="77.301546"><ele>3595.2</ele></trkpt><trkpt lat="32.279067" lon="77.301598"><ele>3595.7</ele></trkpt><trkpt lat="32.279046" lon="77.301651"><ele>3594.8</ele></trkpt><trkpt lat="32.279025" lon="77.301703"><ele>3593.9</ele></trkpt><trkpt lat="32.279001" lon="77.301752"><ele>3593.1</ele></trkpt><trkpt lat="32.278983" lon="77.301815"><ele>3592.6</ele></trkpt><trkpt lat="32.278967" lon="77.301874"><ele>3592.1</ele></trkpt><trkpt lat="32.278991" lon="77.301922"><ele>3593.2</ele></trkpt><trkpt lat="32.279022" lon="77.301971"><ele>3594.1</ele></trkpt><trkpt lat="32.279053" lon="77.302019"><ele>3595.0</ele></trkpt><trkpt lat="32.279077" lon="77.302069"><ele>3595.6</ele></trkpt><trkpt lat="32.279084" lon="77.302131"><ele>3595.4</ele></trkpt><trkpt lat="32.279092" lon="77.302184"><ele>3595.3</ele></trkpt><trkpt lat="32.279098" lon="77.302241"><ele>3595.6</ele></trkpt><trkpt lat="32.279105" lon="77.302302"><ele>3596.4</ele></trkpt><trkpt lat="32.279066" lon="77.302333"><ele>3595.1</ele></trkpt><trkpt lat="32.279089" lon="77.302384"><ele>3596.5</ele></trkpt><trkpt lat="32.279066" lon="77.302438"><ele>3596.0</ele></trkpt><trkpt lat="32.279025" lon="77.302465"><ele>3594.5</ele></trkpt><trkpt lat="32.279014" lon="77.302520"><ele>3594.8</ele></trkpt><trkpt lat="32.278986" lon="77.302566"><ele>3595.0</ele></trkpt><trkpt lat="32.278999" lon="77.302619"><ele>3596.2</ele></trkpt><trkpt lat="32.278984" lon="77.302679"><ele>3597.1</ele></trkpt><trkpt lat="32.278957" lon="77.302722"><ele>3597.4</ele></trkpt><trkpt lat="32.278945" lon="77.302776"><ele>3598.2</ele></trkpt><trkpt lat="32.278922" lon="77.302823"><ele>3598.0</ele></trkpt><trkpt lat="32.278888" lon="77.302868"><ele>3597.4</ele></trkpt><trkpt lat="32.278867" lon="77.302926"><ele>3596.9</ele></trkpt><trkpt lat="32.278865" lon="77.302984"><ele>3597.0</ele></trkpt><trkpt lat="32.278843" lon="77.303031"><ele>3596.4</ele></trkpt><trkpt lat="32.278821" lon="77.303082"><ele>3595.7</ele></trkpt><trkpt lat="32.278795" lon="77.303130"><ele>3595.7</ele></trkpt><trkpt lat="32.278757" lon="77.303167"><ele>3595.1</ele></trkpt><trkpt lat="32.278724" lon="77.303212"><ele>3595.2</ele></trkpt><trkpt lat="32.278695" lon="77.303263"><ele>3595.5</ele></trkpt><trkpt lat="32.278688" lon="77.303322"><ele>3596.3</ele></trkpt><trkpt lat="32.278674" lon="77.303385"><ele>3597.0</ele></trkpt><trkpt lat="32.278672" lon="77.303448"><ele>3597.8</ele></trkpt><trkpt lat="32.278685" lon="77.303504"><ele>3598.9</ele></trkpt><trkpt lat="32.278689" lon="77.303559"><ele>3599.7</ele></trkpt><trkpt lat="32.278668" lon="77.303606"><ele>3599.7</ele></trkpt><trkpt lat="32.278634" lon="77.303644"><ele>3599.0</ele></trkpt><trkpt lat="32.278611" lon="77.303691"><ele>3598.8</ele></trkpt><trkpt lat="32.278592" lon="77.303744"><ele>3598.9</ele></trkpt><trkpt lat="32.278581" lon="77.303805"><ele>3599.3</ele></trkpt><trkpt lat="32.278550" lon="77.303846"><ele>3598.7</ele></trkpt><trkpt lat="32.278530" lon="77.303900"><ele>3598.6</ele></trkpt><trkpt lat="32.278486" lon="77.303923"><ele>3597.1</ele></trkpt><trkpt lat="32.278462" lon="77.303973"><ele>3597.6</ele></trkpt><trkpt lat="32.278439" lon="77.304030"><ele>3599.1</ele></trkpt><trkpt lat="32.278429" lon="77.304086"><ele>3600.4</ele></trkpt><trkpt lat="32.278411" lon="77.304138"><ele>3601.5</ele></trkpt><trkpt lat="32.278380" lon="77.304186"><ele>3602.0</ele></trkpt><trkpt lat="32.278354" lon="77.304231"><ele>3602.4</ele></trkpt><trkpt lat="32.278332" lon="77.304280"><ele>3602.8</ele></trkpt><trkpt lat="32.278313" lon="77.304333"><ele>3603.4</ele></trkpt><trkpt lat="32.278340" lon="77.304385"><ele>3605.3</ele></trkpt><trkpt lat="32.278343" lon="77.304441"><ele>3606.6</ele></trkpt><trkpt lat="32.278313" lon="77.304491"><ele>3606.6</ele></trkpt><trkpt lat="32.278270" lon="77.304535"><ele>3605.9</ele></trkpt><trkpt lat="32.278237" lon="77.304573"><ele>3605.8</ele></trkpt><trkpt lat="32.278198" lon="77.304602"><ele>3605.7</ele></trkpt><trkpt lat="32.278204" lon="77.304658"><ele>3607.3</ele></trkpt><trkpt lat="32.278176" lon="77.304701"><ele>3608.0</ele></trkpt><trkpt lat="32.278178" lon="77.304757"><ele>3609.5</ele></trkpt><trkpt lat="32.278171" lon="77.304811"><ele>3610.7</ele></trkpt><trkpt lat="32.278138" lon="77.304848"><ele>3610.6</ele></trkpt><trkpt lat="32.278166" lon="77.304806"><ele>3610.5</ele></trkpt><trkpt lat="32.278186" lon="77.304743"><ele>3609.3</ele></trkpt><trkpt lat="32.278206" lon="77.304690"><ele>3608.2</ele></trkpt><trkpt lat="32.278243" lon="77.304723"><ele>3610.4</ele></trkpt><trkpt lat="32.278229" lon="77.304776"><ele>3611.4</ele></trkpt><trkpt lat="32.278191" lon="77.304811"><ele>3611.2</ele></trkpt><trkpt lat="32.278185" lon="77.304864"><ele>3612.3</ele></trkpt><trkpt lat="32.278158" lon="77.304909"><ele>3612.5</ele></trkpt><trkpt lat="32.278120" lon="77.304939"><ele>3611.9</ele></trkpt><trkpt lat="32.278111" lon="77.305004"><ele>3612.9</ele></trkpt><trkpt lat="32.278096" lon="77.305056"><ele>3613.3</ele></trkpt><trkpt lat="32.278103" lon="77.305113"><ele>3614.7</ele></trkpt><trkpt lat="32.278104" lon="77.305173"><ele>3615.4</ele></trkpt><trkpt lat="32.278111" lon="77.305228"><ele>3616.2</ele></trkpt><trkpt lat="32.278118" lon="77.305288"><ele>3617.1</ele></trkpt><trkpt lat="32.278091" lon="77.305332"><ele>3616.6</ele></trkpt><trkpt lat="32.278075" lon="77.305388"><ele>3616.7</ele></trkpt><trkpt lat="32.278073" lon="77.305446"><ele>3617.1</ele></trkpt><trkpt lat="32.278062" lon="77.305501"><ele>3617.1</ele></trkpt><trkpt lat="32.278054" lon="77.305555"><ele>3617.2</ele></trkpt><trkpt lat="32.278047" lon="77.305616"><ele>3617.4</ele></trkpt><trkpt lat="32.278028" lon="77.305668"><ele>3617.2</ele></trkpt><trkpt lat="32.278014" lon="77.305725"><ele>3617.4</ele></trkpt><trkpt lat="32.278005" lon="77.305784"><ele>3618.1</ele></trkpt><trkpt lat="32.277991" lon="77.305838"><ele>3618.5</ele></trkpt><trkpt lat="32.277967" lon="77.305887"><ele>3618.6</ele></trkpt><trkpt lat="32.277956" lon="77.305944"><ele>3619.2</ele></trkpt><trkpt lat="32.277947" lon="77.306003"><ele>3619.7</ele></trkpt><trkpt lat="32.277933" lon="77.306065"><ele>3619.1</ele></trkpt><trkpt lat="32.277919" lon="77.306125"><ele>3618.6</ele></trkpt><trkpt lat="32.277909" lon="77.306184"><ele>3618.1</ele></trkpt><trkpt lat="32.277892" lon="77.306234"><ele>3617.7</ele></trkpt><trkpt lat="32.277880" lon="77.306287"><ele>3617.3</ele></trkpt><trkpt lat="32.277876" lon="77.306341"><ele>3617.3</ele></trkpt><trkpt lat="32.277869" lon="77.306402"><ele>3617.1</ele></trkpt><trkpt lat="32.277872" lon="77.306463"><ele>3617.2</ele></trkpt><trkpt lat="32.277865" lon="77.306518"><ele>3617.1</ele></trkpt><trkpt lat="32.277848" lon="77.306576"><ele>3616.7</ele></trkpt><trkpt lat="32.277818" lon="77.306620"><ele>3617.5</ele></trkpt><trkpt lat="32.277788" lon="77.306660"><ele>3618.3</ele></trkpt><trkpt lat="32.277791" lon="77.306720"><ele>3620.5</ele></trkpt><trkpt lat="32.277796" lon="77.306783"><ele>3622.7</ele></trkpt><trkpt lat="32.277781" lon="77.306843"><ele>3624.4</ele></trkpt><trkpt lat="32.277751" lon="77.306894"><ele>3625.3</ele></trkpt><trkpt lat="32.277757" lon="77.306948"><ele>3627.1</ele></trkpt><trkpt lat="32.277734" lon="77.307002"><ele>3627.9</ele></trkpt><trkpt lat="32.277739" lon="77.307061"><ele>3629.8</ele></trkpt><trkpt lat="32.277757" lon="77.307113"><ele>3632.0</ele></trkpt><trkpt lat="32.277744" lon="77.307172"><ele>3633.1</ele></trkpt><trkpt lat="32.277703" lon="77.307211"><ele>3631.6</ele></trkpt><trkpt lat="32.277680" lon="77.307264"><ele>3630.8</ele></trkpt><trkpt lat="32.277667" lon="77.307316"><ele>3630.4</ele></trkpt><trkpt lat="32.277657" lon="77.307371"><ele>3630.2</ele></trkpt><trkpt lat="32.277647" lon="77.307428"><ele>3630.1</ele></trkpt><trkpt lat="32.277636" lon="77.307484"><ele>3630.3</ele></trkpt><trkpt lat="32.277623" lon="77.307536"><ele>3630.6</ele></trkpt><trkpt lat="32.277626" lon="77.307596"><ele>3631.3</ele></trkpt><trkpt lat="32.277618" lon="77.307652"><ele>3631.7</ele></trkpt><trkpt lat="32.277637" lon="77.307707"><ele>3632.8</ele></trkpt><trkpt lat="32.277630" lon="77.307762"><ele>3633.4</ele></trkpt><trkpt lat="32.277606" lon="77.307825"><ele>3634.2</ele></trkpt><trkpt lat="32.277568" lon="77.307857"><ele>3633.8</ele></trkpt><trkpt lat="32.277534" lon="77.307900"><ele>3633.8</ele></trkpt><trkpt lat="32.277518" lon="77.307950"><ele>3634.5</ele></trkpt><trkpt lat="32.277501" lon="77.308004"><ele>3635.2</ele></trkpt><trkpt lat="32.277492" lon="77.308063"><ele>3636.4</ele></trkpt><trkpt lat="32.277507" lon="77.308123"><ele>3639.0</ele></trkpt><trkpt lat="32.277500" lon="77.308187"><ele>3640.9</ele></trkpt><trkpt lat="32.277520" lon="77.308241"><ele>3643.7</ele></trkpt><trkpt lat="32.277488" lon="77.308284"><ele>3643.6</ele></trkpt><trkpt lat="32.277493" lon="77.308341"><ele>3645.6</ele></trkpt><trkpt lat="32.277471" lon="77.308391"><ele>3644.7</ele></trkpt><trkpt lat="32.277471" lon="77.308452"><ele>3645.2</ele></trkpt><trkpt lat="32.277463" lon="77.308516"><ele>3645.3</ele></trkpt><trkpt lat="32.277442" lon="77.308576"><ele>3644.8</ele></trkpt><trkpt lat="32.277446" lon="77.308634"><ele>3645.4</ele></trkpt><trkpt lat="32.277435" lon="77.308689"><ele>3645.1</ele></trkpt><trkpt lat="32.277422" lon="77.308746"><ele>3644.6</ele></trkpt><trkpt lat="32.277439" lon="77.308797"><ele>3645.6</ele></trkpt><trkpt lat="32.277457" lon="77.308846"><ele>3646.5</ele></trkpt><trkpt lat="32.277463" lon="77.308905"><ele>3646.9</ele></trkpt><trkpt lat="32.277448" lon="77.308955"><ele>3647.1</ele></trkpt><trkpt lat="32.277421" lon="77.308998"><ele>3647.0</ele></trkpt><trkpt lat="32.277392" lon="77.309049"><ele>3646.8</ele></trkpt><trkpt lat="32.277365" lon="77.309092"><ele>3647.0</ele></trkpt><trkpt lat="32.277351" lon="77.309146"><ele>3647.9</ele></trkpt><trkpt lat="32.277365" lon="77.309215"><ele>3649.7</ele></trkpt><trkpt lat="32.277329" lon="77.309256"><ele>3650.6</ele></trkpt><trkpt lat="32.277320" lon="77.309311"><ele>3652.4</ele></trkpt><trkpt lat="32.277342" lon="77.309361"><ele>3655.1</ele></trkpt><trkpt lat="32.277326" lon="77.309412"><ele>3656.5</ele></trkpt><trkpt lat="32.277308" lon="77.309467"><ele>3657.9</ele></trkpt><trkpt lat="32.277293" lon="77.309522"><ele>3658.8</ele></trkpt><trkpt lat="32.277276" lon="77.309579"><ele>3658.5</ele></trkpt><trkpt lat="32.277278" lon="77.309632"><ele>3659.2</ele></trkpt><trkpt lat="32.277262" lon="77.309690"><ele>3658.9</ele></trkpt><trkpt lat="32.277241" lon="77.309743"><ele>3658.0</ele></trkpt><trkpt lat="32.277217" lon="77.309795"><ele>3656.9</ele></trkpt><trkpt lat="32.277194" lon="77.309843"><ele>3656.4</ele></trkpt><trkpt lat="32.277189" lon="77.309898"><ele>3657.5</ele></trkpt><trkpt lat="32.277172" lon="77.309949"><ele>3657.5</ele></trkpt><trkpt lat="32.277138" lon="77.309994"><ele>3656.3</ele></trkpt><trkpt lat="32.277114" lon="77.310047"><ele>3656.1</ele></trkpt><trkpt lat="32.277109" lon="77.310110"><ele>3657.4</ele></trkpt><trkpt lat="32.277106" lon="77.310169"><ele>3658.4</ele></trkpt><trkpt lat="32.277109" lon="77.310224"><ele>3659.5</ele></trkpt><trkpt lat="32.277103" lon="77.310282"><ele>3660.4</ele></trkpt><trkpt lat="32.277086" lon="77.310337"><ele>3661.0</ele></trkpt><trkpt lat="32.277074" lon="77.310395"><ele>3661.7</ele></trkpt><trkpt lat="32.277065" lon="77.310451"><ele>3662.4</ele></trkpt><trkpt lat="32.277041" lon="77.310517"><ele>3662.8</ele></trkpt><trkpt lat="32.277023" lon="77.310582"><ele>3663.3</ele></trkpt><trkpt lat="32.277023" lon="77.310640"><ele>3664.3</ele></trkpt><trkpt lat="32.277023" lon="77.310696"><ele>3665.3</ele></trkpt><trkpt lat="32.277033" lon="77.310748"><ele>3666.8</ele></trkpt><trkpt lat="32.277051" lon="77.310799"><ele>3668.7</ele></trkpt><trkpt lat="32.277084" lon="77.310869"><ele>3671.6</ele></trkpt><trkpt lat="32.277060" lon="77.310927"><ele>3672.0</ele></trkpt><trkpt lat="32.277018" lon="77.310956"><ele>3670.8</ele></trkpt><trkpt lat="32.276979" lon="77.311011"><ele>3670.1</ele></trkpt><trkpt lat="32.276955" lon="77.311065"><ele>3670.1</ele></trkpt><trkpt lat="32.276908" lon="77.311120"><ele>3669.4</ele></trkpt><trkpt lat="32.276857" lon="77.311130"><ele>3667.6</ele></trkpt><trkpt lat="32.276833" lon="77.311184"><ele>3668.3</ele></trkpt><trkpt lat="32.276840" lon="77.311238"><ele>3669.7</ele></trkpt><trkpt lat="32.276846" lon="77.311294"><ele>3671.3</ele></trkpt><trkpt lat="32.276839" lon="77.311354"><ele>3672.9</ele></trkpt><trkpt lat="32.276851" lon="77.311408"><ele>3674.7</ele></trkpt><trkpt lat="32.276881" lon="77.311453"><ele>3676.5</ele></trkpt><trkpt lat="32.276885" lon="77.311512"><ele>3678.2</ele></trkpt><trkpt lat="32.276856" lon="77.311565"><ele>3679.1</ele></trkpt><trkpt lat="32.276852" lon="77.311626"><ele>3680.1</ele></trkpt><trkpt lat="32.276847" lon="77.311686"><ele>3681.1</ele></trkpt><trkpt lat="32.276833" lon="77.311741"><ele>3681.9</ele></trkpt><trkpt lat="32.276817" lon="77.311792"><ele>3682.7</ele></trkpt><trkpt lat="32.276807" lon="77.311845"><ele>3683.5</ele></trkpt><trkpt lat="32.276774" lon="77.311893"><ele>3683.7</ele></trkpt><trkpt lat="32.276756" lon="77.311948"><ele>3684.1</ele></trkpt><trkpt lat="32.276743" lon="77.311999"><ele>3684.6</ele></trkpt><trkpt lat="32.276712" lon="77.312038"><ele>3684.7</ele></trkpt><trkpt lat="32.276697" lon="77.312091"><ele>3685.2</ele></trkpt><trkpt lat="32.276672" lon="77.312155"><ele>3685.6</ele></trkpt><trkpt lat="32.276654" lon="77.312206"><ele>3685.9</ele></trkpt><trkpt lat="32.276639" lon="77.312260"><ele>3686.1</ele></trkpt><trkpt lat="32.276620" lon="77.312309"><ele>3686.3</ele></trkpt><trkpt lat="32.276633" lon="77.312371"><ele>3687.0</ele></trkpt><trkpt lat="32.276647" lon="77.312429"><ele>3687.6</ele></trkpt><trkpt lat="32.276653" lon="77.312487"><ele>3688.4</ele></trkpt><trkpt lat="32.276655" lon="77.312550"><ele>3689.3</ele></trkpt><trkpt lat="32.276650" lon="77.312606"><ele>3690.0</ele></trkpt><trkpt lat="32.276654" lon="77.312662"><ele>3690.8</ele></trkpt><trkpt lat="32.276657" lon="77.312717"><ele>3691.6</ele></trkpt><trkpt lat="32.276656" lon="77.312781"><ele>3692.1</ele></trkpt><trkpt lat="32.276645" lon="77.312834"><ele>3692.4</ele></trkpt><trkpt lat="32.276644" lon="77.312889"><ele>3692.8</ele></trkpt><trkpt lat="32.276644" lon="77.312950"><ele>3693.3</ele></trkpt><trkpt lat="32.276630" lon="77.313002"><ele>3693.6</ele></trkpt><trkpt lat="32.276615" lon="77.313055"><ele>3694.0</ele></trkpt><trkpt lat="32.276594" lon="77.313109"><ele>3694.3</ele></trkpt><trkpt lat="32.276595" lon="77.313169"><ele>3694.8</ele></trkpt><trkpt lat="32.276611" lon="77.313236"><ele>3695.4</ele></trkpt><trkpt lat="32.276578" lon="77.313199"><ele>3695.0</ele></trkpt><trkpt lat="32.276568" lon="77.313256"><ele>3695.4</ele></trkpt><trkpt lat="32.276564" lon="77.313325"><ele>3696.3</ele></trkpt><trkpt lat="32.276574" lon="77.313380"><ele>3697.8</ele></trkpt><trkpt lat="32.276590" lon="77.313438"><ele>3699.3</ele></trkpt><trkpt lat="32.276612" lon="77.313485"><ele>3700.6</ele></trkpt><trkpt lat="32.276633" lon="77.313536"><ele>3702.1</ele></trkpt><trkpt lat="32.276640" lon="77.313596"><ele>3703.7</ele></trkpt><trkpt lat="32.276634" lon="77.313658"><ele>3704.0</ele></trkpt><trkpt lat="32.276646" lon="77.313726"><ele>3704.3</ele></trkpt><trkpt lat="32.276664" lon="77.313786"><ele>3704.7</ele></trkpt><trkpt lat="32.276665" lon="77.313851"><ele>3705.0</ele></trkpt><trkpt lat="32.276675" lon="77.313903"><ele>3705.5</ele></trkpt><trkpt lat="32.276690" lon="77.313957"><ele>3706.5</ele></trkpt><trkpt lat="32.276692" lon="77.314014"><ele>3707.3</ele></trkpt><trkpt lat="32.276672" lon="77.314066"><ele>3707.7</ele></trkpt><trkpt lat="32.276677" lon="77.314120"><ele>3708.5</ele></trkpt><trkpt lat="32.276676" lon="77.314179"><ele>3709.3</ele></trkpt><trkpt lat="32.276669" lon="77.314242"><ele>3710.3</ele></trkpt><trkpt lat="32.276668" lon="77.314296"><ele>3711.4</ele></trkpt><trkpt lat="32.276650" lon="77.314349"><ele>3712.2</ele></trkpt><trkpt lat="32.276638" lon="77.314411"><ele>3713.3</ele></trkpt><trkpt lat="32.276620" lon="77.314461"><ele>3714.0</ele></trkpt><trkpt lat="32.276580" lon="77.314486"><ele>3713.9</ele></trkpt><trkpt lat="32.276574" lon="77.314547"><ele>3714.4</ele></trkpt><trkpt lat="32.276578" lon="77.314601"><ele>3715.0</ele></trkpt><trkpt lat="32.276570" lon="77.314658"><ele>3715.5</ele></trkpt><trkpt lat="32.276573" lon="77.314714"><ele>3716.1</ele></trkpt><trkpt lat="32.276589" lon="77.314766"><ele>3716.8</ele></trkpt><trkpt lat="32.276579" lon="77.314830"><ele>3717.4</ele></trkpt><trkpt lat="32.276573" lon="77.314887"><ele>3718.1</ele></trkpt><trkpt lat="32.276552" lon="77.314943"><ele>3718.6</ele></trkpt><trkpt lat="32.276533" lon="77.314994"><ele>3719.1</ele></trkpt><trkpt lat="32.276492" lon="77.315033"><ele>3719.4</ele></trkpt><trkpt lat="32.276502" lon="77.315090"><ele>3720.3</ele></trkpt><trkpt lat="32.276522" lon="77.315151"><ele>3721.5</ele></trkpt><trkpt lat="32.276526" lon="77.315210"><ele>3722.7</ele></trkpt><trkpt lat="32.276528" lon="77.315270"><ele>3723.8</ele></trkpt><trkpt lat="32.276510" lon="77.315343"><ele>3725.0</ele></trkpt><trkpt lat="32.276477" lon="77.315383"><ele>3725.4</ele></trkpt><trkpt lat="32.276462" lon="77.315437"><ele>3726.2</ele></trkpt><trkpt lat="32.276440" lon="77.315488"><ele>3726.8</ele></trkpt><trkpt lat="32.276406" lon="77.315530"><ele>3727.1</ele></trkpt><trkpt lat="32.276366" lon="77.315567"><ele>3727.2</ele></trkpt><trkpt lat="32.276331" lon="77.315615"><ele>3727.5</ele></trkpt><trkpt lat="32.276328" lon="77.315681"><ele>3728.5</ele></trkpt><trkpt lat="32.276306" lon="77.315734"><ele>3728.9</ele></trkpt><trkpt lat="32.276286" lon="77.315799"><ele>3729.6</ele></trkpt><trkpt lat="32.276292" lon="77.315856"><ele>3730.6</ele></trkpt><trkpt lat="32.276285" lon="77.315924"><ele>3731.5</ele></trkpt><trkpt lat="32.276246" lon="77.315971"><ele>3731.4</ele></trkpt><trkpt lat="32.276220" lon="77.316024"><ele>3731.6</ele></trkpt><trkpt lat="32.276207" lon="77.316075"><ele>3731.9</ele></trkpt><trkpt lat="32.276224" lon="77.316128"><ele>3732.9</ele></trkpt><trkpt lat="32.276237" lon="77.316180"><ele>3733.7</ele></trkpt><trkpt lat="32.276236" lon="77.316235"><ele>3734.3</ele></trkpt><trkpt lat="32.276270" lon="77.316291"><ele>3735.2</ele></trkpt><trkpt lat="32.276278" lon="77.316351"><ele>3735.6</ele></trkpt><trkpt lat="32.276265" lon="77.316402"><ele>3735.7</ele></trkpt><trkpt lat="32.276264" lon="77.316468"><ele>3736.0</ele></trkpt><trkpt lat="32.276278" lon="77.316521"><ele>3736.5</ele></trkpt><trkpt lat="32.276284" lon="77.316581"><ele>3736.9</ele></trkpt><trkpt lat="32.276278" lon="77.316635"><ele>3737.0</ele></trkpt><trkpt lat="32.276256" lon="77.316686"><ele>3736.9</ele></trkpt><trkpt lat="32.276241" lon="77.316740"><ele>3736.9</ele></trkpt><trkpt lat="32.276266" lon="77.316796"><ele>3737.5</ele></trkpt><trkpt lat="32.276302" lon="77.316833"><ele>3738.3</ele></trkpt><trkpt lat="32.276328" lon="77.316879"><ele>3739.0</ele></trkpt><trkpt lat="32.276362" lon="77.316958"><ele>3740.1</ele></trkpt><trkpt lat="32.276387" lon="77.317016"><ele>3740.8</ele></trkpt><trkpt lat="32.276410" lon="77.317072"><ele>3741.6</ele></trkpt><trkpt lat="32.276429" lon="77.317126"><ele>3742.2</ele></trkpt><trkpt lat="32.276464" lon="77.317171"><ele>3743.0</ele></trkpt><trkpt lat="32.276499" lon="77.317213"><ele>3743.8</ele></trkpt><trkpt lat="32.276538" lon="77.317259"><ele>3744.6</ele></trkpt><trkpt lat="32.276563" lon="77.317309"><ele>3745.2</ele></trkpt><trkpt lat="32.276594" lon="77.317356"><ele>3745.8</ele></trkpt><trkpt lat="32.276622" lon="77.317400"><ele>3746.2</ele></trkpt><trkpt lat="32.276655" lon="77.317444"><ele>3746.7</ele></trkpt><trkpt lat="32.276701" lon="77.317451"><ele>3747.2</ele></trkpt><trkpt lat="32.276743" lon="77.317495"><ele>3747.8</ele></trkpt><trkpt lat="32.276776" lon="77.317540"><ele>3748.5</ele></trkpt><trkpt lat="32.276799" lon="77.317587"><ele>3748.9</ele></trkpt><trkpt lat="32.276839" lon="77.317620"><ele>3749.5</ele></trkpt><trkpt lat="32.276878" lon="77.317650"><ele>3750.0</ele></trkpt><trkpt lat="32.276864" lon="77.317703"><ele>3749.7</ele></trkpt><trkpt lat="32.276938" lon="77.317759"><ele>3750.4</ele></trkpt><trkpt lat="32.277012" lon="77.317814"><ele>3751.8</ele></trkpt><trkpt lat="32.277085" lon="77.317870"><ele>3753.8</ele></trkpt><trkpt lat="32.277159" lon="77.317926"><ele>3755.9</ele></trkpt><trkpt lat="32.277145" lon="77.317983"><ele>3755.2</ele></trkpt><trkpt lat="32.277139" lon="77.318046"><ele>3755.0</ele></trkpt><trkpt lat="32.277117" lon="77.318109"><ele>3754.4</ele></trkpt><trkpt lat="32.277068" lon="77.318097"><ele>3752.7</ele></trkpt><trkpt lat="32.277022" lon="77.318104"><ele>3751.1</ele></trkpt><trkpt lat="32.276970" lon="77.318109"><ele>3749.3</ele></trkpt><trkpt lat="32.276930" lon="77.318134"><ele>3748.3</ele></trkpt><trkpt lat="32.276921" lon="77.318198"><ele>3747.8</ele></trkpt><trkpt lat="32.276894" lon="77.318242"><ele>3746.9</ele></trkpt><trkpt lat="32.276895" lon="77.318300"><ele>3746.6</ele></trkpt><trkpt lat="32.276907" lon="77.318357"><ele>3746.9</ele></trkpt><trkpt lat="32.276920" lon="77.318410"><ele>3747.3</ele></trkpt><trkpt lat="32.276904" lon="77.318464"><ele>3746.9</ele></trkpt><trkpt lat="32.276871" lon="77.318516"><ele>3745.7</ele></trkpt><trkpt lat="32.276845" lon="77.318570"><ele>3744.6</ele></trkpt><trkpt lat="32.276827" lon="77.318621"><ele>3744.0</ele></trkpt><trkpt lat="32.276799" lon="77.318675"><ele>3743.6</ele></trkpt><trkpt lat="32.276765" lon="77.318721"><ele>3743.0</ele></trkpt><trkpt lat="32.276749" lon="77.318782"><ele>3743.4</ele></trkpt><trkpt lat="32.276740" lon="77.318849"><ele>3744.3</ele></trkpt><trkpt lat="32.276718" lon="77.318912"><ele>3744.5</ele></trkpt><trkpt lat="32.276702" lon="77.318969"><ele>3744.4</ele></trkpt><trkpt lat="32.276682" lon="77.319035"><ele>3744.3</ele></trkpt><trkpt lat="32.276667" lon="77.319096"><ele>3744.4</ele></trkpt><trkpt lat="32.276666" lon="77.319150"><ele>3744.8</ele></trkpt><trkpt lat="32.276658" lon="77.319213"><ele>3745.1</ele></trkpt><trkpt lat="32.276665" lon="77.319276"><ele>3745.4</ele></trkpt><trkpt lat="32.276654" lon="77.319331"><ele>3745.4</ele></trkpt><trkpt lat="32.276651" lon="77.319389"><ele>3745.6</ele></trkpt><trkpt lat="32.276657" lon="77.319446"><ele>3745.8</ele></trkpt><trkpt lat="32.276653" lon="77.319506"><ele>3747.2</ele></trkpt><trkpt lat="32.276611" lon="77.319575"><ele>3749.6</ele></trkpt><trkpt lat="32.276565" lon="77.319581"><ele>3749.0</ele></trkpt><trkpt lat="32.276513" lon="77.319579"><ele>3748.0</ele></trkpt><trkpt lat="32.276474" lon="77.319611"><ele>3748.1</ele></trkpt><trkpt lat="32.276436" lon="77.319646"><ele>3748.2</ele></trkpt><trkpt lat="32.276422" lon="77.319700"><ele>3749.2</ele></trkpt><trkpt lat="32.276392" lon="77.319751"><ele>3749.8</ele></trkpt><trkpt lat="32.276384" lon="77.319813"><ele>3750.3</ele></trkpt><trkpt lat="32.276353" lon="77.319860"><ele>3749.7</ele></trkpt><trkpt lat="32.276322" lon="77.319913"><ele>3748.8</ele></trkpt><trkpt lat="32.276285" lon="77.319965"><ele>3747.4</ele></trkpt><trkpt lat="32.276281" lon="77.320021"><ele>3747.1</ele></trkpt><trkpt lat="32.276240" lon="77.320043"><ele>3745.0</ele></trkpt><trkpt lat="32.276217" lon="77.320097"><ele>3743.7</ele></trkpt><trkpt lat="32.276190" lon="77.320143"><ele>3742.3</ele></trkpt><trkpt lat="32.276186" lon="77.320199"><ele>3742.0</ele></trkpt><trkpt lat="32.276161" lon="77.320246"><ele>3741.2</ele></trkpt><trkpt lat="32.276161" lon="77.320300"><ele>3741.2</ele></trkpt><trkpt lat="32.276157" lon="77.320360"><ele>3741.8</ele></trkpt><trkpt lat="32.276169" lon="77.320417"><ele>3744.8</ele></trkpt><trkpt lat="32.276128" lon="77.320441"><ele>3744.9</ele></trkpt><trkpt lat="32.276095" lon="77.320480"><ele>3745.9</ele></trkpt><trkpt lat="32.276100" lon="77.320536"><ele>3748.7</ele></trkpt><trkpt lat="32.276093" lon="77.320591"><ele>3751.1</ele></trkpt><trkpt lat="32.276061" lon="77.320631"><ele>3752.1</ele></trkpt><trkpt lat="32.276016" lon="77.320645"><ele>3751.5</ele></trkpt><trkpt lat="32.275999" lon="77.320698"><ele>3754.0</ele></trkpt><trkpt lat="32.275962" lon="77.320736"><ele>3754.7</ele></trkpt><trkpt lat="32.275925" lon="77.320768"><ele>3754.8</ele></trkpt><trkpt lat="32.275879" lon="77.320768"><ele>3753.9</ele></trkpt><trkpt lat="32.275839" lon="77.320742"><ele>3752.1</ele></trkpt><trkpt lat="32.275786" lon="77.320751"><ele>3751.4</ele></trkpt><trkpt lat="32.275740" lon="77.320763"><ele>3750.8</ele></trkpt><trkpt lat="32.275698" lon="77.320783"><ele>3750.3</ele></trkpt><trkpt lat="32.275669" lon="77.320825"><ele>3750.2</ele></trkpt><trkpt lat="32.275638" lon="77.320876"><ele>3750.2</ele></trkpt><trkpt lat="32.275594" lon="77.320902"><ele>3749.5</ele></trkpt><trkpt lat="32.275551" lon="77.320932"><ele>3748.8</ele></trkpt><trkpt lat="32.275528" lon="77.320978"><ele>3749.1</ele></trkpt><trkpt lat="32.275483" lon="77.320970"><ele>3747.6</ele></trkpt><trkpt lat="32.275442" lon="77.320930"><ele>3745.8</ele></trkpt><trkpt lat="32.275460" lon="77.321012"><ele>3747.6</ele></trkpt><trkpt lat="32.275437" lon="77.321060"><ele>3747.5</ele></trkpt><trkpt lat="32.275405" lon="77.321109"><ele>3747.1</ele></trkpt><trkpt lat="32.275379" lon="77.321162"><ele>3747.1</ele></trkpt><trkpt lat="32.275389" lon="77.321221"><ele>3748.1</ele></trkpt><trkpt lat="32.275382" lon="77.321274"><ele>3748.6</ele></trkpt><trkpt lat="32.275384" lon="77.321328"><ele>3749.3</ele></trkpt><trkpt lat="32.275373" lon="77.321389"><ele>3749.7</ele></trkpt><trkpt lat="32.275357" lon="77.321440"><ele>3749.9</ele></trkpt><trkpt lat="32.275331" lon="77.321485"><ele>3749.6</ele></trkpt><trkpt lat="32.275308" lon="77.321539"><ele>3749.2</ele></trkpt><trkpt lat="32.275284" lon="77.321592"><ele>3748.6</ele></trkpt><trkpt lat="32.275307" lon="77.321643"><ele>3749.5</ele></trkpt><trkpt lat="32.275323" lon="77.321703"><ele>3750.2</ele></trkpt><trkpt lat="32.275337" lon="77.321756"><ele>3750.9</ele></trkpt><trkpt lat="32.275316" lon="77.321810"><ele>3750.6</ele></trkpt><trkpt lat="32.275292" lon="77.321888"><ele>3751.1</ele></trkpt><trkpt lat="32.275261" lon="77.321934"><ele>3750.8</ele></trkpt><trkpt lat="32.275239" lon="77.321986"><ele>3750.8</ele></trkpt><trkpt lat="32.275234" lon="77.322044"><ele>3751.5</ele></trkpt><trkpt lat="32.275235" lon="77.322100"><ele>3752.4</ele></trkpt><trkpt lat="32.275239" lon="77.322155"><ele>3753.3</ele></trkpt><trkpt lat="32.275216" lon="77.322204"><ele>3753.0</ele></trkpt><trkpt lat="32.275183" lon="77.322258"><ele>3752.3</ele></trkpt><trkpt lat="32.275158" lon="77.322322"><ele>3752.0</ele></trkpt><trkpt lat="32.275158" lon="77.322381"><ele>3752.6</ele></trkpt><trkpt lat="32.275140" lon="77.322434"><ele>3752.6</ele></trkpt><trkpt lat="32.275121" lon="77.322485"><ele>3752.9</ele></trkpt><trkpt lat="32.275090" lon="77.322537"><ele>3753.1</ele></trkpt><trkpt lat="32.275061" lon="77.322580"><ele>3753.2</ele></trkpt><trkpt lat="32.275029" lon="77.322630"><ele>3753.4</ele></trkpt><trkpt lat="32.275034" lon="77.322689"><ele>3754.3</ele></trkpt><trkpt lat="32.275023" lon="77.322743"><ele>3755.2</ele></trkpt><trkpt lat="32.275016" lon="77.322806"><ele>3756.4</ele></trkpt><trkpt lat="32.275003" lon="77.322857"><ele>3757.1</ele></trkpt><trkpt lat="32.274999" lon="77.322918"><ele>3758.2</ele></trkpt><trkpt lat="32.275000" lon="77.322975"><ele>3759.4</ele></trkpt><trkpt lat="32.274952" lon="77.322998"><ele>3758.5</ele></trkpt><trkpt lat="32.274919" lon="77.323073"><ele>3758.7</ele></trkpt><trkpt lat="32.274922" lon="77.323139"><ele>3760.1</ele></trkpt><trkpt lat="32.274878" lon="77.323167"><ele>3758.5</ele></trkpt><trkpt lat="32.274838" lon="77.323199"><ele>3757.9</ele></trkpt><trkpt lat="32.274831" lon="77.323144"><ele>3757.2</ele></trkpt><trkpt lat="32.274842" lon="77.323209"><ele>3758.2</ele></trkpt><trkpt lat="32.274831" lon="77.323156"><ele>3757.3</ele></trkpt><trkpt lat="32.274807" lon="77.323213"><ele>3757.3</ele></trkpt><trkpt lat="32.274785" lon="77.323267"><ele>3757.5</ele></trkpt><trkpt lat="32.274786" lon="77.323327"><ele>3759.2</ele></trkpt><trkpt lat="32.274767" lon="77.323379"><ele>3760.0</ele></trkpt><trkpt lat="32.274745" lon="77.323430"><ele>3760.4</ele></trkpt><trkpt lat="32.274730" lon="77.323497"><ele>3761.4</ele></trkpt><trkpt lat="32.274767" lon="77.323540"><ele>3764.3</ele></trkpt><trkpt lat="32.274732" lon="77.323574"><ele>3764.5</ele></trkpt><trkpt lat="32.274699" lon="77.323612"><ele>3764.8</ele></trkpt><trkpt lat="32.274648" lon="77.323630"><ele>3762.8</ele></trkpt><trkpt lat="32.274602" lon="77.323636"><ele>3761.1</ele></trkpt><trkpt lat="32.274566" lon="77.323673"><ele>3761.9</ele></trkpt><trkpt lat="32.274548" lon="77.323724"><ele>3763.3</ele></trkpt><trkpt lat="32.274517" lon="77.323767"><ele>3763.7</ele></trkpt><trkpt lat="32.274490" lon="77.323814"><ele>3764.0</ele></trkpt><trkpt lat="32.274472" lon="77.323875"><ele>3764.1</ele></trkpt><trkpt lat="32.274480" lon="77.323936"><ele>3765.3</ele></trkpt><trkpt lat="32.274471" lon="77.323994"><ele>3765.5</ele></trkpt><trkpt lat="32.274444" lon="77.324054"><ele>3764.5</ele></trkpt><trkpt lat="32.274409" lon="77.324089"><ele>3762.7</ele></trkpt><trkpt lat="32.274370" lon="77.324124"><ele>3760.6</ele></trkpt><trkpt lat="32.274328" lon="77.324169"><ele>3760.9</ele></trkpt><trkpt lat="32.274295" lon="77.324210"><ele>3761.3</ele></trkpt><trkpt lat="32.274262" lon="77.324253"><ele>3761.7</ele></trkpt><trkpt lat="32.274236" lon="77.324307"><ele>3762.2</ele></trkpt><trkpt lat="32.274198" lon="77.324349"><ele>3762.3</ele></trkpt><trkpt lat="32.274158" lon="77.324388"><ele>3762.1</ele></trkpt><trkpt lat="32.274113" lon="77.324421"><ele>3761.5</ele></trkpt><trkpt lat="32.274067" lon="77.324449"><ele>3762.0</ele></trkpt><trkpt lat="32.274024" lon="77.324478"><ele>3762.3</ele></trkpt><trkpt lat="32.273991" lon="77.324526"><ele>3762.4</ele></trkpt><trkpt lat="32.273951" lon="77.324569"><ele>3762.3</ele></trkpt><trkpt lat="32.273910" lon="77.324595"><ele>3762.1</ele></trkpt><trkpt lat="32.273872" lon="77.324627"><ele>3761.8</ele></trkpt><trkpt lat="32.273848" lon="77.324674"><ele>3761.3</ele></trkpt><trkpt lat="32.273826" lon="77.324722"><ele>3762.4</ele></trkpt><trkpt lat="32.273787" lon="77.324766"><ele>3764.3</ele></trkpt><trkpt lat="32.273746" lon="77.324790"><ele>3765.2</ele></trkpt><trkpt lat="32.273697" lon="77.324815"><ele>3765.9</ele></trkpt><trkpt lat="32.273660" lon="77.324866"><ele>3767.3</ele></trkpt><trkpt lat="32.273613" lon="77.324897"><ele>3767.6</ele></trkpt><trkpt lat="32.273563" lon="77.324908"><ele>3769.1</ele></trkpt><trkpt lat="32.273509" lon="77.324910"><ele>3770.9</ele></trkpt><trkpt lat="32.273440" lon="77.324921"><ele>3773.6</ele></trkpt><trkpt lat="32.273396" lon="77.324898"><ele>3774.5</ele></trkpt><trkpt lat="32.273374" lon="77.324947"><ele>3776.6</ele></trkpt><trkpt lat="32.273348" lon="77.325000"><ele>3778.4</ele></trkpt><trkpt lat="32.273314" lon="77.325053"><ele>3779.6</ele></trkpt><trkpt lat="32.273272" lon="77.325096"><ele>3781.1</ele></trkpt><trkpt lat="32.273246" lon="77.325145"><ele>3782.1</ele></trkpt><trkpt lat="32.273210" lon="77.325179"><ele>3783.3</ele></trkpt><trkpt lat="32.273142" lon="77.325142"><ele>3785.4</ele></trkpt><trkpt lat="32.273187" lon="77.325108"><ele>3783.9</ele></trkpt><trkpt lat="32.273140" lon="77.325134"><ele>3785.5</ele></trkpt><trkpt lat="32.273156" lon="77.325188"><ele>3785.1</ele></trkpt><trkpt lat="32.273141" lon="77.325244"><ele>3785.7</ele></trkpt><trkpt lat="32.273117" lon="77.325296"><ele>3786.7</ele></trkpt><trkpt lat="32.273083" lon="77.325345"><ele>3787.6</ele></trkpt><trkpt lat="32.273045" lon="77.325381"><ele>3788.4</ele></trkpt><trkpt lat="32.272973" lon="77.325385"><ele>3789.6</ele></trkpt><trkpt lat="32.272913" lon="77.325362"><ele>3790.5</ele></trkpt><trkpt lat="32.272876" lon="77.325328"><ele>3791.1</ele></trkpt><trkpt lat="32.272835" lon="77.325365"><ele>3791.9</ele></trkpt><trkpt lat="32.272792" lon="77.325394"><ele>3792.8</ele></trkpt><trkpt lat="32.272763" lon="77.325436"><ele>3793.6</ele></trkpt><trkpt lat="32.272722" lon="77.325468"><ele>3794.6</ele></trkpt><trkpt lat="32.272676" lon="77.325487"><ele>3795.8</ele></trkpt><trkpt lat="32.272650" lon="77.325533"><ele>3796.7</ele></trkpt><trkpt lat="32.272596" lon="77.325544"><ele>3798.1</ele></trkpt><trkpt lat="32.272553" lon="77.325568"><ele>3799.8</ele></trkpt><trkpt lat="32.272536" lon="77.325621"><ele>3801.3</ele></trkpt><trkpt lat="32.272521" lon="77.325678"><ele>3802.7</ele></trkpt><trkpt lat="32.272483" lon="77.325716"><ele>3804.5</ele></trkpt><trkpt lat="32.272447" lon="77.325761"><ele>3806.2</ele></trkpt><trkpt lat="32.272393" lon="77.325769"><ele>3807.8</ele></trkpt><trkpt lat="32.272349" lon="77.325794"><ele>3809.3</ele></trkpt><trkpt lat="32.272317" lon="77.325831"><ele>3810.8</ele></trkpt><trkpt lat="32.272284" lon="77.325868"><ele>3813.1</ele></trkpt><trkpt lat="32.272235" lon="77.325939"><ele>3816.9</ele></trkpt><trkpt lat="32.272182" lon="77.325966"><ele>3819.4</ele></trkpt><trkpt lat="32.272166" lon="77.326021"><ele>3821.5</ele></trkpt><trkpt lat="32.272170" lon="77.326076"><ele>3823.1</ele></trkpt><trkpt lat="32.272137" lon="77.326124"><ele>3825.5</ele></trkpt><trkpt lat="32.272162" lon="77.326174"><ele>3826.7</ele></trkpt><trkpt lat="32.272108" lon="77.326201"><ele>3829.4</ele></trkpt><trkpt lat="32.272057" lon="77.326250"><ele>3832.7</ele></trkpt><trkpt lat="32.272083" lon="77.326303"><ele>3834.1</ele></trkpt><trkpt lat="32.272100" lon="77.326356"><ele>3835.6</ele></trkpt><trkpt lat="32.272086" lon="77.326415"><ele>3838.2</ele></trkpt><trkpt lat="32.272086" lon="77.326474"><ele>3839.1</ele></trkpt><trkpt lat="32.272079" lon="77.326528"><ele>3840.2</ele></trkpt><trkpt lat="32.272022" lon="77.326517"><ele>3841.5</ele></trkpt><trkpt lat="32.271981" lon="77.326543"><ele>3843.0</ele></trkpt><trkpt lat="32.271960" lon="77.326598"><ele>3844.5</ele></trkpt><trkpt lat="32.271947" lon="77.326658"><ele>3846.0</ele></trkpt><trkpt lat="32.271927" lon="77.326709"><ele>3847.5</ele></trkpt><trkpt lat="32.271934" lon="77.326763"><ele>3847.4</ele></trkpt><trkpt lat="32.271904" lon="77.326808"><ele>3848.4</ele></trkpt><trkpt lat="32.271921" lon="77.326858"><ele>3847.9</ele></trkpt><trkpt lat="32.271952" lon="77.326897"><ele>3846.9</ele></trkpt><trkpt lat="32.271931" lon="77.326949"><ele>3847.7</ele></trkpt><trkpt lat="32.271920" lon="77.327002"><ele>3848.0</ele></trkpt><trkpt lat="32.271897" lon="77.327054"><ele>3848.4</ele></trkpt><trkpt lat="32.271863" lon="77.327099"><ele>3849.2</ele></trkpt><trkpt lat="32.271856" lon="77.327155"><ele>3848.9</ele></trkpt><trkpt lat="32.271836" lon="77.327210"><ele>3849.1</ele></trkpt><trkpt lat="32.271806" lon="77.327256"><ele>3849.9</ele></trkpt><trkpt lat="32.271779" lon="77.327302"><ele>3851.4</ele></trkpt><trkpt lat="32.271783" lon="77.327362"><ele>3852.3</ele></trkpt><trkpt lat="32.271762" lon="77.327413"><ele>3854.4</ele></trkpt><trkpt lat="32.271715" lon="77.327405"><ele>3856.8</ele></trkpt><trkpt lat="32.271692" lon="77.327455"><ele>3858.9</ele></trkpt><trkpt lat="32.271674" lon="77.327511"><ele>3860.7</ele></trkpt><trkpt lat="32.271643" lon="77.327558"><ele>3862.9</ele></trkpt><trkpt lat="32.271596" lon="77.327570"><ele>3865.4</ele></trkpt><trkpt lat="32.271530" lon="77.327614"><ele>3868.7</ele></trkpt><trkpt lat="32.271496" lon="77.327658"><ele>3870.4</ele></trkpt><trkpt lat="32.271475" lon="77.327713"><ele>3871.7</ele></trkpt><trkpt lat="32.271462" lon="77.327775"><ele>3872.6</ele></trkpt><trkpt lat="32.271436" lon="77.327822"><ele>3874.2</ele></trkpt><trkpt lat="32.271439" lon="77.327878"><ele>3874.4</ele></trkpt><trkpt lat="32.271463" lon="77.327928"><ele>3873.7</ele></trkpt><trkpt lat="32.271496" lon="77.327973"><ele>3872.6</ele></trkpt><trkpt lat="32.271493" lon="77.328031"><ele>3873.3</ele></trkpt><trkpt lat="32.271451" lon="77.328082"><ele>3876.0</ele></trkpt><trkpt lat="32.271424" lon="77.328126"><ele>3877.8</ele></trkpt><trkpt lat="32.271372" lon="77.328129"><ele>3880.4</ele></trkpt><trkpt lat="32.271415" lon="77.328176"><ele>3878.9</ele></trkpt><trkpt lat="32.271446" lon="77.328217"><ele>3878.2</ele></trkpt><trkpt lat="32.271459" lon="77.328271"><ele>3878.7</ele></trkpt><trkpt lat="32.271456" lon="77.328328"><ele>3880.1</ele></trkpt><trkpt lat="32.271414" lon="77.328354"><ele>3882.3</ele></trkpt><trkpt lat="32.271385" lon="77.328413"><ele>3884.5</ele></trkpt><trkpt lat="32.271353" lon="77.328458"><ele>3886.3</ele></trkpt><trkpt lat="32.271265" lon="77.328440"><ele>3889.0</ele></trkpt><trkpt lat="32.271253" lon="77.328491"><ele>3889.8</ele></trkpt><trkpt lat="32.271221" lon="77.328530"><ele>3891.0</ele></trkpt><trkpt lat="32.271214" lon="77.328590"><ele>3891.7</ele></trkpt><trkpt lat="32.271243" lon="77.328631"><ele>3891.3</ele></trkpt><trkpt lat="32.271224" lon="77.328684"><ele>3892.3</ele></trkpt><trkpt lat="32.271218" lon="77.328738"><ele>3893.0</ele></trkpt><trkpt lat="32.271194" lon="77.328805"><ele>3894.5</ele></trkpt><trkpt lat="32.271106" lon="77.328794"><ele>3896.9</ele></trkpt><trkpt lat="32.271078" lon="77.328837"><ele>3898.2</ele></trkpt><trkpt lat="32.271073" lon="77.328893"><ele>3899.2</ele></trkpt><trkpt lat="32.271026" lon="77.328932"><ele>3901.1</ele></trkpt><trkpt lat="32.271027" lon="77.328989"><ele>3901.8</ele></trkpt><trkpt lat="32.270980" lon="77.329011"><ele>3903.8</ele></trkpt><trkpt lat="32.270972" lon="77.329072"><ele>3905.1</ele></trkpt><trkpt lat="32.270997" lon="77.329125"><ele>3905.1</ele></trkpt><trkpt lat="32.271007" lon="77.329184"><ele>3905.8</ele></trkpt><trkpt lat="32.271010" lon="77.329240"><ele>3906.6</ele></trkpt><trkpt lat="32.270956" lon="77.329279"><ele>3909.2</ele></trkpt><trkpt lat="32.270960" lon="77.329334"><ele>3910.0</ele></trkpt><trkpt lat="32.270894" lon="77.329361"><ele>3912.7</ele></trkpt><trkpt lat="32.270849" lon="77.329379"><ele>3914.6</ele></trkpt><trkpt lat="32.270804" lon="77.329396"><ele>3916.5</ele></trkpt><trkpt lat="32.270799" lon="77.329450"><ele>3917.5</ele></trkpt><trkpt lat="32.270840" lon="77.329485"><ele>3916.5</ele></trkpt><trkpt lat="32.270901" lon="77.329516"><ele>3914.7</ele></trkpt><trkpt lat="32.270914" lon="77.329573"><ele>3915.0</ele></trkpt><trkpt lat="32.270898" lon="77.329625"><ele>3916.4</ele></trkpt><trkpt lat="32.270886" lon="77.329679"><ele>3918.1</ele></trkpt><trkpt lat="32.270908" lon="77.329726"><ele>3918.6</ele></trkpt><trkpt lat="32.270902" lon="77.329780"><ele>3920.1</ele></trkpt><trkpt lat="32.270895" lon="77.329834"><ele>3921.5</ele></trkpt><trkpt lat="32.270908" lon="77.329891"><ele>3922.7</ele></trkpt><trkpt lat="32.270941" lon="77.329935"><ele>3923.4</ele></trkpt><trkpt lat="32.270972" lon="77.329977"><ele>3924.3</ele></trkpt><trkpt lat="32.270992" lon="77.330025"><ele>3925.6</ele></trkpt><trkpt lat="32.270979" lon="77.330080"><ele>3927.5</ele></trkpt><trkpt lat="32.270996" lon="77.330131"><ele>3929.0</ele></trkpt><trkpt lat="32.271022" lon="77.330183"><ele>3930.5</ele></trkpt><trkpt lat="32.271051" lon="77.330231"><ele>3930.9</ele></trkpt><trkpt lat="32.271071" lon="77.330283"><ele>3930.9</ele></trkpt><trkpt lat="32.271098" lon="77.330327"><ele>3930.7</ele></trkpt><trkpt lat="32.271132" lon="77.330365"><ele>3930.3</ele></trkpt><trkpt lat="32.271138" lon="77.330422"><ele>3930.5</ele></trkpt><trkpt lat="32.271110" lon="77.330480"><ele>3931.2</ele></trkpt><trkpt lat="32.271080" lon="77.330523"><ele>3932.1</ele></trkpt><trkpt lat="32.271108" lon="77.330570"><ele>3932.1</ele></trkpt><trkpt lat="32.271125" lon="77.330621"><ele>3932.3</ele></trkpt><trkpt lat="32.271150" lon="77.330666"><ele>3932.3</ele></trkpt><trkpt lat="32.271150" lon="77.330720"><ele>3932.8</ele></trkpt><trkpt lat="32.271170" lon="77.330773"><ele>3932.9</ele></trkpt><trkpt lat="32.271183" lon="77.330826"><ele>3932.9</ele></trkpt><trkpt lat="32.271189" lon="77.330891"><ele>3932.9</ele></trkpt><trkpt lat="32.271173" lon="77.330943"><ele>3933.3</ele></trkpt><trkpt lat="32.271148" lon="77.330987"><ele>3933.8</ele></trkpt><trkpt lat="32.271136" lon="77.331042"><ele>3934.1</ele></trkpt><trkpt lat="32.271118" lon="77.331091"><ele>3934.5</ele></trkpt><trkpt lat="32.271095" lon="77.331144"><ele>3934.8</ele></trkpt><trkpt lat="32.271079" lon="77.331208"><ele>3934.9</ele></trkpt><trkpt lat="32.271061" lon="77.331258"><ele>3935.2</ele></trkpt><trkpt lat="32.271033" lon="77.331303"><ele>3935.7</ele></trkpt><trkpt lat="32.270988" lon="77.331339"><ele>3936.7</ele></trkpt><trkpt lat="32.270945" lon="77.331368"><ele>3937.3</ele></trkpt><trkpt lat="32.270903" lon="77.331404"><ele>3937.7</ele></trkpt><trkpt lat="32.270893" lon="77.331458"><ele>3937.3</ele></trkpt><trkpt lat="32.270854" lon="77.331493"><ele>3937.6</ele></trkpt><trkpt lat="32.270853" lon="77.331436"><ele>3938.1</ele></trkpt><trkpt lat="32.270908" lon="77.331427"><ele>3937.4</ele></trkpt><trkpt lat="32.270866" lon="77.331452"><ele>3937.8</ele></trkpt><trkpt lat="32.270811" lon="77.331458"><ele>3938.6</ele></trkpt><trkpt lat="32.270790" lon="77.331405"><ele>3939.4</ele></trkpt><trkpt lat="32.270791" lon="77.331463"><ele>3938.9</ele></trkpt><trkpt lat="32.270804" lon="77.331520"><ele>3938.2</ele></trkpt><trkpt lat="32.270802" lon="77.331586"><ele>3937.7</ele></trkpt><trkpt lat="32.270795" lon="77.331642"><ele>3937.4</ele></trkpt><trkpt lat="32.270782" lon="77.331695"><ele>3937.1</ele></trkpt><trkpt lat="32.270773" lon="77.331749"><ele>3936.4</ele></trkpt><trkpt lat="32.270759" lon="77.331800"><ele>3936.0</ele></trkpt><trkpt lat="32.270743" lon="77.331851"><ele>3935.5</ele></trkpt><trkpt lat="32.270710" lon="77.331897"><ele>3935.4</ele></trkpt><trkpt lat="32.270664" lon="77.331934"><ele>3935.6</ele></trkpt><trkpt lat="32.270622" lon="77.331963"><ele>3935.9</ele></trkpt><trkpt lat="32.270590" lon="77.332001"><ele>3936.3</ele></trkpt><trkpt lat="32.270574" lon="77.332053"><ele>3936.5</ele></trkpt><trkpt lat="32.270571" lon="77.332121"><ele>3936.4</ele></trkpt><trkpt lat="32.270546" lon="77.332182"><ele>3936.7</ele></trkpt><trkpt lat="32.270529" lon="77.332234"><ele>3936.9</ele></trkpt><trkpt lat="32.270540" lon="77.332297"><ele>3936.7</ele></trkpt><trkpt lat="32.270558" lon="77.332349"><ele>3936.3</ele></trkpt><trkpt lat="32.270541" lon="77.332400"><ele>3936.5</ele></trkpt><trkpt lat="32.270516" lon="77.332446"><ele>3936.9</ele></trkpt><trkpt lat="32.270502" lon="77.332501"><ele>3937.0</ele></trkpt><trkpt lat="32.270501" lon="77.332557"><ele>3936.9</ele></trkpt><trkpt lat="32.270492" lon="77.332615"><ele>3936.9</ele></trkpt><trkpt lat="32.270449" lon="77.332646"><ele>3937.3</ele></trkpt><trkpt lat="32.270431" lon="77.332698"><ele>3937.4</ele></trkpt><trkpt lat="32.270398" lon="77.332746"><ele>3937.7</ele></trkpt><trkpt lat="32.270338" lon="77.332781"><ele>3938.4</ele></trkpt><trkpt lat="32.270299" lon="77.332828"><ele>3938.8</ele></trkpt><trkpt lat="32.270297" lon="77.332889"><ele>3938.7</ele></trkpt><trkpt lat="32.270304" lon="77.332944"><ele>3938.5</ele></trkpt><trkpt lat="32.270304" lon="77.333000"><ele>3938.4</ele></trkpt><trkpt lat="32.270301" lon="77.333054"><ele>3938.3</ele></trkpt><trkpt lat="32.270299" lon="77.333119"><ele>3938.2</ele></trkpt><trkpt lat="32.270275" lon="77.333167"><ele>3938.4</ele></trkpt><trkpt lat="32.270250" lon="77.333214"><ele>3938.7</ele></trkpt><trkpt lat="32.270243" lon="77.333274"><ele>3938.9</ele></trkpt><trkpt lat="32.270237" lon="77.333332"><ele>3939.0</ele></trkpt><trkpt lat="32.270229" lon="77.333385"><ele>3939.2</ele></trkpt><trkpt lat="32.270221" lon="77.333452"><ele>3939.7</ele></trkpt><trkpt lat="32.270206" lon="77.333502"><ele>3940.3</ele></trkpt><trkpt lat="32.270185" lon="77.333561"><ele>3941.2</ele></trkpt><trkpt lat="32.270161" lon="77.333612"><ele>3942.3</ele></trkpt><trkpt lat="32.270115" lon="77.333645"><ele>3943.6</ele></trkpt><trkpt lat="32.270078" lon="77.333682"><ele>3944.8</ele></trkpt><trkpt lat="32.270074" lon="77.333737"><ele>3945.6</ele></trkpt><trkpt lat="32.270063" lon="77.333798"><ele>3946.7</ele></trkpt><trkpt lat="32.270050" lon="77.333850"><ele>3947.5</ele></trkpt><trkpt lat="32.270028" lon="77.333898"><ele>3948.3</ele></trkpt><trkpt lat="32.270013" lon="77.333958"><ele>3949.0</ele></trkpt><trkpt lat="32.270008" lon="77.334012"><ele>3949.5</ele></trkpt><trkpt lat="32.270021" lon="77.334071"><ele>3950.4</ele></trkpt><trkpt lat="32.270014" lon="77.334132"><ele>3951.1</ele></trkpt><trkpt lat="32.269996" lon="77.334187"><ele>3951.5</ele></trkpt><trkpt lat="32.269971" lon="77.334233"><ele>3951.4</ele></trkpt><trkpt lat="32.269968" lon="77.334295"><ele>3951.9</ele></trkpt><trkpt lat="32.269965" lon="77.334351"><ele>3953.0</ele></trkpt><trkpt lat="32.269960" lon="77.334413"><ele>3954.1</ele></trkpt><trkpt lat="32.269939" lon="77.334467"><ele>3954.4</ele></trkpt><trkpt lat="32.269916" lon="77.334518"><ele>3954.8</ele></trkpt><trkpt lat="32.269900" lon="77.334575"><ele>3955.5</ele></trkpt><trkpt lat="32.269875" lon="77.334626"><ele>3956.2</ele></trkpt><trkpt lat="32.269852" lon="77.334674"><ele>3956.7</ele></trkpt><trkpt lat="32.269836" lon="77.334729"><ele>3957.4</ele></trkpt><trkpt lat="32.269824" lon="77.334782"><ele>3958.1</ele></trkpt><trkpt lat="32.269802" lon="77.334829"><ele>3958.1</ele></trkpt><trkpt lat="32.269789" lon="77.334884"><ele>3958.6</ele></trkpt><trkpt lat="32.269820" lon="77.334928"><ele>3961.2</ele></trkpt><trkpt lat="32.269869" lon="77.334916"><ele>3963.0</ele></trkpt><trkpt lat="32.269915" lon="77.334926"><ele>3965.3</ele></trkpt><trkpt lat="32.269959" lon="77.334947"><ele>3968.7</ele></trkpt><trkpt lat="32.269985" lon="77.334993"><ele>3971.8</ele></trkpt><trkpt lat="32.269992" lon="77.335051"><ele>3974.0</ele></trkpt><trkpt lat="32.270002" lon="77.335104"><ele>3976.3</ele></trkpt><trkpt lat="32.270034" lon="77.335144"><ele>3979.8</ele></trkpt><trkpt lat="32.270075" lon="77.335110"><ele>3981.6</ele></trkpt><trkpt lat="32.270100" lon="77.335063"><ele>3981.8</ele></trkpt><trkpt lat="32.270133" lon="77.335016"><ele>3982.5</ele></trkpt><trkpt lat="32.270169" lon="77.334973"><ele>3983.5</ele></trkpt><trkpt lat="32.270208" lon="77.334936"><ele>3984.2</ele></trkpt><trkpt lat="32.270235" lon="77.334892"><ele>3984.0</ele></trkpt><trkpt lat="32.270263" lon="77.334846"><ele>3983.5</ele></trkpt><trkpt lat="32.270281" lon="77.334791"><ele>3982.2</ele></trkpt><trkpt lat="32.270312" lon="77.334745"><ele>3981.8</ele></trkpt><trkpt lat="32.270326" lon="77.334688"><ele>3980.2</ele></trkpt><trkpt lat="32.270353" lon="77.334641"><ele>3979.7</ele></trkpt><trkpt lat="32.270390" lon="77.334607"><ele>3980.2</ele></trkpt><trkpt lat="32.270443" lon="77.334611"><ele>3982.6</ele></trkpt><trkpt lat="32.270489" lon="77.334599"><ele>3983.3</ele></trkpt><trkpt lat="32.270527" lon="77.334557"><ele>3982.9</ele></trkpt><trkpt lat="32.270562" lon="77.334522"><ele>3982.8</ele></trkpt><trkpt lat="32.270598" lon="77.334554"><ele>3984.8</ele></trkpt><trkpt lat="32.270634" lon="77.334586"><ele>3986.7</ele></trkpt><trkpt lat="32.270649" lon="77.334641"><ele>3988.7</ele></trkpt><trkpt lat="32.270650" lon="77.334700"><ele>3990.5</ele></trkpt><trkpt lat="32.270679" lon="77.334744"><ele>3992.4</ele></trkpt><trkpt lat="32.270715" lon="77.334790"><ele>3993.7</ele></trkpt><trkpt lat="32.270777" lon="77.334840"><ele>3994.9</ele></trkpt><trkpt lat="32.270779" lon="77.334895"><ele>3996.1</ele></trkpt><trkpt lat="32.270784" lon="77.334952"><ele>3997.6</ele></trkpt><trkpt lat="32.270799" lon="77.335009"><ele>3999.1</ele></trkpt><trkpt lat="32.270804" lon="77.335068"><ele>4000.7</ele></trkpt><trkpt lat="32.270791" lon="77.335121"><ele>4002.3</ele></trkpt><trkpt lat="32.270743" lon="77.335099"><ele>4002.0</ele></trkpt><trkpt lat="32.270731" lon="77.335151"><ele>4003.6</ele></trkpt><trkpt lat="32.270744" lon="77.335217"><ele>4005.4</ele></trkpt><trkpt lat="32.270697" lon="77.335195"><ele>4005.1</ele></trkpt><trkpt lat="32.270653" lon="77.335167"><ele>4004.3</ele></trkpt><trkpt lat="32.270702" lon="77.335177"><ele>4004.5</ele></trkpt><trkpt lat="32.270717" lon="77.335237"><ele>4006.1</ele></trkpt><trkpt lat="32.270723" lon="77.335299"><ele>4007.9</ele></trkpt><trkpt lat="32.270737" lon="77.335352"><ele>4009.4</ele></trkpt><trkpt lat="32.270730" lon="77.335412"><ele>4011.2</ele></trkpt><trkpt lat="32.270756" lon="77.335462"><ele>4012.6</ele></trkpt><trkpt lat="32.270790" lon="77.335499"><ele>4013.6</ele></trkpt><trkpt lat="32.270759" lon="77.335556"><ele>4015.3</ele></trkpt><trkpt lat="32.270736" lon="77.335506"><ele>4013.9</ele></trkpt><trkpt lat="32.270754" lon="77.335575"><ele>4015.8</ele></trkpt><trkpt lat="32.270798" lon="77.335603"><ele>4016.4</ele></trkpt><trkpt lat="32.270792" lon="77.335658"><ele>4017.9</ele></trkpt><trkpt lat="32.270775" lon="77.335748"><ele>4020.5</ele></trkpt><trkpt lat="32.270787" lon="77.335804"><ele>4021.6</ele></trkpt><trkpt lat="32.270799" lon="77.335858"><ele>4022.4</ele></trkpt><trkpt lat="32.270799" lon="77.335923"><ele>4023.4</ele></trkpt><trkpt lat="32.270801" lon="77.335977"><ele>4024.2</ele></trkpt><trkpt lat="32.270808" lon="77.336031"><ele>4024.9</ele></trkpt><trkpt lat="32.270772" lon="77.336069"><ele>4026.1</ele></trkpt><trkpt lat="32.270750" lon="77.336119"><ele>4027.6</ele></trkpt><trkpt lat="32.270765" lon="77.336170"><ele>4028.3</ele></trkpt><trkpt lat="32.270798" lon="77.336209"><ele>4028.2</ele></trkpt><trkpt lat="32.270813" lon="77.336262"><ele>4028.7</ele></trkpt><trkpt lat="32.270817" lon="77.336317"><ele>4029.4</ele></trkpt><trkpt lat="32.270799" lon="77.336369"><ele>4030.9</ele></trkpt><trkpt lat="32.270810" lon="77.336448"><ele>4031.5</ele></trkpt><trkpt lat="32.270843" lon="77.336513"><ele>4030.8</ele></trkpt><trkpt lat="32.270851" lon="77.336570"><ele>4030.9</ele></trkpt><trkpt lat="32.270841" lon="77.336630"><ele>4032.0</ele></trkpt><trkpt lat="32.270835" lon="77.336691"><ele>4033.0</ele></trkpt><trkpt lat="32.270857" lon="77.336741"><ele>4032.5</ele></trkpt><trkpt lat="32.270868" lon="77.336802"><ele>4032.8</ele></trkpt><trkpt lat="32.270864" lon="77.336859"><ele>4033.8</ele></trkpt><trkpt lat="32.270870" lon="77.336915"><ele>4034.3</ele></trkpt><trkpt lat="32.270850" lon="77.336971"><ele>4036.0</ele></trkpt><trkpt lat="32.270818" lon="77.337011"><ele>4038.2</ele></trkpt><trkpt lat="32.270828" lon="77.337068"><ele>4039.0</ele></trkpt><trkpt lat="32.270789" lon="77.337094"><ele>4040.9</ele></trkpt><trkpt lat="32.270774" lon="77.337147"><ele>4042.3</ele></trkpt><trkpt lat="32.270773" lon="77.337206"><ele>4043.3</ele></trkpt><trkpt lat="32.270686" lon="77.337206"><ele>4045.6</ele></trkpt><trkpt lat="32.270723" lon="77.337256"><ele>4045.5</ele></trkpt><trkpt lat="32.270726" lon="77.337311"><ele>4046.9</ele></trkpt><trkpt lat="32.270731" lon="77.337368"><ele>4048.3</ele></trkpt><trkpt lat="32.270737" lon="77.337424"><ele>4049.6</ele></trkpt><trkpt lat="32.270747" lon="77.337477"><ele>4050.6</ele></trkpt><trkpt lat="32.270737" lon="77.337535"><ele>4052.5</ele></trkpt><trkpt lat="32.270750" lon="77.337587"><ele>4053.1</ele></trkpt><trkpt lat="32.270713" lon="77.337622"><ele>4054.9</ele></trkpt><trkpt lat="32.270667" lon="77.337668"><ele>4056.9</ele></trkpt><trkpt lat="32.270672" lon="77.337731"><ele>4057.8</ele></trkpt><trkpt lat="32.270670" lon="77.337789"><ele>4058.7</ele></trkpt><trkpt lat="32.270663" lon="77.337848"><ele>4060.0</ele></trkpt><trkpt lat="32.270656" lon="77.337905"><ele>4061.8</ele></trkpt><trkpt lat="32.270655" lon="77.337965"><ele>4063.6</ele></trkpt><trkpt lat="32.270658" lon="77.338020"><ele>4065.3</ele></trkpt><trkpt lat="32.270675" lon="77.338078"><ele>4067.3</ele></trkpt><trkpt lat="32.270651" lon="77.338134"><ele>4068.9</ele></trkpt><trkpt lat="32.270634" lon="77.338185"><ele>4070.8</ele></trkpt><trkpt lat="32.270563" lon="77.338232"><ele>4072.4</ele></trkpt><trkpt lat="32.270517" lon="77.338217"><ele>4072.0</ele></trkpt><trkpt lat="32.270472" lon="77.338203"><ele>4071.8</ele></trkpt><trkpt lat="32.270459" lon="77.338255"><ele>4073.2</ele></trkpt><trkpt lat="32.270462" lon="77.338310"><ele>4074.7</ele></trkpt><trkpt lat="32.270472" lon="77.338363"><ele>4076.2</ele></trkpt><trkpt lat="32.270462" lon="77.338418"><ele>4077.5</ele></trkpt><trkpt lat="32.270411" lon="77.338432"><ele>4076.7</ele></trkpt><trkpt lat="32.270391" lon="77.338496"><ele>4076.7</ele></trkpt><trkpt lat="32.270366" lon="77.338547"><ele>4076.4</ele></trkpt><trkpt lat="32.270370" lon="77.338600"><ele>4076.8</ele></trkpt><trkpt lat="32.270377" lon="77.338665"><ele>4077.4</ele></trkpt><trkpt lat="32.270396" lon="77.338716"><ele>4078.2</ele></trkpt><trkpt lat="32.270393" lon="77.338772"><ele>4077.3</ele></trkpt><trkpt lat="32.270384" lon="77.338828"><ele>4076.1</ele></trkpt><trkpt lat="32.270377" lon="77.338883"><ele>4075.0</ele></trkpt><trkpt lat="32.270375" lon="77.338937"><ele>4074.2</ele></trkpt><trkpt lat="32.270362" lon="77.338993"><ele>4072.9</ele></trkpt><trkpt lat="32.270277" lon="77.338968"><ele>4074.7</ele></trkpt><trkpt lat="32.270257" lon="77.339018"><ele>4074.9</ele></trkpt><trkpt lat="32.270237" lon="77.339066"><ele>4075.3</ele></trkpt><trkpt lat="32.270208" lon="77.339117"><ele>4076.0</ele></trkpt><trkpt lat="32.270179" lon="77.339167"><ele>4076.6</ele></trkpt><trkpt lat="32.270153" lon="77.339222"><ele>4077.0</ele></trkpt><trkpt lat="32.270098" lon="77.339247"><ele>4078.2</ele></trkpt><trkpt lat="32.270064" lon="77.339287"><ele>4079.7</ele></trkpt><trkpt lat="32.270039" lon="77.339333"><ele>4081.6</ele></trkpt><trkpt lat="32.270003" lon="77.339408"><ele>4083.8</ele></trkpt><trkpt lat="32.270015" lon="77.339482"><ele>4084.0</ele></trkpt><trkpt lat="32.269988" lon="77.339529"><ele>4085.1</ele></trkpt><trkpt lat="32.269978" lon="77.339584"><ele>4085.9</ele></trkpt><trkpt lat="32.269956" lon="77.339630"><ele>4088.2</ele></trkpt><trkpt lat="32.269921" lon="77.339666"><ele>4089.9</ele></trkpt><trkpt lat="32.269898" lon="77.339714"><ele>4091.7</ele></trkpt><trkpt lat="32.269897" lon="77.339798"><ele>4094.5</ele></trkpt><trkpt lat="32.269881" lon="77.339853"><ele>4096.1</ele></trkpt><trkpt lat="32.269859" lon="77.339901"><ele>4098.2</ele></trkpt><trkpt lat="32.269818" lon="77.339844"><ele>4095.1</ele></trkpt><trkpt lat="32.269778" lon="77.339788"><ele>4094.4</ele></trkpt><trkpt lat="32.269756" lon="77.339834"><ele>4095.6</ele></trkpt><trkpt lat="32.269732" lon="77.339882"><ele>4097.3</ele></trkpt><trkpt lat="32.269652" lon="77.339859"><ele>4096.9</ele></trkpt><trkpt lat="32.269624" lon="77.339913"><ele>4099.5</ele></trkpt><trkpt lat="32.269600" lon="77.339958"><ele>4101.5</ele></trkpt><trkpt lat="32.269559" lon="77.339986"><ele>4103.1</ele></trkpt><trkpt lat="32.269536" lon="77.340039"><ele>4105.7</ele></trkpt><trkpt lat="32.269493" lon="77.340069"><ele>4107.6</ele></trkpt><trkpt lat="32.269462" lon="77.340116"><ele>4109.7</ele></trkpt><trkpt lat="32.269429" lon="77.340157"><ele>4111.5</ele></trkpt><trkpt lat="32.269384" lon="77.340161"><ele>4112.2</ele></trkpt><trkpt lat="32.269364" lon="77.340214"><ele>4114.0</ele></trkpt><trkpt lat="32.269368" lon="77.340270"><ele>4115.6</ele></trkpt><trkpt lat="32.269334" lon="77.340311"><ele>4116.8</ele></trkpt><trkpt lat="32.269295" lon="77.340347"><ele>4118.3</ele></trkpt><trkpt lat="32.269273" lon="77.340399"><ele>4119.9</ele></trkpt><trkpt lat="32.269278" lon="77.340453"><ele>4120.9</ele></trkpt><trkpt lat="32.269278" lon="77.340509"><ele>4121.8</ele></trkpt><trkpt lat="32.269260" lon="77.340560"><ele>4122.7</ele></trkpt><trkpt lat="32.269234" lon="77.340607"><ele>4123.2</ele></trkpt><trkpt lat="32.269197" lon="77.340644"><ele>4123.1</ele></trkpt><trkpt lat="32.269151" lon="77.340681"><ele>4122.5</ele></trkpt><trkpt lat="32.269155" lon="77.340736"><ele>4122.7</ele></trkpt><trkpt lat="32.269183" lon="77.340812"><ele>4123.4</ele></trkpt><trkpt lat="32.269202" lon="77.340899"><ele>4124.2</ele></trkpt><trkpt lat="32.269189" lon="77.340964"><ele>4123.8</ele></trkpt><trkpt lat="32.269228" lon="77.340934"><ele>4125.4</ele></trkpt><trkpt lat="32.269240" lon="77.340988"><ele>4126.2</ele></trkpt><trkpt lat="32.269244" lon="77.341065"><ele>4126.9</ele></trkpt><trkpt lat="32.269245" lon="77.341124"><ele>4127.4</ele></trkpt><trkpt lat="32.269257" lon="77.341183"><ele>4128.5</ele></trkpt><trkpt lat="32.269282" lon="77.341231"><ele>4130.1</ele></trkpt><trkpt lat="32.269293" lon="77.341287"><ele>4131.2</ele></trkpt><trkpt lat="32.269292" lon="77.341347"><ele>4131.6</ele></trkpt><trkpt lat="32.269311" lon="77.341402"><ele>4133.1</ele></trkpt><trkpt lat="32.269321" lon="77.341455"><ele>4134.1</ele></trkpt><trkpt lat="32.269323" lon="77.341551"><ele>4135.0</ele></trkpt><trkpt lat="32.269369" lon="77.341560"><ele>4136.7</ele></trkpt><trkpt lat="32.269377" lon="77.341616"><ele>4137.3</ele></trkpt><trkpt lat="32.269413" lon="77.341650"><ele>4138.8</ele></trkpt><trkpt lat="32.269415" lon="77.341711"><ele>4139.4</ele></trkpt><trkpt lat="32.269422" lon="77.341765"><ele>4140.1</ele></trkpt><trkpt lat="32.269424" lon="77.341823"><ele>4140.7</ele></trkpt><trkpt lat="32.269426" lon="77.341877"><ele>4141.3</ele></trkpt><trkpt lat="32.269405" lon="77.341934"><ele>4141.4</ele></trkpt><trkpt lat="32.269435" lon="77.341981"><ele>4143.9</ele></trkpt><trkpt lat="32.269456" lon="77.342031"><ele>4146.4</ele></trkpt><trkpt lat="32.269459" lon="77.342084"><ele>4148.2</ele></trkpt><trkpt lat="32.269457" lon="77.342141"><ele>4150.0</ele></trkpt><trkpt lat="32.269439" lon="77.342193"><ele>4150.5</ele></trkpt><trkpt lat="32.269429" lon="77.342250"><ele>4151.6</ele></trkpt><trkpt lat="32.269421" lon="77.342309"><ele>4152.8</ele></trkpt><trkpt lat="32.269417" lon="77.342363"><ele>4154.2</ele></trkpt><trkpt lat="32.269394" lon="77.342409"><ele>4154.2</ele></trkpt><trkpt lat="32.269376" lon="77.342461"><ele>4154.8</ele></trkpt><trkpt lat="32.269358" lon="77.342512"><ele>4155.4</ele></trkpt><trkpt lat="32.269353" lon="77.342565"><ele>4156.5</ele></trkpt><trkpt lat="32.269387" lon="77.342606"><ele>4159.2</ele></trkpt><trkpt lat="32.269408" lon="77.342657"><ele>4161.5</ele></trkpt><trkpt lat="32.269398" lon="77.342713"><ele>4162.3</ele></trkpt><trkpt lat="32.269434" lon="77.342755"><ele>4165.0</ele></trkpt><trkpt lat="32.269446" lon="77.342809"><ele>4166.7</ele></trkpt><trkpt lat="32.269465" lon="77.342861"><ele>4168.4</ele></trkpt><trkpt lat="32.269500" lon="77.342894"><ele>4170.5</ele></trkpt><trkpt lat="32.269516" lon="77.342945"><ele>4172.0</ele></trkpt><trkpt lat="32.269513" lon="77.343000"><ele>4172.7</ele></trkpt><trkpt lat="32.269529" lon="77.343052"><ele>4174.2</ele></trkpt><trkpt lat="32.269534" lon="77.343110"><ele>4175.2</ele></trkpt><trkpt lat="32.269549" lon="77.343161"><ele>4176.5</ele></trkpt><trkpt lat="32.269555" lon="77.343217"><ele>4177.5</ele></trkpt><trkpt lat="32.269545" lon="77.343273"><ele>4177.5</ele></trkpt><trkpt lat="32.269539" lon="77.343327"><ele>4177.7</ele></trkpt><trkpt lat="32.269532" lon="77.343384"><ele>4177.8</ele></trkpt><trkpt lat="32.269546" lon="77.343435"><ele>4180.0</ele></trkpt><trkpt lat="32.269545" lon="77.343490"><ele>4181.2</ele></trkpt><trkpt lat="32.269562" lon="77.343541"><ele>4183.7</ele></trkpt><trkpt lat="32.269598" lon="77.343586"><ele>4187.4</ele></trkpt><trkpt lat="32.269629" lon="77.343627"><ele>4190.7</ele></trkpt><trkpt lat="32.269603" lon="77.343671"><ele>4189.9</ele></trkpt><trkpt lat="32.269645" lon="77.343706"><ele>4193.5</ele></trkpt><trkpt lat="32.269679" lon="77.343741"><ele>4196.4</ele></trkpt><trkpt lat="32.269645" lon="77.343777"><ele>4194.3</ele></trkpt><trkpt lat="32.269617" lon="77.343819"><ele>4192.7</ele></trkpt><trkpt lat="32.269603" lon="77.343882"><ele>4192.3</ele></trkpt><trkpt lat="32.269605" lon="77.343937"><ele>4193.1</ele></trkpt><trkpt lat="32.269601" lon="77.343991"><ele>4193.5</ele></trkpt><trkpt lat="32.269590" lon="77.344048"><ele>4193.5</ele></trkpt><trkpt lat="32.269588" lon="77.344108"><ele>4194.3</ele></trkpt><trkpt lat="32.269598" lon="77.344164"><ele>4195.8</ele></trkpt><trkpt lat="32.269578" lon="77.344212"><ele>4195.1</ele></trkpt><trkpt lat="32.269574" lon="77.344278"><ele>4196.1</ele></trkpt><trkpt lat="32.269554" lon="77.344328"><ele>4196.6</ele></trkpt><trkpt lat="32.269514" lon="77.344370"><ele>4195.3</ele></trkpt><trkpt lat="32.269527" lon="77.344423"><ele>4198.2</ele></trkpt><trkpt lat="32.269554" lon="77.344466"><ele>4201.9</ele></trkpt><trkpt lat="32.269568" lon="77.344522"><ele>4205.2</ele></trkpt><trkpt lat="32.269548" lon="77.344572"><ele>4205.8</ele></trkpt><trkpt lat="32.269531" lon="77.344622"><ele>4207.6</ele></trkpt><trkpt lat="32.269528" lon="77.344679"><ele>4210.9</ele></trkpt><trkpt lat="32.269524" lon="77.344733"><ele>4213.9</ele></trkpt><trkpt lat="32.269446" lon="77.344781"><ele>4214.4</ele></trkpt><trkpt lat="32.269486" lon="77.344810"><ele>4216.3</ele></trkpt><trkpt lat="32.269520" lon="77.344849"><ele>4220.9</ele></trkpt><trkpt lat="32.269546" lon="77.344894"><ele>4224.8</ele></trkpt><trkpt lat="32.269573" lon="77.344942"><ele>4228.6</ele></trkpt><trkpt lat="32.269565" lon="77.345003"><ele>4230.7</ele></trkpt><trkpt lat="32.269534" lon="77.345046"><ele>4230.8</ele></trkpt><trkpt lat="32.269541" lon="77.345099"><ele>4233.5</ele></trkpt><trkpt lat="32.269539" lon="77.345157"><ele>4235.5</ele></trkpt><trkpt lat="32.269536" lon="77.345211"><ele>4234.9</ele></trkpt><trkpt lat="32.269539" lon="77.345270"><ele>4234.6</ele></trkpt><trkpt lat="32.269542" lon="77.345329"><ele>4234.2</ele></trkpt><trkpt lat="32.269531" lon="77.345383"><ele>4233.2</ele></trkpt><trkpt lat="32.269523" lon="77.345437"><ele>4232.3</ele></trkpt><trkpt lat="32.269516" lon="77.345490"><ele>4232.1</ele></trkpt><trkpt lat="32.269533" lon="77.345559"><ele>4233.5</ele></trkpt><trkpt lat="32.269532" lon="77.345615"><ele>4233.8</ele></trkpt><trkpt lat="32.269505" lon="77.345662"><ele>4232.4</ele></trkpt><trkpt lat="32.269521" lon="77.345713"><ele>4233.6</ele></trkpt><trkpt lat="32.269541" lon="77.345763"><ele>4236.1</ele></trkpt><trkpt lat="32.269544" lon="77.345823"><ele>4238.5</ele></trkpt><trkpt lat="32.269550" lon="77.345877"><ele>4240.9</ele></trkpt><trkpt lat="32.269541" lon="77.345930"><ele>4242.3</ele></trkpt><trkpt lat="32.269505" lon="77.345970"><ele>4241.4</ele></trkpt><trkpt lat="32.269470" lon="77.346024"><ele>4241.1</ele></trkpt><trkpt lat="32.269454" lon="77.346075"><ele>4241.3</ele></trkpt><trkpt lat="32.269455" lon="77.346131"><ele>4242.1</ele></trkpt><trkpt lat="32.269482" lon="77.346173"><ele>4244.1</ele></trkpt><trkpt lat="32.269502" lon="77.346224"><ele>4246.1</ele></trkpt><trkpt lat="32.269509" lon="77.346282"><ele>4247.3</ele></trkpt><trkpt lat="32.269537" lon="77.346331"><ele>4249.7</ele></trkpt><trkpt lat="32.269535" lon="77.346386"><ele>4250.1</ele></trkpt><trkpt lat="32.269536" lon="77.346442"><ele>4250.6</ele></trkpt><trkpt lat="32.269558" lon="77.346494"><ele>4252.4</ele></trkpt><trkpt lat="32.269565" lon="77.346557"><ele>4253.3</ele></trkpt><trkpt lat="32.269530" lon="77.346598"><ele>4251.5</ele></trkpt><trkpt lat="32.269493" lon="77.346637"><ele>4249.8</ele></trkpt><trkpt lat="32.269471" lon="77.346685"><ele>4249.2</ele></trkpt><trkpt lat="32.269477" lon="77.346743"><ele>4250.6</ele></trkpt><trkpt lat="32.269481" lon="77.346802"><ele>4251.9</ele></trkpt><trkpt lat="32.269478" lon="77.346861"><ele>4252.8</ele></trkpt><trkpt lat="32.269480" lon="77.346917"><ele>4253.9</ele></trkpt><trkpt lat="32.269509" lon="77.346962"><ele>4257.0</ele></trkpt><trkpt lat="32.269531" lon="77.347017"><ele>4259.6</ele></trkpt><trkpt lat="32.269582" lon="77.347047"><ele>4264.4</ele></trkpt><trkpt lat="32.269603" lon="77.347096"><ele>4266.7</ele></trkpt><trkpt lat="32.269631" lon="77.347144"><ele>4269.6</ele></trkpt><trkpt lat="32.269659" lon="77.347187"><ele>4272.4</ele></trkpt><trkpt lat="32.269707" lon="77.347204"><ele>4276.3</ele></trkpt><trkpt lat="32.269735" lon="77.347248"><ele>4276.8</ele></trkpt><trkpt lat="32.269771" lon="77.347283"><ele>4277.9</ele></trkpt><trkpt lat="32.269774" lon="77.347342"><ele>4276.1</ele></trkpt><trkpt lat="32.269775" lon="77.347289"><ele>4278.0</ele></trkpt><trkpt lat="32.269778" lon="77.347343"><ele>4276.3</ele></trkpt><trkpt lat="32.269764" lon="77.347290"><ele>4277.2</ele></trkpt><trkpt lat="32.269703" lon="77.347303"><ele>4272.7</ele></trkpt><trkpt lat="32.269748" lon="77.347291"><ele>4276.1</ele></trkpt><trkpt lat="32.269707" lon="77.347247"><ele>4275.0</ele></trkpt><trkpt lat="32.269752" lon="77.347278"><ele>4276.8</ele></trkpt><trkpt lat="32.269784" lon="77.347318"><ele>4277.6</ele></trkpt><trkpt lat="32.269737" lon="77.347300"><ele>4275.1</ele></trkpt><trkpt lat="32.269716" lon="77.347250"><ele>4275.5</ele></trkpt><trkpt lat="32.269760" lon="77.347268"><ele>4277.7</ele></trkpt><trkpt lat="32.269801" lon="77.347307"><ele>4279.1</ele></trkpt><trkpt lat="32.269823" lon="77.347356"><ele>4278.9</ele></trkpt><trkpt lat="32.269852" lon="77.347409"><ele>4279.2</ele></trkpt><trkpt lat="32.269878" lon="77.347456"><ele>4279.6</ele></trkpt><trkpt lat="32.269902" lon="77.347509"><ele>4279.7</ele></trkpt><trkpt lat="32.269933" lon="77.347564"><ele>4279.8</ele></trkpt><trkpt lat="32.269955" lon="77.347614"><ele>4279.4</ele></trkpt><trkpt lat="32.269995" lon="77.347655"><ele>4280.6</ele></trkpt><trkpt lat="32.270041" lon="77.347657"><ele>4283.7</ele></trkpt><trkpt lat="32.270079" lon="77.347692"><ele>4284.8</ele></trkpt><trkpt lat="32.270120" lon="77.347725"><ele>4286.2</ele></trkpt><trkpt lat="32.270147" lon="77.347775"><ele>4285.6</ele></trkpt><trkpt lat="32.270166" lon="77.347837"><ele>4284.1</ele></trkpt><trkpt lat="32.270191" lon="77.347894"><ele>4283.2</ele></trkpt><trkpt lat="32.270204" lon="77.347947"><ele>4281.7</ele></trkpt><trkpt lat="32.270210" lon="77.348015"><ele>4279.0</ele></trkpt><trkpt lat="32.270236" lon="77.348061"><ele>4278.2</ele></trkpt><trkpt lat="32.270228" lon="77.348119"><ele>4275.3</ele></trkpt><trkpt lat="32.270214" lon="77.348173"><ele>4272.5</ele></trkpt><trkpt lat="32.270212" lon="77.348232"><ele>4270.1</ele></trkpt><trkpt lat="32.270221" lon="77.348290"><ele>4268.1</ele></trkpt><trkpt lat="32.270206" lon="77.348345"><ele>4265.4</ele></trkpt><trkpt lat="32.270234" lon="77.348388"><ele>4264.5</ele></trkpt><trkpt lat="32.270273" lon="77.348420"><ele>4263.9</ele></trkpt><trkpt lat="32.270308" lon="77.348466"><ele>4262.2</ele></trkpt><trkpt lat="32.270325" lon="77.348521"><ele>4259.4</ele></trkpt><trkpt lat="32.270365" lon="77.348554"><ele>4258.3</ele></trkpt><trkpt lat="32.270390" lon="77.348601"><ele>4255.9</ele></trkpt><trkpt lat="32.270409" lon="77.348656"><ele>4252.7</ele></trkpt><trkpt lat="32.270434" lon="77.348701"><ele>4250.2</ele></trkpt><trkpt lat="32.270404" lon="77.348757"><ele>4246.6</ele></trkpt><trkpt lat="32.270453" lon="77.348766"><ele>4246.5</ele></trkpt><trkpt lat="32.270490" lon="77.348814"><ele>4243.9</ele></trkpt><trkpt lat="32.270536" lon="77.348818"><ele>4243.9</ele></trkpt><trkpt lat="32.270540" lon="77.348885"><ele>4239.6</ele></trkpt><trkpt lat="32.270582" lon="77.348927"><ele>4236.9</ele></trkpt><trkpt lat="32.270553" lon="77.348970"><ele>4234.1</ele></trkpt><trkpt lat="32.270582" lon="77.349019"><ele>4230.7</ele></trkpt><trkpt lat="32.270545" lon="77.349057"><ele>4228.2</ele></trkpt><trkpt lat="32.270506" lon="77.349093"><ele>4226.1</ele></trkpt><trkpt lat="32.270459" lon="77.349110"><ele>4225.4</ele></trkpt><trkpt lat="32.270405" lon="77.349112"><ele>4225.8</ele></trkpt><trkpt lat="32.270382" lon="77.349164"><ele>4223.2</ele></trkpt><trkpt lat="32.270334" lon="77.349175"><ele>4223.5</ele></trkpt><trkpt lat="32.270289" lon="77.349188"><ele>4223.7</ele></trkpt><trkpt lat="32.270241" lon="77.349192"><ele>4224.5</ele></trkpt><trkpt lat="32.270205" lon="77.349226"><ele>4223.9</ele></trkpt><trkpt lat="32.270163" lon="77.349253"><ele>4224.0</ele></trkpt><trkpt lat="32.270203" lon="77.349277"><ele>4221.9</ele></trkpt><trkpt lat="32.270245" lon="77.349300"><ele>4219.3</ele></trkpt><trkpt lat="32.270274" lon="77.349342"><ele>4215.6</ele></trkpt><trkpt lat="32.270305" lon="77.349386"><ele>4211.5</ele></trkpt><trkpt lat="32.270341" lon="77.349418"><ele>4207.6</ele></trkpt><trkpt lat="32.270380" lon="77.349450"><ele>4203.4</ele></trkpt><trkpt lat="32.270403" lon="77.349505"><ele>4197.8</ele></trkpt><trkpt lat="32.270448" lon="77.349518"><ele>4195.1</ele></trkpt><trkpt lat="32.270448" lon="77.349577"><ele>4190.1</ele></trkpt><trkpt lat="32.270396" lon="77.349611"><ele>4189.2</ele></trkpt><trkpt lat="32.270364" lon="77.349649"><ele>4187.9</ele></trkpt><trkpt lat="32.270343" lon="77.349746"><ele>4180.7</ele></trkpt><trkpt lat="32.270382" lon="77.349779"><ele>4175.0</ele></trkpt><trkpt lat="32.270432" lon="77.349801"><ele>4170.5</ele></trkpt><trkpt lat="32.270478" lon="77.349852"><ele>4163.9</ele></trkpt><trkpt lat="32.270505" lon="77.349899"><ele>4159.0</ele></trkpt><trkpt lat="32.270555" lon="77.349884"><ele>4157.9</ele></trkpt><trkpt lat="32.270604" lon="77.349904"><ele>4154.5</ele></trkpt><trkpt lat="32.270558" lon="77.349876"><ele>4158.4</ele></trkpt><trkpt lat="32.270607" lon="77.349857"><ele>4158.0</ele></trkpt><trkpt lat="32.270656" lon="77.349838"><ele>4158.2</ele></trkpt><trkpt lat="32.270618" lon="77.349869"><ele>4156.4</ele></trkpt><trkpt lat="32.270564" lon="77.349929"><ele>4154.4</ele></trkpt><trkpt lat="32.270566" lon="77.349861"><ele>4159.4</ele></trkpt><trkpt lat="32.270606" lon="77.349813"><ele>4162.0</ele></trkpt><trkpt lat="32.270671" lon="77.349774"><ele>4164.1</ele></trkpt><trkpt lat="32.270719" lon="77.349776"><ele>4164.1</ele></trkpt><trkpt lat="32.270768" lon="77.349769"><ele>4164.9</ele></trkpt><trkpt lat="32.270811" lon="77.349795"><ele>4162.7</ele></trkpt><trkpt lat="32.270855" lon="77.349813"><ele>4161.3</ele></trkpt><trkpt lat="32.270898" lon="77.349831"><ele>4159.9</ele></trkpt><trkpt lat="32.270939" lon="77.349859"><ele>4158.4</ele></trkpt><trkpt lat="32.270984" lon="77.349844"><ele>4160.8</ele></trkpt><trkpt lat="32.271035" lon="77.349841"><ele>4162.2</ele></trkpt><trkpt lat="32.271081" lon="77.349862"><ele>4161.4</ele></trkpt><trkpt lat="32.271150" lon="77.349874"><ele>4162.0</ele></trkpt><trkpt lat="32.271164" lon="77.349929"><ele>4158.0</ele></trkpt><trkpt lat="32.271215" lon="77.349943"><ele>4159.0</ele></trkpt><trkpt lat="32.271243" lon="77.349986"><ele>4156.6</ele></trkpt><trkpt lat="32.271294" lon="77.349987"><ele>4158.5</ele></trkpt><trkpt lat="32.271340" lon="77.349993"><ele>4159.8</ele></trkpt><trkpt lat="32.271370" lon="77.350034"><ele>4157.3</ele></trkpt><trkpt lat="32.271414" lon="77.350072"><ele>4155.1</ele></trkpt><trkpt lat="32.271459" lon="77.350094"><ele>4154.2</ele></trkpt><trkpt lat="32.271488" lon="77.350138"><ele>4150.6</ele></trkpt><trkpt lat="32.271516" lon="77.350185"><ele>4146.6</ele></trkpt><trkpt lat="32.271543" lon="77.350240"><ele>4142.3</ele></trkpt><trkpt lat="32.271579" lon="77.350283"><ele>4139.4</ele></trkpt><trkpt lat="32.271590" lon="77.350337"><ele>4135.0</ele></trkpt><trkpt lat="32.271627" lon="77.350374"><ele>4132.4</ele></trkpt><trkpt lat="32.271603" lon="77.350421"><ele>4128.0</ele></trkpt><trkpt lat="32.271580" lon="77.350468"><ele>4123.6</ele></trkpt><trkpt lat="32.271578" lon="77.350523"><ele>4119.5</ele></trkpt><trkpt lat="32.271620" lon="77.350549"><ele>4118.4</ele></trkpt><trkpt lat="32.271665" lon="77.350566"><ele>4117.3</ele></trkpt><trkpt lat="32.271737" lon="77.350593"><ele>4115.2</ele></trkpt><trkpt lat="32.271699" lon="77.350624"><ele>4113.3</ele></trkpt><trkpt lat="32.271653" lon="77.350661"><ele>4111.0</ele></trkpt><trkpt lat="32.271617" lon="77.350701"><ele>4108.2</ele></trkpt><trkpt lat="32.271573" lon="77.350720"><ele>4106.1</ele></trkpt><trkpt lat="32.271518" lon="77.350711"><ele>4105.6</ele></trkpt><trkpt lat="32.271467" lon="77.350685"><ele>4106.4</ele></trkpt><trkpt lat="32.271412" lon="77.350697"><ele>4104.5</ele></trkpt><trkpt lat="32.271362" lon="77.350686"><ele>4104.3</ele></trkpt><trkpt lat="32.271318" lon="77.350669"><ele>4104.7</ele></trkpt><trkpt lat="32.271272" lon="77.350661"><ele>4104.4</ele></trkpt><trkpt lat="32.271278" lon="77.350715"><ele>4100.5</ele></trkpt><trkpt lat="32.271208" lon="77.350731"><ele>4097.9</ele></trkpt><trkpt lat="32.271234" lon="77.350777"><ele>4095.1</ele></trkpt><trkpt lat="32.271257" lon="77.350824"><ele>4092.4</ele></trkpt><trkpt lat="32.271271" lon="77.350881"><ele>4088.9</ele></trkpt><trkpt lat="32.271224" lon="77.350897"><ele>4086.9</ele></trkpt><trkpt lat="32.271178" lon="77.350897"><ele>4086.1</ele></trkpt><trkpt lat="32.271125" lon="77.350844"><ele>4088.5</ele></trkpt><trkpt lat="32.271072" lon="77.350832"><ele>4088.7</ele></trkpt><trkpt lat="32.271028" lon="77.350848"><ele>4087.0</ele></trkpt><trkpt lat="32.270977" lon="77.350814"><ele>4088.8</ele></trkpt><trkpt lat="32.270927" lon="77.350805"><ele>4088.8</ele></trkpt><trkpt lat="32.270935" lon="77.350858"><ele>4085.2</ele></trkpt><trkpt lat="32.270902" lon="77.350895"><ele>4082.1</ele></trkpt><trkpt lat="32.270928" lon="77.350959"><ele>4078.0</ele></trkpt><trkpt lat="32.270867" lon="77.350995"><ele>4074.5</ele></trkpt><trkpt lat="32.270819" lon="77.350997"><ele>4073.9</ele></trkpt><trkpt lat="32.270774" lon="77.351038"><ele>4070.5</ele></trkpt><trkpt lat="32.270747" lon="77.351083"><ele>4067.5</ele></trkpt><trkpt lat="32.270723" lon="77.351136"><ele>4064.4</ele></trkpt><trkpt lat="32.270697" lon="77.351184"><ele>4061.4</ele></trkpt><trkpt lat="32.270692" lon="77.351256"><ele>4057.3</ele></trkpt><trkpt lat="32.270704" lon="77.351310"><ele>4054.6</ele></trkpt><trkpt lat="32.270745" lon="77.351254"><ele>4058.5</ele></trkpt><trkpt lat="32.270777" lon="77.351192"><ele>4062.3</ele></trkpt><trkpt lat="32.270733" lon="77.351207"><ele>4060.7</ele></trkpt><trkpt lat="32.270688" lon="77.351222"><ele>4059.1</ele></trkpt><trkpt lat="32.270740" lon="77.351234"><ele>4059.5</ele></trkpt><trkpt lat="32.270694" lon="77.351244"><ele>4058.0</ele></trkpt><trkpt lat="32.270692" lon="77.351297"><ele>4055.1</ele></trkpt><trkpt lat="32.270668" lon="77.351346"><ele>4051.8</ele></trkpt><trkpt lat="32.270637" lon="77.351388"><ele>4048.9</ele></trkpt><trkpt lat="32.270684" lon="77.351404"><ele>4049.3</ele></trkpt><trkpt lat="32.270734" lon="77.351393"><ele>4051.1</ele></trkpt><trkpt lat="32.270772" lon="77.351425"><ele>4050.5</ele></trkpt><trkpt lat="32.270818" lon="77.351427"><ele>4051.6</ele></trkpt><trkpt lat="32.270838" lon="77.351476"><ele>4049.7</ele></trkpt><trkpt lat="32.270863" lon="77.351525"><ele>4048.0</ele></trkpt><trkpt lat="32.270855" lon="77.351578"><ele>4045.2</ele></trkpt><trkpt lat="32.270828" lon="77.351621"><ele>4042.4</ele></trkpt><trkpt lat="32.270872" lon="77.351658"><ele>4041.4</ele></trkpt><trkpt lat="32.270847" lon="77.351708"><ele>4037.7</ele></trkpt><trkpt lat="32.270845" lon="77.351766"><ele>4033.9</ele></trkpt><trkpt lat="32.270825" lon="77.351818"><ele>4030.0</ele></trkpt><trkpt lat="32.270780" lon="77.351829"><ele>4028.2</ele></trkpt><trkpt lat="32.270764" lon="77.351883"><ele>4024.4</ele></trkpt><trkpt lat="32.270799" lon="77.351916"><ele>4023.1</ele></trkpt><trkpt lat="32.270818" lon="77.351975"><ele>4020.1</ele></trkpt><trkpt lat="32.270848" lon="77.352015"><ele>4018.5</ele></trkpt><trkpt lat="32.270856" lon="77.352071"><ele>4015.5</ele></trkpt><trkpt lat="32.270825" lon="77.352032"><ele>4017.1</ele></trkpt><trkpt lat="32.270861" lon="77.352069"><ele>4015.7</ele></trkpt><trkpt lat="32.270863" lon="77.352123"><ele>4012.7</ele></trkpt><trkpt lat="32.270832" lon="77.352085"><ele>4014.4</ele></trkpt><trkpt lat="32.270868" lon="77.352117"><ele>4013.0</ele></trkpt><trkpt lat="32.270821" lon="77.352111"><ele>4012.7</ele></trkpt><trkpt lat="32.270841" lon="77.352162"><ele>4010.3</ele></trkpt><trkpt lat="32.270890" lon="77.352184"><ele>4009.2</ele></trkpt><trkpt lat="32.270935" lon="77.352254"><ele>4005.3</ele></trkpt><trkpt lat="32.270947" lon="77.352306"><ele>4002.5</ele></trkpt><trkpt lat="32.270933" lon="77.352240"><ele>4006.0</ele></trkpt><trkpt lat="32.270980" lon="77.352234"><ele>4006.2</ele></trkpt><trkpt lat="32.270968" lon="77.352310"><ele>4002.1</ele></trkpt><trkpt lat="32.271012" lon="77.352277"><ele>4003.7</ele></trkpt><trkpt lat="32.271048" lon="77.352239"><ele>4005.8</ele></trkpt><trkpt lat="32.271072" lon="77.352188"><ele>4008.9</ele></trkpt><trkpt lat="32.271130" lon="77.352200"><ele>4007.3</ele></trkpt><trkpt lat="32.271164" lon="77.352238"><ele>4004.1</ele></trkpt><trkpt lat="32.271206" lon="77.352184"><ele>4006.3</ele></trkpt><trkpt lat="32.271249" lon="77.352161"><ele>4006.6</ele></trkpt><trkpt lat="32.271283" lon="77.352201"><ele>4003.3</ele></trkpt><trkpt lat="32.271332" lon="77.352214"><ele>4001.2</ele></trkpt><trkpt lat="32.271383" lon="77.352212"><ele>3999.8</ele></trkpt><trkpt lat="32.271429" lon="77.352177"><ele>4000.3</ele></trkpt><trkpt lat="32.271475" lon="77.352174"><ele>3998.9</ele></trkpt><trkpt lat="32.271506" lon="77.352135"><ele>3999.8</ele></trkpt><trkpt lat="32.271553" lon="77.352106"><ele>3999.5</ele></trkpt><trkpt lat="32.271596" lon="77.352078"><ele>3999.2</ele></trkpt><trkpt lat="32.271647" lon="77.352028"><ele>4000.3</ele></trkpt><trkpt lat="32.271696" lon="77.352000"><ele>4000.4</ele></trkpt><trkpt lat="32.271745" lon="77.351971"><ele>4000.5</ele></trkpt><trkpt lat="32.271797" lon="77.351984"><ele>3998.8</ele></trkpt><trkpt lat="32.271848" lon="77.351996"><ele>3997.1</ele></trkpt><trkpt lat="32.271900" lon="77.351999"><ele>3996.4</ele></trkpt><trkpt lat="32.271943" lon="77.351977"><ele>3996.9</ele></trkpt><trkpt lat="32.271944" lon="77.352039"><ele>3994.4</ele></trkpt><trkpt lat="32.271961" lon="77.352095"><ele>3992.1</ele></trkpt><trkpt lat="32.272029" lon="77.352075"><ele>3992.3</ele></trkpt><trkpt lat="32.272076" lon="77.352027"><ele>3993.7</ele></trkpt><trkpt lat="32.272134" lon="77.351964"><ele>3995.8</ele></trkpt><trkpt lat="32.272180" lon="77.351942"><ele>3996.8</ele></trkpt><trkpt lat="32.272219" lon="77.351911"><ele>3998.5</ele></trkpt><trkpt lat="32.272257" lon="77.351974"><ele>3994.1</ele></trkpt><trkpt lat="32.272304" lon="77.351978"><ele>3993.5</ele></trkpt><trkpt lat="32.272362" lon="77.351966"><ele>3993.7</ele></trkpt><trkpt lat="32.272420" lon="77.351952"><ele>3993.8</ele></trkpt><trkpt lat="32.272465" lon="77.351918"><ele>3995.3</ele></trkpt><trkpt lat="32.272511" lon="77.351920"><ele>3994.5</ele></trkpt><trkpt lat="32.272557" lon="77.351938"><ele>3992.8</ele></trkpt><trkpt lat="32.272560" lon="77.351996"><ele>3989.6</ele></trkpt><trkpt lat="32.272604" lon="77.351982"><ele>3989.5</ele></trkpt><trkpt lat="32.272647" lon="77.351967"><ele>3989.7</ele></trkpt><trkpt lat="32.272690" lon="77.351994"><ele>3987.7</ele></trkpt><trkpt lat="32.272731" lon="77.352017"><ele>3986.5</ele></trkpt><trkpt lat="32.272783" lon="77.352021"><ele>3985.6</ele></trkpt><trkpt lat="32.272832" lon="77.352020"><ele>3984.8</ele></trkpt><trkpt lat="32.272858" lon="77.352068"><ele>3983.6</ele></trkpt><trkpt lat="32.272901" lon="77.352096"><ele>3983.0</ele></trkpt><trkpt lat="32.272921" lon="77.352144"><ele>3982.1</ele></trkpt><trkpt lat="32.272969" lon="77.352165"><ele>3981.7</ele></trkpt><trkpt lat="32.273018" lon="77.352163"><ele>3981.7</ele></trkpt><trkpt lat="32.273066" lon="77.352171"><ele>3981.5</ele></trkpt><trkpt lat="32.273086" lon="77.352240"><ele>3980.7</ele></trkpt><trkpt lat="32.273120" lon="77.352287"><ele>3980.4</ele></trkpt><trkpt lat="32.273160" lon="77.352317"><ele>3980.4</ele></trkpt><trkpt lat="32.273199" lon="77.352349"><ele>3980.2</ele></trkpt><trkpt lat="32.273224" lon="77.352400"><ele>3979.5</ele></trkpt><trkpt lat="32.273251" lon="77.352444"><ele>3978.8</ele></trkpt><trkpt lat="32.273293" lon="77.352467"><ele>3978.7</ele></trkpt><trkpt lat="32.273337" lon="77.352481"><ele>3978.6</ele></trkpt><trkpt lat="32.273382" lon="77.352493"><ele>3978.4</ele></trkpt><trkpt lat="32.273403" lon="77.352542"><ele>3977.4</ele></trkpt><trkpt lat="32.273448" lon="77.352575"><ele>3976.9</ele></trkpt><trkpt lat="32.273483" lon="77.352643"><ele>3975.1</ele></trkpt><trkpt lat="32.273432" lon="77.352601"><ele>3976.2</ele></trkpt><trkpt lat="32.273386" lon="77.352598"><ele>3976.2</ele></trkpt><trkpt lat="32.273425" lon="77.352639"><ele>3975.0</ele></trkpt><trkpt lat="32.273449" lon="77.352691"><ele>3973.4</ele></trkpt><trkpt lat="32.273478" lon="77.352734"><ele>3972.2</ele></trkpt><trkpt lat="32.273517" lon="77.352768"><ele>3971.3</ele></trkpt><trkpt lat="32.273562" lon="77.352800"><ele>3970.5</ele></trkpt><trkpt lat="32.273592" lon="77.352853"><ele>3968.8</ele></trkpt><trkpt lat="32.273621" lon="77.352911"><ele>3967.0</ele></trkpt><trkpt lat="32.273645" lon="77.352961"><ele>3965.5</ele></trkpt><trkpt lat="32.273690" lon="77.352998"><ele>3964.2</ele></trkpt><trkpt lat="32.273735" lon="77.353027"><ele>3963.1</ele></trkpt><trkpt lat="32.273781" lon="77.353055"><ele>3962.0</ele></trkpt><trkpt lat="32.273826" lon="77.353076"><ele>3961.1</ele></trkpt><trkpt lat="32.273877" lon="77.353102"><ele>3959.8</ele></trkpt><trkpt lat="32.273932" lon="77.353110"><ele>3959.0</ele></trkpt><trkpt lat="32.273977" lon="77.353137"><ele>3957.7</ele></trkpt><trkpt lat="32.274019" lon="77.353186"><ele>3955.9</ele></trkpt><trkpt lat="32.274042" lon="77.353247"><ele>3955.1</ele></trkpt><trkpt lat="32.274049" lon="77.353303"><ele>3954.8</ele></trkpt><trkpt lat="32.274067" lon="77.353355"><ele>3954.3</ele></trkpt><trkpt lat="32.274101" lon="77.353399"><ele>3954.0</ele></trkpt><trkpt lat="32.274139" lon="77.353431"><ele>3953.8</ele></trkpt><trkpt lat="32.274187" lon="77.353441"><ele>3953.8</ele></trkpt><trkpt lat="32.274218" lon="77.353401"><ele>3953.8</ele></trkpt><trkpt lat="32.274253" lon="77.353366"><ele>3953.8</ele></trkpt><trkpt lat="32.274304" lon="77.353376"><ele>3953.7</ele></trkpt><trkpt lat="32.274355" lon="77.353376"><ele>3954.0</ele></trkpt><trkpt lat="32.274404" lon="77.353378"><ele>3954.3</ele></trkpt><trkpt lat="32.274448" lon="77.353391"><ele>3954.7</ele></trkpt><trkpt lat="32.274499" lon="77.353405"><ele>3955.0</ele></trkpt><trkpt lat="32.274551" lon="77.353431"><ele>3955.3</ele></trkpt><trkpt lat="32.274596" lon="77.353460"><ele>3955.6</ele></trkpt><trkpt lat="32.274640" lon="77.353478"><ele>3955.8</ele></trkpt><trkpt lat="32.274680" lon="77.353516"><ele>3955.9</ele></trkpt><trkpt lat="32.274711" lon="77.353570"><ele>3955.7</ele></trkpt><trkpt lat="32.274741" lon="77.353614"><ele>3955.5</ele></trkpt><trkpt lat="32.274787" lon="77.353628"><ele>3955.5</ele></trkpt><trkpt lat="32.274835" lon="77.353660"><ele>3955.2</ele></trkpt><trkpt lat="32.274875" lon="77.353686"><ele>3954.8</ele></trkpt><trkpt lat="32.274926" lon="77.353700"><ele>3954.4</ele></trkpt><trkpt lat="32.274973" lon="77.353710"><ele>3954.1</ele></trkpt><trkpt lat="32.275015" lon="77.353745"><ele>3953.5</ele></trkpt><trkpt lat="32.275032" lon="77.353798"><ele>3952.7</ele></trkpt><trkpt lat="32.275065" lon="77.353845"><ele>3952.0</ele></trkpt><trkpt lat="32.275113" lon="77.353859"><ele>3951.3</ele></trkpt><trkpt lat="32.275163" lon="77.353870"><ele>3950.5</ele></trkpt><trkpt lat="32.275209" lon="77.353878"><ele>3949.9</ele></trkpt><trkpt lat="32.275244" lon="77.353918"><ele>3949.0</ele></trkpt><trkpt lat="32.275274" lon="77.353977"><ele>3948.0</ele></trkpt><trkpt lat="32.275256" lon="77.354028"><ele>3947.7</ele></trkpt><trkpt lat="32.275276" lon="77.354078"><ele>3946.9</ele></trkpt><trkpt lat="32.275320" lon="77.354087"><ele>3946.0</ele></trkpt><trkpt lat="32.275366" lon="77.354105"><ele>3944.7</ele></trkpt><trkpt lat="32.275415" lon="77.354116"><ele>3943.4</ele></trkpt><trkpt lat="32.275461" lon="77.354135"><ele>3942.1</ele></trkpt><trkpt lat="32.275499" lon="77.354175"><ele>3940.8</ele></trkpt><trkpt lat="32.275535" lon="77.354210"><ele>3939.7</ele></trkpt><trkpt lat="32.275582" lon="77.354235"><ele>3938.5</ele></trkpt><trkpt lat="32.275630" lon="77.354248"><ele>3937.3</ele></trkpt><trkpt lat="32.275677" lon="77.354266"><ele>3936.2</ele></trkpt><trkpt lat="32.275721" lon="77.354298"><ele>3935.0</ele></trkpt><trkpt lat="32.275740" lon="77.354349"><ele>3934.4</ele></trkpt><trkpt lat="32.275767" lon="77.354394"><ele>3933.6</ele></trkpt><trkpt lat="32.275818" lon="77.354409"><ele>3932.5</ele></trkpt><trkpt lat="32.275867" lon="77.354409"><ele>3931.5</ele></trkpt><trkpt lat="32.275915" lon="77.354423"><ele>3930.5</ele></trkpt><trkpt lat="32.275960" lon="77.354449"><ele>3929.5</ele></trkpt><trkpt lat="32.276005" lon="77.354464"><ele>3928.5</ele></trkpt><trkpt lat="32.276049" lon="77.354477"><ele>3927.5</ele></trkpt><trkpt lat="32.276097" lon="77.354486"><ele>3926.6</ele></trkpt><trkpt lat="32.276149" lon="77.354498"><ele>3925.6</ele></trkpt><trkpt lat="32.276213" lon="77.354514"><ele>3924.3</ele></trkpt><trkpt lat="32.276271" lon="77.354533"><ele>3923.1</ele></trkpt><trkpt lat="32.276316" lon="77.354541"><ele>3922.3</ele></trkpt><trkpt lat="32.276373" lon="77.354549"><ele>3921.5</ele></trkpt><trkpt lat="32.276418" lon="77.354561"><ele>3920.8</ele></trkpt><trkpt lat="32.276461" lon="77.354589"><ele>3919.9</ele></trkpt><trkpt lat="32.276507" lon="77.354622"><ele>3918.8</ele></trkpt><trkpt lat="32.276561" lon="77.354632"><ele>3918.0</ele></trkpt><trkpt lat="32.276611" lon="77.354639"><ele>3917.5</ele></trkpt><trkpt lat="32.276658" lon="77.354649"><ele>3917.0</ele></trkpt><trkpt lat="32.276702" lon="77.354661"><ele>3916.4</ele></trkpt><trkpt lat="32.276747" lon="77.354672"><ele>3915.9</ele></trkpt><trkpt lat="32.276796" lon="77.354689"><ele>3915.2</ele></trkpt><trkpt lat="32.276841" lon="77.354712"><ele>3914.6</ele></trkpt><trkpt lat="32.276887" lon="77.354723"><ele>3914.3</ele></trkpt><trkpt lat="32.276938" lon="77.354723"><ele>3914.1</ele></trkpt><trkpt lat="32.276984" lon="77.354728"><ele>3913.8</ele></trkpt><trkpt lat="32.277042" lon="77.354744"><ele>3913.3</ele></trkpt><trkpt lat="32.277094" lon="77.354752"><ele>3913.5</ele></trkpt><trkpt lat="32.277142" lon="77.354751"><ele>3913.8</ele></trkpt><trkpt lat="32.277191" lon="77.354750"><ele>3914.1</ele></trkpt><trkpt lat="32.277239" lon="77.354757"><ele>3914.3</ele></trkpt><trkpt lat="32.277272" lon="77.354798"><ele>3913.9</ele></trkpt><trkpt lat="32.277322" lon="77.354794"><ele>3914.5</ele></trkpt><trkpt lat="32.277369" lon="77.354795"><ele>3915.2</ele></trkpt><trkpt lat="32.277421" lon="77.354800"><ele>3915.9</ele></trkpt><trkpt lat="32.277477" lon="77.354807"><ele>3916.5</ele></trkpt><trkpt lat="32.277522" lon="77.354822"><ele>3916.9</ele></trkpt><trkpt lat="32.277567" lon="77.354835"><ele>3917.4</ele></trkpt><trkpt lat="32.277625" lon="77.354849"><ele>3918.2</ele></trkpt><trkpt lat="32.277677" lon="77.354863"><ele>3918.8</ele></trkpt><trkpt lat="32.277724" lon="77.354875"><ele>3919.4</ele></trkpt><trkpt lat="32.277775" lon="77.354891"><ele>3919.9</ele></trkpt><trkpt lat="32.277826" lon="77.354904"><ele>3920.6</ele></trkpt><trkpt lat="32.277870" lon="77.354889"><ele>3921.9</ele></trkpt><trkpt lat="32.277916" lon="77.354891"><ele>3922.8</ele></trkpt><trkpt lat="32.277969" lon="77.354884"><ele>3924.1</ele></trkpt><trkpt lat="32.278014" lon="77.354895"><ele>3924.9</ele></trkpt><trkpt lat="32.278059" lon="77.354917"><ele>3925.7</ele></trkpt><trkpt lat="32.278101" lon="77.354944"><ele>3926.7</ele></trkpt><trkpt lat="32.278151" lon="77.354973"><ele>3928.0</ele></trkpt><trkpt lat="32.278194" lon="77.354997"><ele>3929.2</ele></trkpt><trkpt lat="32.278240" lon="77.355017"><ele>3930.6</ele></trkpt><trkpt lat="32.278305" lon="77.355028"><ele>3932.4</ele></trkpt><trkpt lat="32.278353" lon="77.355011"><ele>3933.2</ele></trkpt><trkpt lat="32.278401" lon="77.355008"><ele>3934.0</ele></trkpt><trkpt lat="32.278444" lon="77.355027"><ele>3934.6</ele></trkpt><trkpt lat="32.278495" lon="77.355049"><ele>3935.3</ele></trkpt><trkpt lat="32.278547" lon="77.355079"><ele>3936.1</ele></trkpt><trkpt lat="32.278581" lon="77.355121"><ele>3936.3</ele></trkpt><trkpt lat="32.278574" lon="77.355187"><ele>3935.9</ele></trkpt><trkpt lat="32.278602" lon="77.355230"><ele>3936.2</ele></trkpt><trkpt lat="32.278653" lon="77.355256"><ele>3937.2</ele></trkpt><trkpt lat="32.278696" lon="77.355281"><ele>3938.1</ele></trkpt><trkpt lat="32.278739" lon="77.355310"><ele>3939.2</ele></trkpt><trkpt lat="32.278790" lon="77.355332"><ele>3940.3</ele></trkpt><trkpt lat="32.278829" lon="77.355369"><ele>3941.0</ele></trkpt><trkpt lat="32.278858" lon="77.355411"><ele>3941.0</ele></trkpt><trkpt lat="32.278903" lon="77.355439"><ele>3941.3</ele></trkpt><trkpt lat="32.278937" lon="77.355485"><ele>3941.5</ele></trkpt><trkpt lat="32.278980" lon="77.355514"><ele>3942.0</ele></trkpt><trkpt lat="32.279021" lon="77.355543"><ele>3942.6</ele></trkpt><trkpt lat="32.279062" lon="77.355572"><ele>3942.5</ele></trkpt><trkpt lat="32.279105" lon="77.355599"><ele>3942.5</ele></trkpt><trkpt lat="32.279148" lon="77.355627"><ele>3942.5</ele></trkpt><trkpt lat="32.279180" lon="77.355668"><ele>3942.4</ele></trkpt><trkpt lat="32.279215" lon="77.355705"><ele>3941.9</ele></trkpt><trkpt lat="32.279263" lon="77.355735"><ele>3941.5</ele></trkpt><trkpt lat="32.279306" lon="77.355763"><ele>3940.7</ele></trkpt><trkpt lat="32.279349" lon="77.355780"><ele>3940.1</ele></trkpt><trkpt lat="32.279392" lon="77.355803"><ele>3939.4</ele></trkpt><trkpt lat="32.279439" lon="77.355835"><ele>3938.6</ele></trkpt><trkpt lat="32.279488" lon="77.355868"><ele>3937.9</ele></trkpt><trkpt lat="32.279523" lon="77.355910"><ele>3937.2</ele></trkpt><trkpt lat="32.279553" lon="77.355955"><ele>3936.6</ele></trkpt><trkpt lat="32.279593" lon="77.355984"><ele>3936.1</ele></trkpt><trkpt lat="32.279638" lon="77.355993"><ele>3935.9</ele></trkpt><trkpt lat="32.279685" lon="77.356015"><ele>3935.5</ele></trkpt><trkpt lat="32.279722" lon="77.356046"><ele>3935.1</ele></trkpt><trkpt lat="32.279772" lon="77.356073"><ele>3935.1</ele></trkpt><trkpt lat="32.279809" lon="77.356116"><ele>3935.4</ele></trkpt><trkpt lat="32.279843" lon="77.356152"><ele>3935.8</ele></trkpt><trkpt lat="32.279887" lon="77.356168"><ele>3936.4</ele></trkpt><trkpt lat="32.279927" lon="77.356205"><ele>3936.9</ele></trkpt><trkpt lat="32.279972" lon="77.356222"><ele>3937.7</ele></trkpt><trkpt lat="32.280024" lon="77.356228"><ele>3938.4</ele></trkpt><trkpt lat="32.280071" lon="77.356239"><ele>3938.9</ele></trkpt><trkpt lat="32.280115" lon="77.356253"><ele>3939.3</ele></trkpt><trkpt lat="32.280162" lon="77.356274"><ele>3939.7</ele></trkpt><trkpt lat="32.280208" lon="77.356290"><ele>3940.1</ele></trkpt><trkpt lat="32.280248" lon="77.356321"><ele>3939.9</ele></trkpt><trkpt lat="32.280295" lon="77.356327"><ele>3939.9</ele></trkpt><trkpt lat="32.280346" lon="77.356343"><ele>3939.7</ele></trkpt><trkpt lat="32.280392" lon="77.356366"><ele>3939.4</ele></trkpt><trkpt lat="32.280438" lon="77.356372"><ele>3939.4</ele></trkpt><trkpt lat="32.280491" lon="77.356375"><ele>3939.5</ele></trkpt><trkpt lat="32.280536" lon="77.356379"><ele>3939.5</ele></trkpt><trkpt lat="32.280594" lon="77.356411"><ele>3938.9</ele></trkpt><trkpt lat="32.280642" lon="77.356435"><ele>3938.5</ele></trkpt><trkpt lat="32.280683" lon="77.356402"><ele>3939.0</ele></trkpt><trkpt lat="32.280734" lon="77.356391"><ele>3939.1</ele></trkpt><trkpt lat="32.280777" lon="77.356423"><ele>3938.6</ele></trkpt><trkpt lat="32.280823" lon="77.356435"><ele>3938.3</ele></trkpt><trkpt lat="32.280869" lon="77.356444"><ele>3938.0</ele></trkpt><trkpt lat="32.280917" lon="77.356450"><ele>3937.8</ele></trkpt><trkpt lat="32.280963" lon="77.356472"><ele>3937.5</ele></trkpt><trkpt lat="32.281013" lon="77.356475"><ele>3937.4</ele></trkpt><trkpt lat="32.281064" lon="77.356478"><ele>3937.5</ele></trkpt><trkpt lat="32.281108" lon="77.356492"><ele>3937.5</ele></trkpt><trkpt lat="32.281154" lon="77.356506"><ele>3937.6</ele></trkpt><trkpt lat="32.281205" lon="77.356509"><ele>3937.7</ele></trkpt><trkpt lat="32.281251" lon="77.356500"><ele>3937.9</ele></trkpt><trkpt lat="32.281301" lon="77.356495"><ele>3938.4</ele></trkpt><trkpt lat="32.281347" lon="77.356499"><ele>3938.8</ele></trkpt><trkpt lat="32.281391" lon="77.356517"><ele>3939.3</ele></trkpt><trkpt lat="32.281424" lon="77.356553"><ele>3939.8</ele></trkpt><trkpt lat="32.281471" lon="77.356578"><ele>3940.5</ele></trkpt><trkpt lat="32.281515" lon="77.356592"><ele>3941.1</ele></trkpt><trkpt lat="32.281566" lon="77.356594"><ele>3941.6</ele></trkpt><trkpt lat="32.281610" lon="77.356633"><ele>3942.1</ele></trkpt><trkpt lat="32.281631" lon="77.356688"><ele>3941.5</ele></trkpt><trkpt lat="32.281654" lon="77.356739"><ele>3941.0</ele></trkpt><trkpt lat="32.281682" lon="77.356785"><ele>3940.8</ele></trkpt><trkpt lat="32.281721" lon="77.356819"><ele>3941.2</ele></trkpt><trkpt lat="32.281739" lon="77.356870"><ele>3941.0</ele></trkpt><trkpt lat="32.281767" lon="77.356912"><ele>3940.9</ele></trkpt><trkpt lat="32.281811" lon="77.356936"><ele>3940.4</ele></trkpt><trkpt lat="32.281855" lon="77.356950"><ele>3940.1</ele></trkpt><trkpt lat="32.281903" lon="77.356994"><ele>3938.6</ele></trkpt><trkpt lat="32.281942" lon="77.357024"><ele>3937.7</ele></trkpt><trkpt lat="32.281979" lon="77.357057"><ele>3936.9</ele></trkpt><trkpt lat="32.281990" lon="77.357112"><ele>3934.9</ele></trkpt><trkpt lat="32.282037" lon="77.357144"><ele>3934.0</ele></trkpt><trkpt lat="32.282089" lon="77.357162"><ele>3933.9</ele></trkpt><trkpt lat="32.282131" lon="77.357183"><ele>3933.8</ele></trkpt><trkpt lat="32.282105" lon="77.357230"><ele>3932.1</ele></trkpt><trkpt lat="32.282140" lon="77.357266"><ele>3931.2</ele></trkpt><trkpt lat="32.282174" lon="77.357307"><ele>3930.1</ele></trkpt><trkpt lat="32.282177" lon="77.357362"><ele>3928.0</ele></trkpt><trkpt lat="32.282201" lon="77.357409"><ele>3926.6</ele></trkpt><trkpt lat="32.282240" lon="77.357446"><ele>3925.8</ele></trkpt><trkpt lat="32.282271" lon="77.357485"><ele>3925.0</ele></trkpt><trkpt lat="32.282311" lon="77.357522"><ele>3924.7</ele></trkpt><trkpt lat="32.282341" lon="77.357566"><ele>3923.8</ele></trkpt><trkpt lat="32.282388" lon="77.357585"><ele>3924.3</ele></trkpt><trkpt lat="32.282429" lon="77.357624"><ele>3924.0</ele></trkpt><trkpt lat="32.282462" lon="77.357662"><ele>3923.7</ele></trkpt><trkpt lat="32.282490" lon="77.357716"><ele>3922.5</ele></trkpt><trkpt lat="32.282508" lon="77.357765"><ele>3921.3</ele></trkpt><trkpt lat="32.282545" lon="77.357810"><ele>3920.8</ele></trkpt><trkpt lat="32.282586" lon="77.357835"><ele>3921.2</ele></trkpt><trkpt lat="32.282634" lon="77.357868"><ele>3921.5</ele></trkpt><trkpt lat="32.282699" lon="77.357879"><ele>3922.8</ele></trkpt><trkpt lat="32.282752" lon="77.357887"><ele>3923.4</ele></trkpt><trkpt lat="32.282803" lon="77.357898"><ele>3923.5</ele></trkpt><trkpt lat="32.282851" lon="77.357914"><ele>3923.5</ele></trkpt><trkpt lat="32.282895" lon="77.357953"><ele>3923.0</ele></trkpt><trkpt lat="32.282943" lon="77.357970"><ele>3923.0</ele></trkpt><trkpt lat="32.282996" lon="77.357968"><ele>3923.3</ele></trkpt><trkpt lat="32.283047" lon="77.357974"><ele>3923.0</ele></trkpt><trkpt lat="32.283073" lon="77.358023"><ele>3921.9</ele></trkpt><trkpt lat="32.283109" lon="77.358061"><ele>3921.1</ele></trkpt><trkpt lat="32.283143" lon="77.358096"><ele>3920.4</ele></trkpt><trkpt lat="32.283188" lon="77.358116"><ele>3920.0</ele></trkpt><trkpt lat="32.283239" lon="77.358119"><ele>3919.7</ele></trkpt><trkpt lat="32.283288" lon="77.358125"><ele>3918.8</ele></trkpt><trkpt lat="32.283336" lon="77.358130"><ele>3918.0</ele></trkpt><trkpt lat="32.283381" lon="77.358136"><ele>3917.3</ele></trkpt><trkpt lat="32.283427" lon="77.358133"><ele>3916.6</ele></trkpt><trkpt lat="32.283482" lon="77.358142"><ele>3915.5</ele></trkpt><trkpt lat="32.283531" lon="77.358161"><ele>3913.8</ele></trkpt><trkpt lat="32.283577" lon="77.358161"><ele>3912.9</ele></trkpt><trkpt lat="32.283625" lon="77.358180"><ele>3911.2</ele></trkpt><trkpt lat="32.283676" lon="77.358182"><ele>3910.1</ele></trkpt><trkpt lat="32.283726" lon="77.358195"><ele>3908.7</ele></trkpt><trkpt lat="32.283784" lon="77.358202"><ele>3907.7</ele></trkpt><trkpt lat="32.283829" lon="77.358210"><ele>3906.8</ele></trkpt><trkpt lat="32.283878" lon="77.358222"><ele>3905.8</ele></trkpt><trkpt lat="32.283931" lon="77.358219"><ele>3905.2</ele></trkpt><trkpt lat="32.283978" lon="77.358228"><ele>3904.4</ele></trkpt><trkpt lat="32.284029" lon="77.358239"><ele>3904.1</ele></trkpt><trkpt lat="32.284083" lon="77.358240"><ele>3904.0</ele></trkpt><trkpt lat="32.284132" lon="77.358241"><ele>3904.0</ele></trkpt><trkpt lat="32.284180" lon="77.358247"><ele>3903.8</ele></trkpt><trkpt lat="32.284228" lon="77.358253"><ele>3903.8</ele></trkpt><trkpt lat="32.284274" lon="77.358245"><ele>3904.4</ele></trkpt><trkpt lat="32.284332" lon="77.358239"><ele>3905.0</ele></trkpt><trkpt lat="32.284385" lon="77.358249"><ele>3905.2</ele></trkpt><trkpt lat="32.284443" lon="77.358293"><ele>3904.8</ele></trkpt><trkpt lat="32.284492" lon="77.358283"><ele>3905.2</ele></trkpt><trkpt lat="32.284543" lon="77.358290"><ele>3904.9</ele></trkpt><trkpt lat="32.284592" lon="77.358299"><ele>3904.7</ele></trkpt><trkpt lat="32.284639" lon="77.358310"><ele>3904.4</ele></trkpt><trkpt lat="32.284687" lon="77.358315"><ele>3904.2</ele></trkpt><trkpt lat="32.284729" lon="77.358335"><ele>3903.7</ele></trkpt><trkpt lat="32.284775" lon="77.358357"><ele>3902.8</ele></trkpt><trkpt lat="32.284807" lon="77.358430"><ele>3901.0</ele></trkpt><trkpt lat="32.284827" lon="77.358479"><ele>3899.8</ele></trkpt><trkpt lat="32.284869" lon="77.358508"><ele>3898.6</ele></trkpt><trkpt lat="32.284918" lon="77.358548"><ele>3897.2</ele></trkpt><trkpt lat="32.284900" lon="77.358596"><ele>3896.7</ele></trkpt><trkpt lat="32.284859" lon="77.358627"><ele>3896.9</ele></trkpt><trkpt lat="32.284905" lon="77.358655"><ele>3895.6</ele></trkpt><trkpt lat="32.284972" lon="77.358668"><ele>3894.5</ele></trkpt><trkpt lat="32.284939" lon="77.358621"><ele>3895.6</ele></trkpt><trkpt lat="32.284910" lon="77.358573"><ele>3896.9</ele></trkpt><trkpt lat="32.284870" lon="77.358537"><ele>3898.2</ele></trkpt><trkpt lat="32.284834" lon="77.358491"><ele>3899.5</ele></trkpt><trkpt lat="32.284781" lon="77.358477"><ele>3900.6</ele></trkpt><trkpt lat="32.284738" lon="77.358500"><ele>3900.9</ele></trkpt><trkpt lat="32.284817" lon="77.358544"><ele>3898.9</ele></trkpt><trkpt lat="32.284896" lon="77.358588"><ele>3896.9</ele></trkpt><trkpt lat="32.284926" lon="77.358630"><ele>3895.7</ele></trkpt><trkpt lat="32.284975" lon="77.358617"><ele>3895.3</ele></trkpt><trkpt lat="32.285006" lon="77.358577"><ele>3895.9</ele></trkpt><trkpt lat="32.285038" lon="77.358529"><ele>3896.6</ele></trkpt><trkpt lat="32.285071" lon="77.358489"><ele>3897.2</ele></trkpt><trkpt lat="32.285106" lon="77.358434"><ele>3898.4</ele></trkpt><trkpt lat="32.285115" lon="77.358381"><ele>3899.7</ele></trkpt><trkpt lat="32.285071" lon="77.358356"><ele>3900.4</ele></trkpt><trkpt lat="32.285028" lon="77.358382"><ele>3899.9</ele></trkpt><trkpt lat="32.285051" lon="77.358324"><ele>3901.3</ele></trkpt><trkpt lat="32.285033" lon="77.358375"><ele>3900.0</ele></trkpt><trkpt lat="32.285008" lon="77.358428"><ele>3898.8</ele></trkpt><trkpt lat="32.284987" lon="77.358488"><ele>3897.5</ele></trkpt><trkpt lat="32.284962" lon="77.358538"><ele>3896.7</ele></trkpt><trkpt lat="32.284922" lon="77.358579"><ele>3896.6</ele></trkpt><trkpt lat="32.284879" lon="77.358614"><ele>3896.7</ele></trkpt><trkpt lat="32.284843" lon="77.358654"><ele>3896.7</ele></trkpt><trkpt lat="32.284799" lon="77.358678"><ele>3897.1</ele></trkpt><trkpt lat="32.284846" lon="77.358690"><ele>3896.1</ele></trkpt><trkpt lat="32.284887" lon="77.358668"><ele>3895.7</ele></trkpt><trkpt lat="32.284938" lon="77.358646"><ele>3895.2</ele></trkpt><trkpt lat="32.284983" lon="77.358651"><ele>3894.7</ele></trkpt><trkpt lat="32.284980" lon="77.358593"><ele>3895.7</ele></trkpt><trkpt lat="32.284994" lon="77.358534"><ele>3896.6</ele></trkpt><trkpt lat="32.285048" lon="77.358490"><ele>3897.2</ele></trkpt><trkpt lat="32.285087" lon="77.358458"><ele>3897.8</ele></trkpt><trkpt lat="32.285101" lon="77.358397"><ele>3899.3</ele></trkpt><trkpt lat="32.285130" lon="77.358349"><ele>3900.5</ele></trkpt><trkpt lat="32.285084" lon="77.358302"><ele>3901.8</ele></trkpt><trkpt lat="32.285030" lon="77.358284"><ele>3902.3</ele></trkpt><trkpt lat="32.284982" lon="77.358283"><ele>3902.4</ele></trkpt><trkpt lat="32.285031" lon="77.358300"><ele>3901.9</ele></trkpt><trkpt lat="32.285028" lon="77.358396"><ele>3899.5</ele></trkpt><trkpt lat="32.285058" lon="77.358436"><ele>3898.5</ele></trkpt><trkpt lat="32.285108" lon="77.358430"><ele>3898.5</ele></trkpt><trkpt lat="32.285151" lon="77.358445"><ele>3898.0</ele></trkpt><trkpt lat="32.285186" lon="77.358484"><ele>3896.9</ele></trkpt><trkpt lat="32.285215" lon="77.358532"><ele>3896.0</ele></trkpt><trkpt lat="32.285252" lon="77.358568"><ele>3895.9</ele></trkpt><trkpt lat="32.285291" lon="77.358598"><ele>3895.9</ele></trkpt><trkpt lat="32.285334" lon="77.358630"><ele>3896.0</ele></trkpt><trkpt lat="32.285378" lon="77.358653"><ele>3896.2</ele></trkpt><trkpt lat="32.285427" lon="77.358678"><ele>3896.5</ele></trkpt><trkpt lat="32.285461" lon="77.358718"><ele>3896.4</ele></trkpt><trkpt lat="32.285495" lon="77.358765"><ele>3896.5</ele></trkpt><trkpt lat="32.285531" lon="77.358798"><ele>3896.9</ele></trkpt><trkpt lat="32.285576" lon="77.358827"><ele>3897.4</ele></trkpt><trkpt lat="32.285627" lon="77.358844"><ele>3898.3</ele></trkpt><trkpt lat="32.285682" lon="77.358863"><ele>3899.2</ele></trkpt><trkpt lat="32.285724" lon="77.358891"><ele>3899.5</ele></trkpt><trkpt lat="32.285766" lon="77.358925"><ele>3899.6</ele></trkpt><trkpt lat="32.285819" lon="77.358952"><ele>3900.2</ele></trkpt><trkpt lat="32.285858" lon="77.358980"><ele>3900.2</ele></trkpt><trkpt lat="32.285891" lon="77.359018"><ele>3899.7</ele></trkpt><trkpt lat="32.285923" lon="77.359057"><ele>3899.1</ele></trkpt><trkpt lat="32.285961" lon="77.359096"><ele>3898.6</ele></trkpt><trkpt lat="32.286004" lon="77.359120"><ele>3898.9</ele></trkpt><trkpt lat="32.286052" lon="77.359139"><ele>3899.3</ele></trkpt><trkpt lat="32.286101" lon="77.359155"><ele>3899.8</ele></trkpt><trkpt lat="32.286147" lon="77.359167"><ele>3900.2</ele></trkpt><trkpt lat="32.286171" lon="77.359217"><ele>3898.5</ele></trkpt><trkpt lat="32.286216" lon="77.359211"><ele>3899.6</ele></trkpt><trkpt lat="32.286258" lon="77.359251"><ele>3898.4</ele></trkpt><trkpt lat="32.286289" lon="77.359291"><ele>3896.8</ele></trkpt><trkpt lat="32.286339" lon="77.359294"><ele>3897.5</ele></trkpt><trkpt lat="32.286397" lon="77.359324"><ele>3896.6</ele></trkpt><trkpt lat="32.286455" lon="77.359356"><ele>3895.6</ele></trkpt><trkpt lat="32.286499" lon="77.359374"><ele>3895.5</ele></trkpt><trkpt lat="32.286559" lon="77.359397"><ele>3895.4</ele></trkpt><trkpt lat="32.286603" lon="77.359419"><ele>3895.8</ele></trkpt><trkpt lat="32.286651" lon="77.359445"><ele>3896.2</ele></trkpt><trkpt lat="32.286695" lon="77.359472"><ele>3896.4</ele></trkpt><trkpt lat="32.286774" lon="77.359500"><ele>3897.2</ele></trkpt><trkpt lat="32.286815" lon="77.359466"><ele>3898.9</ele></trkpt><trkpt lat="32.286863" lon="77.359465"><ele>3899.9</ele></trkpt><trkpt lat="32.286895" lon="77.359511"><ele>3899.3</ele></trkpt><trkpt lat="32.286932" lon="77.359550"><ele>3899.0</ele></trkpt><trkpt lat="32.286981" lon="77.359558"><ele>3899.4</ele></trkpt><trkpt lat="32.287037" lon="77.359551"><ele>3900.1</ele></trkpt><trkpt lat="32.287088" lon="77.359583"><ele>3899.7</ele></trkpt><trkpt lat="32.287127" lon="77.359613"><ele>3899.1</ele></trkpt><trkpt lat="32.287176" lon="77.359632"><ele>3898.9</ele></trkpt><trkpt lat="32.287217" lon="77.359658"><ele>3898.3</ele></trkpt><trkpt lat="32.287261" lon="77.359681"><ele>3897.7</ele></trkpt><trkpt lat="32.287311" lon="77.359679"><ele>3898.0</ele></trkpt><trkpt lat="32.287359" lon="77.359686"><ele>3898.0</ele></trkpt><trkpt lat="32.287406" lon="77.359670"><ele>3898.9</ele></trkpt><trkpt lat="32.287454" lon="77.359671"><ele>3899.0</ele></trkpt><trkpt lat="32.287500" lon="77.359685"><ele>3898.6</ele></trkpt><trkpt lat="32.287543" lon="77.359714"><ele>3897.6</ele></trkpt><trkpt lat="32.287580" lon="77.359747"><ele>3896.8</ele></trkpt><trkpt lat="32.287629" lon="77.359778"><ele>3896.2</ele></trkpt><trkpt lat="32.287675" lon="77.359795"><ele>3895.8</ele></trkpt><trkpt lat="32.287721" lon="77.359809"><ele>3895.7</ele></trkpt><trkpt lat="32.287769" lon="77.359819"><ele>3895.7</ele></trkpt><trkpt lat="32.287816" lon="77.359839"><ele>3895.5</ele></trkpt><trkpt lat="32.287855" lon="77.359868"><ele>3895.0</ele></trkpt><trkpt lat="32.287903" lon="77.359908"><ele>3894.3</ele></trkpt><trkpt lat="32.287948" lon="77.359931"><ele>3894.0</ele></trkpt><trkpt lat="32.287934" lon="77.359844"><ele>3896.2</ele></trkpt><trkpt lat="32.287977" lon="77.359861"><ele>3896.1</ele></trkpt><trkpt lat="32.288008" lon="77.359916"><ele>3895.0</ele></trkpt><trkpt lat="32.288059" lon="77.359922"><ele>3895.3</ele></trkpt><trkpt lat="32.288105" lon="77.359927"><ele>3895.6</ele></trkpt><trkpt lat="32.288150" lon="77.359921"><ele>3896.2</ele></trkpt><trkpt lat="32.288205" lon="77.359927"><ele>3896.5</ele></trkpt><trkpt lat="32.288252" lon="77.359916"><ele>3897.3</ele></trkpt><trkpt lat="32.288300" lon="77.359912"><ele>3897.8</ele></trkpt><trkpt lat="32.288355" lon="77.359932"><ele>3897.9</ele></trkpt><trkpt lat="32.288396" lon="77.359957"><ele>3897.8</ele></trkpt><trkpt lat="32.288443" lon="77.359955"><ele>3898.4</ele></trkpt><trkpt lat="32.288516" lon="77.360016"><ele>3898.5</ele></trkpt><trkpt lat="32.288543" lon="77.360077"><ele>3898.2</ele></trkpt><trkpt lat="32.288568" lon="77.360127"><ele>3898.0</ele></trkpt><trkpt lat="32.288600" lon="77.360182"><ele>3897.9</ele></trkpt><trkpt lat="32.288653" lon="77.360251"><ele>3898.1</ele></trkpt><trkpt lat="32.288645" lon="77.360310"><ele>3897.3</ele></trkpt><trkpt lat="32.288675" lon="77.360356"><ele>3897.0</ele></trkpt><trkpt lat="32.288704" lon="77.360398"><ele>3896.4</ele></trkpt><trkpt lat="32.288670" lon="77.360443"><ele>3895.1</ele></trkpt><trkpt lat="32.288616" lon="77.360481"><ele>3893.7</ele></trkpt><trkpt lat="32.288584" lon="77.360521"><ele>3892.6</ele></trkpt><trkpt lat="32.288592" lon="77.360583"><ele>3891.6</ele></trkpt><trkpt lat="32.288607" lon="77.360647"><ele>3891.1</ele></trkpt><trkpt lat="32.288615" lon="77.360708"><ele>3891.7</ele></trkpt><trkpt lat="32.288627" lon="77.360760"><ele>3892.0</ele></trkpt><trkpt lat="32.288631" lon="77.360823"><ele>3892.4</ele></trkpt><trkpt lat="32.288606" lon="77.360872"><ele>3893.4</ele></trkpt><trkpt lat="32.288626" lon="77.360921"><ele>3893.3</ele></trkpt><trkpt lat="32.288645" lon="77.361004"><ele>3895.4</ele></trkpt><trkpt lat="32.288655" lon="77.361059"><ele>3896.9</ele></trkpt><trkpt lat="32.288676" lon="77.361127"><ele>3898.5</ele></trkpt><trkpt lat="32.288686" lon="77.361185"><ele>3900.0</ele></trkpt><trkpt lat="32.288703" lon="77.361235"><ele>3901.1</ele></trkpt><trkpt lat="32.288742" lon="77.361277"><ele>3901.6</ele></trkpt><trkpt lat="32.288791" lon="77.361299"><ele>3901.3</ele></trkpt><trkpt lat="32.288846" lon="77.361336"><ele>3901.6</ele></trkpt><trkpt lat="32.288897" lon="77.361364"><ele>3901.7</ele></trkpt><trkpt lat="32.288944" lon="77.361387"><ele>3901.4</ele></trkpt><trkpt lat="32.288977" lon="77.361445"><ele>3903.0</ele></trkpt><trkpt lat="32.289009" lon="77.361493"><ele>3904.1</ele></trkpt><trkpt lat="32.289037" lon="77.361539"><ele>3904.7</ele></trkpt><trkpt lat="32.289066" lon="77.361591"><ele>3904.9</ele></trkpt><trkpt lat="32.289097" lon="77.361639"><ele>3905.0</ele></trkpt><trkpt lat="32.289131" lon="77.361688"><ele>3905.3</ele></trkpt><trkpt lat="32.289167" lon="77.361723"><ele>3905.4</ele></trkpt><trkpt lat="32.289204" lon="77.361761"><ele>3905.5</ele></trkpt><trkpt lat="32.289238" lon="77.361801"><ele>3905.6</ele></trkpt><trkpt lat="32.289273" lon="77.361839"><ele>3905.5</ele></trkpt><trkpt lat="32.289314" lon="77.361865"><ele>3905.0</ele></trkpt><trkpt lat="32.289352" lon="77.361896"><ele>3904.6</ele></trkpt><trkpt lat="32.289403" lon="77.361933"><ele>3903.8</ele></trkpt><trkpt lat="32.289440" lon="77.361975"><ele>3903.0</ele></trkpt><trkpt lat="32.289476" lon="77.362013"><ele>3902.2</ele></trkpt><trkpt lat="32.289524" lon="77.362045"><ele>3900.9</ele></trkpt><trkpt lat="32.289545" lon="77.362093"><ele>3900.6</ele></trkpt><trkpt lat="32.289596" lon="77.362117"><ele>3899.1</ele></trkpt><trkpt lat="32.289641" lon="77.362138"><ele>3897.9</ele></trkpt><trkpt lat="32.289667" lon="77.362188"><ele>3898.1</ele></trkpt><trkpt lat="32.289704" lon="77.362218"><ele>3897.5</ele></trkpt><trkpt lat="32.289759" lon="77.362239"><ele>3896.2</ele></trkpt><trkpt lat="32.289809" lon="77.362250"><ele>3894.8</ele></trkpt><trkpt lat="32.289865" lon="77.362250"><ele>3893.0</ele></trkpt><trkpt lat="32.289909" lon="77.362263"><ele>3892.2</ele></trkpt><trkpt lat="32.289940" lon="77.362310"><ele>3892.6</ele></trkpt><trkpt lat="32.289981" lon="77.362342"><ele>3892.5</ele></trkpt><trkpt lat="32.290024" lon="77.362360"><ele>3892.1</ele></trkpt><trkpt lat="32.290071" lon="77.362394"><ele>3892.0</ele></trkpt><trkpt lat="32.290114" lon="77.362420"><ele>3891.8</ele></trkpt><trkpt lat="32.290146" lon="77.362466"><ele>3892.4</ele></trkpt><trkpt lat="32.290187" lon="77.362503"><ele>3892.6</ele></trkpt><trkpt lat="32.290235" lon="77.362529"><ele>3892.5</ele></trkpt><trkpt lat="32.290283" lon="77.362560"><ele>3892.5</ele></trkpt><trkpt lat="32.290330" lon="77.362592"><ele>3892.6</ele></trkpt><trkpt lat="32.290379" lon="77.362625"><ele>3892.5</ele></trkpt><trkpt lat="32.290425" lon="77.362661"><ele>3892.4</ele></trkpt><trkpt lat="32.290458" lon="77.362700"><ele>3892.6</ele></trkpt><trkpt lat="32.290496" lon="77.362733"><ele>3892.8</ele></trkpt><trkpt lat="32.290532" lon="77.362779"><ele>3892.9</ele></trkpt><trkpt lat="32.290575" lon="77.362825"><ele>3892.9</ele></trkpt><trkpt lat="32.290625" lon="77.362847"><ele>3892.4</ele></trkpt><trkpt lat="32.290671" lon="77.362881"><ele>3892.1</ele></trkpt><trkpt lat="32.290709" lon="77.362918"><ele>3892.0</ele></trkpt><trkpt lat="32.290756" lon="77.362940"><ele>3891.6</ele></trkpt><trkpt lat="32.290801" lon="77.362939"><ele>3890.8</ele></trkpt><trkpt lat="32.290852" lon="77.362943"><ele>3890.0</ele></trkpt><trkpt lat="32.290898" lon="77.362941"><ele>3888.7</ele></trkpt><trkpt lat="32.290954" lon="77.362952"><ele>3887.3</ele></trkpt><trkpt lat="32.291002" lon="77.362963"><ele>3886.0</ele></trkpt><trkpt lat="32.291053" lon="77.362987"><ele>3884.9</ele></trkpt><trkpt lat="32.291095" lon="77.363015"><ele>3884.2</ele></trkpt><trkpt lat="32.291145" lon="77.363040"><ele>3883.8</ele></trkpt><trkpt lat="32.291193" lon="77.363066"><ele>3883.6</ele></trkpt><trkpt lat="32.291222" lon="77.363111"><ele>3883.7</ele></trkpt><trkpt lat="32.291269" lon="77.363135"><ele>3883.3</ele></trkpt><trkpt lat="32.291316" lon="77.363160"><ele>3882.9</ele></trkpt><trkpt lat="32.291399" lon="77.363190"><ele>3882.0</ele></trkpt><trkpt lat="32.291437" lon="77.363222"><ele>3881.7</ele></trkpt><trkpt lat="32.291474" lon="77.363260"><ele>3881.4</ele></trkpt><trkpt lat="32.291516" lon="77.363300"><ele>3881.0</ele></trkpt><trkpt lat="32.291565" lon="77.363336"><ele>3880.4</ele></trkpt><trkpt lat="32.291611" lon="77.363364"><ele>3880.2</ele></trkpt><trkpt lat="32.291650" lon="77.363398"><ele>3880.5</ele></trkpt><trkpt lat="32.291731" lon="77.363434"><ele>3880.3</ele></trkpt><trkpt lat="32.291769" lon="77.363465"><ele>3880.5</ele></trkpt><trkpt lat="32.291811" lon="77.363493"><ele>3880.6</ele></trkpt><trkpt lat="32.291874" lon="77.363508"><ele>3880.2</ele></trkpt><trkpt lat="32.291924" lon="77.363514"><ele>3879.8</ele></trkpt><trkpt lat="32.291968" lon="77.363527"><ele>3879.5</ele></trkpt><trkpt lat="32.292023" lon="77.363554"><ele>3879.3</ele></trkpt><trkpt lat="32.292076" lon="77.363582"><ele>3879.1</ele></trkpt><trkpt lat="32.292121" lon="77.363604"><ele>3878.8</ele></trkpt><trkpt lat="32.292171" lon="77.363617"><ele>3878.2</ele></trkpt><trkpt lat="32.292221" lon="77.363631"><ele>3877.6</ele></trkpt><trkpt lat="32.292276" lon="77.363646"><ele>3876.9</ele></trkpt><trkpt lat="32.292331" lon="77.363655"><ele>3876.1</ele></trkpt><trkpt lat="32.292375" lon="77.363642"><ele>3875.3</ele></trkpt><trkpt lat="32.292422" lon="77.363655"><ele>3874.7</ele></trkpt><trkpt lat="32.292454" lon="77.363698"><ele>3875.0</ele></trkpt><trkpt lat="32.292474" lon="77.363751"><ele>3875.6</ele></trkpt><trkpt lat="32.292519" lon="77.363770"><ele>3875.3</ele></trkpt><trkpt lat="32.292571" lon="77.363792"><ele>3875.0</ele></trkpt><trkpt lat="32.292607" lon="77.363839"><ele>3875.3</ele></trkpt><trkpt lat="32.292657" lon="77.363866"><ele>3875.1</ele></trkpt><trkpt lat="32.292706" lon="77.363888"><ele>3874.8</ele></trkpt><trkpt lat="32.292750" lon="77.363919"><ele>3874.9</ele></trkpt><trkpt lat="32.292791" lon="77.363958"><ele>3875.4</ele></trkpt><trkpt lat="32.292826" lon="77.363994"><ele>3875.6</ele></trkpt><trkpt lat="32.292876" lon="77.364034"><ele>3875.1</ele></trkpt><trkpt lat="32.292904" lon="77.364098"><ele>3875.3</ele></trkpt><trkpt lat="32.292940" lon="77.364138"><ele>3874.7</ele></trkpt><trkpt lat="32.293000" lon="77.364165"><ele>3873.2</ele></trkpt><trkpt lat="32.293047" lon="77.364187"><ele>3871.9</ele></trkpt><trkpt lat="32.293093" lon="77.364215"><ele>3870.6</ele></trkpt><trkpt lat="32.293141" lon="77.364245"><ele>3869.7</ele></trkpt><trkpt lat="32.293183" lon="77.364271"><ele>3868.8</ele></trkpt><trkpt lat="32.293226" lon="77.364294"><ele>3867.7</ele></trkpt><trkpt lat="32.293287" lon="77.364316"><ele>3865.8</ele></trkpt><trkpt lat="32.293338" lon="77.364340"><ele>3864.1</ele></trkpt><trkpt lat="32.293382" lon="77.364359"><ele>3863.3</ele></trkpt><trkpt lat="32.293424" lon="77.364379"><ele>3862.5</ele></trkpt><trkpt lat="32.293478" lon="77.364387"><ele>3861.6</ele></trkpt><trkpt lat="32.293530" lon="77.364418"><ele>3860.6</ele></trkpt><trkpt lat="32.293573" lon="77.364434"><ele>3859.8</ele></trkpt><trkpt lat="32.293612" lon="77.364469"><ele>3859.0</ele></trkpt><trkpt lat="32.293646" lon="77.364507"><ele>3858.4</ele></trkpt><trkpt lat="32.293671" lon="77.364568"><ele>3857.7</ele></trkpt><trkpt lat="32.293691" lon="77.364618"><ele>3857.0</ele></trkpt><trkpt lat="32.293732" lon="77.364649"><ele>3856.3</ele></trkpt><trkpt lat="32.293770" lon="77.364682"><ele>3855.5</ele></trkpt><trkpt lat="32.293808" lon="77.364727"><ele>3854.3</ele></trkpt><trkpt lat="32.293841" lon="77.364767"><ele>3853.4</ele></trkpt><trkpt lat="32.293869" lon="77.364826"><ele>3852.3</ele></trkpt><trkpt lat="32.293896" lon="77.364869"><ele>3851.5</ele></trkpt><trkpt lat="32.293944" lon="77.364898"><ele>3851.3</ele></trkpt><trkpt lat="32.293981" lon="77.364934"><ele>3851.0</ele></trkpt><trkpt lat="32.294033" lon="77.364954"><ele>3850.7</ele></trkpt><trkpt lat="32.294080" lon="77.364985"><ele>3850.2</ele></trkpt><trkpt lat="32.294116" lon="77.365025"><ele>3849.8</ele></trkpt><trkpt lat="32.294154" lon="77.365057"><ele>3849.3</ele></trkpt><trkpt lat="32.294203" lon="77.365090"><ele>3848.7</ele></trkpt><trkpt lat="32.294223" lon="77.365138"><ele>3848.1</ele></trkpt><trkpt lat="32.294235" lon="77.365204"><ele>3847.8</ele></trkpt><trkpt lat="32.294265" lon="77.365260"><ele>3847.8</ele></trkpt><trkpt lat="32.294298" lon="77.365298"><ele>3847.5</ele></trkpt><trkpt lat="32.294344" lon="77.365340"><ele>3846.9</ele></trkpt><trkpt lat="32.294364" lon="77.365431"><ele>3846.6</ele></trkpt><trkpt lat="32.294384" lon="77.365523"><ele>3847.0</ele></trkpt><trkpt lat="32.294436" lon="77.365557"><ele>3846.1</ele></trkpt><trkpt lat="32.294507" lon="77.365553"><ele>3843.9</ele></trkpt><trkpt lat="32.294562" lon="77.365539"><ele>3842.3</ele></trkpt><trkpt lat="32.294614" lon="77.365548"><ele>3841.5</ele></trkpt><trkpt lat="32.294669" lon="77.365587"><ele>3840.6</ele></trkpt><trkpt lat="32.294724" lon="77.365633"><ele>3839.5</ele></trkpt><trkpt lat="32.294779" lon="77.365649"><ele>3838.3</ele></trkpt><trkpt lat="32.294825" lon="77.365660"><ele>3837.7</ele></trkpt><trkpt lat="32.294871" lon="77.365679"><ele>3837.5</ele></trkpt><trkpt lat="32.294914" lon="77.365701"><ele>3837.3</ele></trkpt><trkpt lat="32.294945" lon="77.365752"><ele>3837.0</ele></trkpt><trkpt lat="32.294966" lon="77.365816"><ele>3837.0</ele></trkpt><trkpt lat="32.294990" lon="77.365878"><ele>3837.5</ele></trkpt><trkpt lat="32.295017" lon="77.365935"><ele>3837.9</ele></trkpt><trkpt lat="32.295045" lon="77.365982"><ele>3838.0</ele></trkpt><trkpt lat="32.295070" lon="77.366036"><ele>3838.1</ele></trkpt><trkpt lat="32.295096" lon="77.366085"><ele>3838.1</ele></trkpt><trkpt lat="32.295149" lon="77.366124"><ele>3838.4</ele></trkpt><trkpt lat="32.295191" lon="77.366158"><ele>3838.6</ele></trkpt><trkpt lat="32.295226" lon="77.366204"><ele>3839.0</ele></trkpt><trkpt lat="32.295283" lon="77.366211"><ele>3838.2</ele></trkpt><trkpt lat="32.295326" lon="77.366251"><ele>3837.7</ele></trkpt><trkpt lat="32.295354" lon="77.366296"><ele>3837.6</ele></trkpt><trkpt lat="32.295371" lon="77.366351"><ele>3837.9</ele></trkpt><trkpt lat="32.295414" lon="77.366393"><ele>3837.3</ele></trkpt><trkpt lat="32.295458" lon="77.366415"><ele>3836.4</ele></trkpt><trkpt lat="32.295507" lon="77.366441"><ele>3835.4</ele></trkpt><trkpt lat="32.295529" lon="77.366367"><ele>3832.8</ele></trkpt><trkpt lat="32.295552" lon="77.366293"><ele>3831.1</ele></trkpt><trkpt lat="32.295574" lon="77.366219"><ele>3829.6</ele></trkpt><trkpt lat="32.295609" lon="77.366174"><ele>3828.4</ele></trkpt><trkpt lat="32.295658" lon="77.366183"><ele>3827.6</ele></trkpt><trkpt lat="32.295703" lon="77.366191"><ele>3826.7</ele></trkpt><trkpt lat="32.295756" lon="77.366217"><ele>3825.8</ele></trkpt><trkpt lat="32.295793" lon="77.366263"><ele>3825.2</ele></trkpt><trkpt lat="32.295828" lon="77.366305"><ele>3825.1</ele></trkpt><trkpt lat="32.295884" lon="77.366290"><ele>3824.5</ele></trkpt><trkpt lat="32.295946" lon="77.366223"><ele>3823.7</ele></trkpt><trkpt lat="32.295979" lon="77.366274"><ele>3823.6</ele></trkpt><trkpt lat="32.296005" lon="77.366325"><ele>3823.5</ele></trkpt><trkpt lat="32.296055" lon="77.366342"><ele>3823.2</ele></trkpt><trkpt lat="32.296103" lon="77.366369"><ele>3823.2</ele></trkpt><trkpt lat="32.296143" lon="77.366400"><ele>3823.1</ele></trkpt><trkpt lat="32.296173" lon="77.366445"><ele>3823.1</ele></trkpt><trkpt lat="32.296197" lon="77.366493"><ele>3822.9</ele></trkpt><trkpt lat="32.296216" lon="77.366544"><ele>3822.6</ele></trkpt><trkpt lat="32.296231" lon="77.366600"><ele>3822.2</ele></trkpt><trkpt lat="32.296244" lon="77.366653"><ele>3821.8</ele></trkpt><trkpt lat="32.296255" lon="77.366715"><ele>3821.5</ele></trkpt><trkpt lat="32.296286" lon="77.366770"><ele>3821.1</ele></trkpt><trkpt lat="32.296334" lon="77.366787"><ele>3820.0</ele></trkpt><trkpt lat="32.296390" lon="77.366776"><ele>3818.6</ele></trkpt><trkpt lat="32.296434" lon="77.366746"><ele>3817.6</ele></trkpt><trkpt lat="32.296466" lon="77.366695"><ele>3817.1</ele></trkpt><trkpt lat="32.296487" lon="77.366644"><ele>3817.6</ele></trkpt><trkpt lat="32.296509" lon="77.366592"><ele>3818.2</ele></trkpt><trkpt lat="32.296543" lon="77.366551"><ele>3818.5</ele></trkpt><trkpt lat="32.296577" lon="77.366511"><ele>3818.3</ele></trkpt><trkpt lat="32.296600" lon="77.366571"><ele>3816.4</ele></trkpt><trkpt lat="32.296601" lon="77.366631"><ele>3815.2</ele></trkpt><trkpt lat="32.296636" lon="77.366689"><ele>3813.0</ele></trkpt><trkpt lat="32.296676" lon="77.366725"><ele>3811.4</ele></trkpt><trkpt lat="32.296713" lon="77.366758"><ele>3810.1</ele></trkpt><trkpt lat="32.296737" lon="77.366807"><ele>3809.1</ele></trkpt><trkpt lat="32.296754" lon="77.366858"><ele>3808.3</ele></trkpt><trkpt lat="32.296765" lon="77.366919"><ele>3807.7</ele></trkpt><trkpt lat="32.296794" lon="77.366971"><ele>3806.6</ele></trkpt><trkpt lat="32.296829" lon="77.367014"><ele>3805.7</ele></trkpt><trkpt lat="32.296848" lon="77.367073"><ele>3807.4</ele></trkpt><trkpt lat="32.296876" lon="77.367121"><ele>3808.3</ele></trkpt><trkpt lat="32.296911" lon="77.367156"><ele>3808.5</ele></trkpt><trkpt lat="32.296924" lon="77.367216"><ele>3810.1</ele></trkpt><trkpt lat="32.296936" lon="77.367271"><ele>3811.5</ele></trkpt><trkpt lat="32.296964" lon="77.367315"><ele>3811.9</ele></trkpt><trkpt lat="32.297012" lon="77.367317"><ele>3810.3</ele></trkpt><trkpt lat="32.297057" lon="77.367295"><ele>3808.1</ele></trkpt><trkpt lat="32.297103" lon="77.367282"><ele>3806.3</ele></trkpt><trkpt lat="32.297148" lon="77.367257"><ele>3804.2</ele></trkpt><trkpt lat="32.297190" lon="77.367237"><ele>3802.4</ele></trkpt><trkpt lat="32.297257" lon="77.367235"><ele>3800.4</ele></trkpt><trkpt lat="32.297301" lon="77.367213"><ele>3798.7</ele></trkpt><trkpt lat="32.297347" lon="77.367227"><ele>3797.9</ele></trkpt><trkpt lat="32.297397" lon="77.367215"><ele>3796.4</ele></trkpt><trkpt lat="32.297447" lon="77.367202"><ele>3795.0</ele></trkpt><trkpt lat="32.297522" lon="77.367177"><ele>3792.8</ele></trkpt><trkpt lat="32.297585" lon="77.367176"><ele>3791.8</ele></trkpt><trkpt lat="32.297648" lon="77.367175"><ele>3790.8</ele></trkpt><trkpt lat="32.297702" lon="77.367212"><ele>3790.4</ele></trkpt><trkpt lat="32.297744" lon="77.367241"><ele>3790.1</ele></trkpt><trkpt lat="32.297783" lon="77.367285"><ele>3789.9</ele></trkpt><trkpt lat="32.297814" lon="77.367328"><ele>3789.8</ele></trkpt><trkpt lat="32.297848" lon="77.367393"><ele>3789.7</ele></trkpt><trkpt lat="32.297885" lon="77.367468"><ele>3789.7</ele></trkpt><trkpt lat="32.297914" lon="77.367529"><ele>3789.6</ele></trkpt><trkpt lat="32.297948" lon="77.367592"><ele>3789.4</ele></trkpt><trkpt lat="32.297987" lon="77.367636"><ele>3788.7</ele></trkpt><trkpt lat="32.298021" lon="77.367679"><ele>3787.5</ele></trkpt><trkpt lat="32.298049" lon="77.367731"><ele>3785.9</ele></trkpt><trkpt lat="32.298023" lon="77.367790"><ele>3787.0</ele></trkpt><trkpt lat="32.297973" lon="77.367824"><ele>3789.0</ele></trkpt><trkpt lat="32.298004" lon="77.367872"><ele>3787.6</ele></trkpt><trkpt lat="32.298046" lon="77.367894"><ele>3785.7</ele></trkpt><trkpt lat="32.298100" lon="77.367890"><ele>3783.4</ele></trkpt><trkpt lat="32.298159" lon="77.367900"><ele>3780.8</ele></trkpt><trkpt lat="32.298218" lon="77.367910"><ele>3778.4</ele></trkpt><trkpt lat="32.298209" lon="77.367970"><ele>3779.7</ele></trkpt><trkpt lat="32.298196" lon="77.368038"><ele>3781.6</ele></trkpt><trkpt lat="32.298223" lon="77.368086"><ele>3781.4</ele></trkpt><trkpt lat="32.298263" lon="77.368057"><ele>3779.2</ele></trkpt><trkpt lat="32.298309" lon="77.368049"><ele>3776.8</ele></trkpt><trkpt lat="32.298353" lon="77.368071"><ele>3775.1</ele></trkpt><trkpt lat="32.298380" lon="77.368121"><ele>3775.0</ele></trkpt><trkpt lat="32.298413" lon="77.368164"><ele>3774.5</ele></trkpt><trkpt lat="32.298441" lon="77.368206"><ele>3774.3</ele></trkpt><trkpt lat="32.298452" lon="77.368265"><ele>3775.1</ele></trkpt><trkpt lat="32.298467" lon="77.368325"><ele>3775.7</ele></trkpt><trkpt lat="32.298507" lon="77.368372"><ele>3774.9</ele></trkpt><trkpt lat="32.298538" lon="77.368422"><ele>3774.3</ele></trkpt><trkpt lat="32.298540" lon="77.368479"><ele>3775.5</ele></trkpt><trkpt lat="32.298586" lon="77.368505"><ele>3773.9</ele></trkpt><trkpt lat="32.298647" lon="77.368578"><ele>3772.8</ele></trkpt><trkpt lat="32.298680" lon="77.368629"><ele>3772.7</ele></trkpt><trkpt lat="32.298691" lon="77.368693"><ele>3774.1</ele></trkpt><trkpt lat="32.298692" lon="77.368746"><ele>3775.6</ele></trkpt><trkpt lat="32.298720" lon="77.368806"><ele>3776.3</ele></trkpt><trkpt lat="32.298760" lon="77.368848"><ele>3775.3</ele></trkpt><trkpt lat="32.298800" lon="77.368897"><ele>3773.8</ele></trkpt><trkpt lat="32.298826" lon="77.368945"><ele>3773.2</ele></trkpt><trkpt lat="32.298853" lon="77.368997"><ele>3772.7</ele></trkpt><trkpt lat="32.298896" lon="77.369023"><ele>3771.3</ele></trkpt><trkpt lat="32.298939" lon="77.369055"><ele>3770.1</ele></trkpt><trkpt lat="32.298999" lon="77.369073"><ele>3767.6</ele></trkpt><trkpt lat="32.299044" lon="77.369093"><ele>3764.9</ele></trkpt><trkpt lat="32.299087" lon="77.369115"><ele>3762.4</ele></trkpt><trkpt lat="32.299131" lon="77.369151"><ele>3759.5</ele></trkpt><trkpt lat="32.299165" lon="77.369187"><ele>3757.2</ele></trkpt><trkpt lat="32.299209" lon="77.369220"><ele>3754.2</ele></trkpt><trkpt lat="32.299235" lon="77.369273"><ele>3752.5</ele></trkpt><trkpt lat="32.299259" lon="77.369319"><ele>3750.4</ele></trkpt><trkpt lat="32.299312" lon="77.369287"><ele>3745.8</ele></trkpt><trkpt lat="32.299365" lon="77.369254"><ele>3741.2</ele></trkpt><trkpt lat="32.299428" lon="77.369248"><ele>3735.7</ele></trkpt><trkpt lat="32.299490" lon="77.369241"><ele>3730.4</ele></trkpt><trkpt lat="32.299563" lon="77.369223"><ele>3725.5</ele></trkpt><trkpt lat="32.299635" lon="77.369205"><ele>3720.4</ele></trkpt><trkpt lat="32.299708" lon="77.369187"><ele>3715.4</ele></trkpt><trkpt lat="32.299632" lon="77.369210"><ele>3720.7</ele></trkpt><trkpt lat="32.299566" lon="77.369238"><ele>3725.3</ele></trkpt><trkpt lat="32.299500" lon="77.369266"><ele>3729.8</ele></trkpt><trkpt lat="32.299465" lon="77.369313"><ele>3732.5</ele></trkpt><trkpt lat="32.299405" lon="77.369322"><ele>3737.7</ele></trkpt><trkpt lat="32.299363" lon="77.369356"><ele>3741.4</ele></trkpt><trkpt lat="32.299387" lon="77.369406"><ele>3739.4</ele></trkpt><trkpt lat="32.299412" lon="77.369456"><ele>3737.6</ele></trkpt><trkpt lat="32.299453" lon="77.369482"><ele>3734.4</ele></trkpt><trkpt lat="32.299525" lon="77.369539"><ele>3730.1</ele></trkpt><trkpt lat="32.299569" lon="77.369567"><ele>3727.6</ele></trkpt><trkpt lat="32.299611" lon="77.369588"><ele>3725.2</ele></trkpt><trkpt lat="32.299653" lon="77.369609"><ele>3722.8</ele></trkpt><trkpt lat="32.299697" lon="77.369621"><ele>3720.2</ele></trkpt><trkpt lat="32.299725" lon="77.369666"><ele>3719.0</ele></trkpt><trkpt lat="32.299752" lon="77.369728"><ele>3718.9</ele></trkpt><trkpt lat="32.299761" lon="77.369790"><ele>3720.4</ele></trkpt><trkpt lat="32.299805" lon="77.369772"><ele>3718.2</ele></trkpt><trkpt lat="32.299851" lon="77.369783"><ele>3716.8</ele></trkpt><trkpt lat="32.299882" lon="77.369842"><ele>3717.0</ele></trkpt><trkpt lat="32.299928" lon="77.369853"><ele>3715.4</ele></trkpt><trkpt lat="32.299970" lon="77.369877"><ele>3714.1</ele></trkpt><trkpt lat="32.300007" lon="77.369932"><ele>3713.0</ele></trkpt><trkpt lat="32.300046" lon="77.370011"><ele>3711.9</ele></trkpt><trkpt lat="32.300102" lon="77.369986"><ele>3708.1</ele></trkpt><trkpt lat="32.300151" lon="77.370009"><ele>3705.3</ele></trkpt><trkpt lat="32.300198" lon="77.370020"><ele>3702.4</ele></trkpt><trkpt lat="32.300246" lon="77.370016"><ele>3700.0</ele></trkpt><trkpt lat="32.300230" lon="77.370066"><ele>3700.7</ele></trkpt><trkpt lat="32.300272" lon="77.370090"><ele>3698.8</ele></trkpt><trkpt lat="32.300317" lon="77.370120"><ele>3696.7</ele></trkpt><trkpt lat="32.300327" lon="77.370173"><ele>3696.0</ele></trkpt><trkpt lat="32.300380" lon="77.370158"><ele>3693.6</ele></trkpt><trkpt lat="32.300431" lon="77.370142"><ele>3691.3</ele></trkpt><trkpt lat="32.300437" lon="77.370209"><ele>3690.6</ele></trkpt><trkpt lat="32.300455" lon="77.370263"><ele>3689.3</ele></trkpt><trkpt lat="32.300502" lon="77.370284"><ele>3687.3</ele></trkpt><trkpt lat="32.300546" lon="77.370302"><ele>3685.5</ele></trkpt><trkpt lat="32.300586" lon="77.370329"><ele>3683.7</ele></trkpt><trkpt lat="32.300615" lon="77.370370"><ele>3682.1</ele></trkpt><trkpt lat="32.300684" lon="77.370338"><ele>3679.7</ele></trkpt><trkpt lat="32.300731" lon="77.370328"><ele>3678.3</ele></trkpt><trkpt lat="32.300772" lon="77.370387"><ele>3675.8</ele></trkpt><trkpt lat="32.300789" lon="77.370446"><ele>3673.8</ele></trkpt><trkpt lat="32.300833" lon="77.370476"><ele>3671.4</ele></trkpt><trkpt lat="32.300897" lon="77.370468"><ele>3669.2</ele></trkpt><trkpt lat="32.300941" lon="77.370488"><ele>3666.9</ele></trkpt><trkpt lat="32.300966" lon="77.370542"><ele>3664.1</ele></trkpt><trkpt lat="32.300987" lon="77.370600"><ele>3661.4</ele></trkpt><trkpt lat="32.301037" lon="77.370602"><ele>3660.2</ele></trkpt><trkpt lat="32.301062" lon="77.370655"><ele>3657.9</ele></trkpt><trkpt lat="32.301088" lon="77.370716"><ele>3657.2</ele></trkpt><trkpt lat="32.301093" lon="77.370772"><ele>3657.1</ele></trkpt><trkpt lat="32.301094" lon="77.370845"><ele>3657.2</ele></trkpt><trkpt lat="32.301101" lon="77.370911"><ele>3657.0</ele></trkpt><trkpt lat="32.301101" lon="77.370966"><ele>3657.4</ele></trkpt><trkpt lat="32.301094" lon="77.371027"><ele>3658.3</ele></trkpt><trkpt lat="32.301087" lon="77.371084"><ele>3659.2</ele></trkpt><trkpt lat="32.301076" lon="77.371137"><ele>3660.1</ele></trkpt><trkpt lat="32.301151" lon="77.371184"><ele>3659.4</ele></trkpt><trkpt lat="32.301195" lon="77.371197"><ele>3658.9</ele></trkpt><trkpt lat="32.301161" lon="77.371241"><ele>3660.1</ele></trkpt><trkpt lat="32.301116" lon="77.371261"><ele>3661.0</ele></trkpt><trkpt lat="32.301097" lon="77.371311"><ele>3662.1</ele></trkpt><trkpt lat="32.301099" lon="77.371371"><ele>3662.9</ele></trkpt><trkpt lat="32.301096" lon="77.371429"><ele>3663.8</ele></trkpt><trkpt lat="32.301144" lon="77.371425"><ele>3662.9</ele></trkpt><trkpt lat="32.301193" lon="77.371421"><ele>3662.1</ele></trkpt><trkpt lat="32.301134" lon="77.371412"><ele>3662.9</ele></trkpt><trkpt lat="32.301182" lon="77.371395"><ele>3661.9</ele></trkpt><trkpt lat="32.301143" lon="77.371434"><ele>3663.1</ele></trkpt><trkpt lat="32.301135" lon="77.371487"><ele>3664.0</ele></trkpt><trkpt lat="32.301152" lon="77.371548"><ele>3664.9</ele></trkpt><trkpt lat="32.301165" lon="77.371601"><ele>3666.3</ele></trkpt><trkpt lat="32.301188" lon="77.371649"><ele>3667.3</ele></trkpt><trkpt lat="32.301225" lon="77.371692"><ele>3668.1</ele></trkpt><trkpt lat="32.301270" lon="77.371727"><ele>3668.3</ele></trkpt><trkpt lat="32.301292" lon="77.371784"><ele>3669.3</ele></trkpt><trkpt lat="32.301320" lon="77.371834"><ele>3670.0</ele></trkpt><trkpt lat="32.301373" lon="77.371835"><ele>3668.7</ele></trkpt><trkpt lat="32.301419" lon="77.371863"><ele>3668.6</ele></trkpt><trkpt lat="32.301461" lon="77.371889"><ele>3668.1</ele></trkpt><trkpt lat="32.301501" lon="77.371933"><ele>3668.0</ele></trkpt><trkpt lat="32.301538" lon="77.371970"><ele>3667.8</ele></trkpt><trkpt lat="32.301592" lon="77.371990"><ele>3666.3</ele></trkpt><trkpt lat="32.301575" lon="77.372046"><ele>3668.9</ele></trkpt><trkpt lat="32.301583" lon="77.372103"><ele>3670.4</ele></trkpt><trkpt lat="32.301623" lon="77.372130"><ele>3669.7</ele></trkpt><trkpt lat="32.301625" lon="77.372195"><ele>3672.4</ele></trkpt><trkpt lat="32.301646" lon="77.372244"><ele>3673.6</ele></trkpt><trkpt lat="32.301692" lon="77.372275"><ele>3672.5</ele></trkpt><trkpt lat="32.301692" lon="77.372330"><ele>3674.7</ele></trkpt><trkpt lat="32.301709" lon="77.372385"><ele>3675.7</ele></trkpt><trkpt lat="32.301755" lon="77.372394"><ele>3672.7</ele></trkpt><trkpt lat="32.301778" lon="77.372449"><ele>3673.3</ele></trkpt><trkpt lat="32.301806" lon="77.372492"><ele>3673.4</ele></trkpt><trkpt lat="32.301847" lon="77.372520"><ele>3671.9</ele></trkpt><trkpt lat="32.301885" lon="77.372561"><ele>3671.5</ele></trkpt><trkpt lat="32.301934" lon="77.372585"><ele>3669.8</ele></trkpt><trkpt lat="32.301976" lon="77.372615"><ele>3669.3</ele></trkpt><trkpt lat="32.302010" lon="77.372659"><ele>3670.0</ele></trkpt><trkpt lat="32.302045" lon="77.372707"><ele>3670.8</ele></trkpt><trkpt lat="32.302065" lon="77.372755"><ele>3671.9</ele></trkpt><trkpt lat="32.302107" lon="77.372795"><ele>3671.3</ele></trkpt><trkpt lat="32.302149" lon="77.372837"><ele>3670.9</ele></trkpt><trkpt lat="32.302171" lon="77.372894"><ele>3672.4</ele></trkpt><trkpt lat="32.302192" lon="77.372946"><ele>3673.8</ele></trkpt><trkpt lat="32.302214" lon="77.373005"><ele>3675.4</ele></trkpt><trkpt lat="32.302239" lon="77.373057"><ele>3676.4</ele></trkpt><trkpt lat="32.302263" lon="77.373109"><ele>3677.3</ele></trkpt><trkpt lat="32.302295" lon="77.373166"><ele>3678.0</ele></trkpt><trkpt lat="32.302323" lon="77.373210"><ele>3678.5</ele></trkpt><trkpt lat="32.302346" lon="77.373267"><ele>3679.7</ele></trkpt><trkpt lat="32.302325" lon="77.373319"><ele>3682.4</ele></trkpt><trkpt lat="32.302379" lon="77.373391"><ele>3682.6</ele></trkpt><trkpt lat="32.302411" lon="77.373434"><ele>3682.5</ele></trkpt><trkpt lat="32.302439" lon="77.373484"><ele>3682.7</ele></trkpt><trkpt lat="32.302472" lon="77.373547"><ele>3683.1</ele></trkpt><trkpt lat="32.302507" lon="77.373589"><ele>3682.7</ele></trkpt><trkpt lat="32.302543" lon="77.373632"><ele>3682.5</ele></trkpt><trkpt lat="32.302582" lon="77.373671"><ele>3682.1</ele></trkpt><trkpt lat="32.302606" lon="77.373723"><ele>3682.9</ele></trkpt><trkpt lat="32.302652" lon="77.373742"><ele>3681.3</ele></trkpt><trkpt lat="32.302680" lon="77.373785"><ele>3681.1</ele></trkpt><trkpt lat="32.302720" lon="77.373824"><ele>3680.1</ele></trkpt><trkpt lat="32.302775" lon="77.373840"><ele>3677.3</ele></trkpt><trkpt lat="32.302818" lon="77.373860"><ele>3675.4</ele></trkpt><trkpt lat="32.302870" lon="77.373883"><ele>3673.1</ele></trkpt><trkpt lat="32.302873" lon="77.373938"><ele>3675.1</ele></trkpt><trkpt lat="32.302898" lon="77.373990"><ele>3675.2</ele></trkpt><trkpt lat="32.302929" lon="77.374038"><ele>3674.6</ele></trkpt><trkpt lat="32.302949" lon="77.374094"><ele>3675.2</ele></trkpt><trkpt lat="32.302993" lon="77.374107"><ele>3672.5</ele></trkpt><trkpt lat="32.303043" lon="77.374122"><ele>3669.4</ele></trkpt><trkpt lat="32.303097" lon="77.374151"><ele>3666.6</ele></trkpt><trkpt lat="32.303126" lon="77.374195"><ele>3666.2</ele></trkpt><trkpt lat="32.303120" lon="77.374257"><ele>3668.6</ele></trkpt><trkpt lat="32.303146" lon="77.374308"><ele>3668.2</ele></trkpt><trkpt lat="32.303159" lon="77.374359"><ele>3668.9</ele></trkpt><trkpt lat="32.303154" lon="77.374426"><ele>3671.2</ele></trkpt><trkpt lat="32.303147" lon="77.374489"><ele>3673.5</ele></trkpt><trkpt lat="32.303182" lon="77.374533"><ele>3672.6</ele></trkpt><trkpt lat="32.303250" lon="77.374546"><ele>3668.9</ele></trkpt><trkpt lat="32.303250" lon="77.374600"><ele>3670.1</ele></trkpt><trkpt lat="32.303275" lon="77.374646"><ele>3669.7</ele></trkpt><trkpt lat="32.303280" lon="77.374702"><ele>3670.7</ele></trkpt><trkpt lat="32.303312" lon="77.374756"><ele>3670.3</ele></trkpt><trkpt lat="32.303352" lon="77.374797"><ele>3669.3</ele></trkpt><trkpt lat="32.303365" lon="77.374848"><ele>3669.5</ele></trkpt><trkpt lat="32.303391" lon="77.374902"><ele>3667.7</ele></trkpt><trkpt lat="32.303412" lon="77.374960"><ele>3666.4</ele></trkpt><trkpt lat="32.303439" lon="77.375009"><ele>3664.7</ele></trkpt><trkpt lat="32.303454" lon="77.375063"><ele>3664.2</ele></trkpt><trkpt lat="32.303482" lon="77.375107"><ele>3662.6</ele></trkpt><trkpt lat="32.303523" lon="77.375136"><ele>3660.0</ele></trkpt><trkpt lat="32.303584" lon="77.375145"><ele>3655.6</ele></trkpt><trkpt lat="32.303568" lon="77.375211"><ele>3658.9</ele></trkpt><trkpt lat="32.303549" lon="77.375260"><ele>3661.7</ele></trkpt><trkpt lat="32.303608" lon="77.375313"><ele>3659.8</ele></trkpt><trkpt lat="32.303647" lon="77.375343"><ele>3657.1</ele></trkpt><trkpt lat="32.303670" lon="77.375389"><ele>3656.6</ele></trkpt><trkpt lat="32.303630" lon="77.375423"><ele>3661.6</ele></trkpt><trkpt lat="32.303668" lon="77.375456"><ele>3658.8</ele></trkpt><trkpt lat="32.303717" lon="77.375474"><ele>3654.9</ele></trkpt><trkpt lat="32.303722" lon="77.375528"><ele>3656.0</ele></trkpt><trkpt lat="32.303736" lon="77.375587"><ele>3656.7</ele></trkpt><trkpt lat="32.303765" lon="77.375640"><ele>3656.2</ele></trkpt><trkpt lat="32.303809" lon="77.375664"><ele>3653.8</ele></trkpt><trkpt lat="32.303857" lon="77.375683"><ele>3651.0</ele></trkpt><trkpt lat="32.303890" lon="77.375723"><ele>3649.0</ele></trkpt><trkpt lat="32.303897" lon="77.375780"><ele>3649.0</ele></trkpt><trkpt lat="32.303923" lon="77.375831"><ele>3647.2</ele></trkpt><trkpt lat="32.303956" lon="77.375879"><ele>3645.0</ele></trkpt><trkpt lat="32.303986" lon="77.375932"><ele>3643.4</ele></trkpt><trkpt lat="32.304019" lon="77.375984"><ele>3641.8</ele></trkpt><trkpt lat="32.304041" lon="77.376038"><ele>3640.8</ele></trkpt><trkpt lat="32.304087" lon="77.376051"><ele>3637.5</ele></trkpt><trkpt lat="32.304140" lon="77.376080"><ele>3633.3</ele></trkpt><trkpt lat="32.304099" lon="77.376107"><ele>3636.9</ele></trkpt><trkpt lat="32.304154" lon="77.376110"><ele>3632.5</ele></trkpt><trkpt lat="32.304125" lon="77.376061"><ele>3634.4</ele></trkpt><trkpt lat="32.304063" lon="77.376010"><ele>3639.0</ele></trkpt><trkpt lat="32.304046" lon="77.375956"><ele>3639.0</ele></trkpt><trkpt lat="32.304081" lon="77.375898"><ele>3634.6</ele></trkpt><trkpt lat="32.304118" lon="77.375934"><ele>3632.4</ele></trkpt><trkpt lat="32.304151" lon="77.375976"><ele>3630.7</ele></trkpt><trkpt lat="32.304179" lon="77.376020"><ele>3629.4</ele></trkpt><trkpt lat="32.304220" lon="77.376054"><ele>3626.2</ele></trkpt><trkpt lat="32.304257" lon="77.376094"><ele>3623.7</ele></trkpt><trkpt lat="32.304297" lon="77.376128"><ele>3621.0</ele></trkpt><trkpt lat="32.304339" lon="77.376165"><ele>3618.4</ele></trkpt><trkpt lat="32.304378" lon="77.376197"><ele>3616.5</ele></trkpt><trkpt lat="32.304409" lon="77.376240"><ele>3615.5</ele></trkpt><trkpt lat="32.304432" lon="77.376295"><ele>3615.1</ele></trkpt><trkpt lat="32.304433" lon="77.376354"><ele>3615.8</ele></trkpt><trkpt lat="32.304424" lon="77.376412"><ele>3616.9</ele></trkpt><trkpt lat="32.304417" lon="77.376466"><ele>3617.7</ele></trkpt><trkpt lat="32.304423" lon="77.376523"><ele>3617.8</ele></trkpt><trkpt lat="32.304442" lon="77.376585"><ele>3617.2</ele></trkpt><trkpt lat="32.304475" lon="77.376624"><ele>3615.5</ele></trkpt><trkpt lat="32.304516" lon="77.376653"><ele>3613.2</ele></trkpt><trkpt lat="32.304546" lon="77.376693"><ele>3611.9</ele></trkpt><trkpt lat="32.304576" lon="77.376738"><ele>3610.8</ele></trkpt><trkpt lat="32.304616" lon="77.376780"><ele>3609.0</ele></trkpt><trkpt lat="32.304631" lon="77.376835"><ele>3608.9</ele></trkpt><trkpt lat="32.304668" lon="77.376880"><ele>3607.6</ele></trkpt><trkpt lat="32.304705" lon="77.376914"><ele>3606.1</ele></trkpt><trkpt lat="32.304736" lon="77.376961"><ele>3605.6</ele></trkpt><trkpt lat="32.304789" lon="77.376965"><ele>3602.9</ele></trkpt><trkpt lat="32.304839" lon="77.376980"><ele>3600.4</ele></trkpt><trkpt lat="32.304899" lon="77.376985"><ele>3596.7</ele></trkpt><trkpt lat="32.304926" lon="77.377041"><ele>3596.5</ele></trkpt><trkpt lat="32.304968" lon="77.377076"><ele>3594.7</ele></trkpt><trkpt lat="32.305016" lon="77.377104"><ele>3592.5</ele></trkpt><trkpt lat="32.305056" lon="77.377131"><ele>3590.7</ele></trkpt><trkpt lat="32.305099" lon="77.377156"><ele>3588.6</ele></trkpt><trkpt lat="32.305141" lon="77.377129"><ele>3584.9</ele></trkpt><trkpt lat="32.305182" lon="77.377102"><ele>3581.0</ele></trkpt><trkpt lat="32.305198" lon="77.377157"><ele>3582.0</ele></trkpt><trkpt lat="32.305202" lon="77.377211"><ele>3583.8</ele></trkpt><trkpt lat="32.305219" lon="77.377270"><ele>3583.8</ele></trkpt><trkpt lat="32.305255" lon="77.377307"><ele>3582.3</ele></trkpt><trkpt lat="32.305285" lon="77.377363"><ele>3581.6</ele></trkpt><trkpt lat="32.305340" lon="77.377363"><ele>3578.5</ele></trkpt><trkpt lat="32.305380" lon="77.377389"><ele>3576.6</ele></trkpt><trkpt lat="32.305416" lon="77.377434"><ele>3575.6</ele></trkpt><trkpt lat="32.305458" lon="77.377481"><ele>3574.4</ele></trkpt><trkpt lat="32.305471" lon="77.377539"><ele>3574.5</ele></trkpt><trkpt lat="32.305493" lon="77.377591"><ele>3573.0</ele></trkpt><trkpt lat="32.305507" lon="77.377645"><ele>3571.8</ele></trkpt><trkpt lat="32.305507" lon="77.377705"><ele>3571.4</ele></trkpt><trkpt lat="32.305531" lon="77.377756"><ele>3569.4</ele></trkpt><trkpt lat="32.305582" lon="77.377769"><ele>3566.0</ele></trkpt><trkpt lat="32.305600" lon="77.377818"><ele>3564.4</ele></trkpt><trkpt lat="32.305633" lon="77.377868"><ele>3561.9</ele></trkpt><trkpt lat="32.305652" lon="77.377933"><ele>3560.2</ele></trkpt><trkpt lat="32.305678" lon="77.377990"><ele>3558.5</ele></trkpt><trkpt lat="32.305723" lon="77.378049"><ele>3556.3</ele></trkpt><trkpt lat="32.305764" lon="77.378081"><ele>3554.7</ele></trkpt><trkpt lat="32.305817" lon="77.378113"><ele>3552.7</ele></trkpt><trkpt lat="32.305857" lon="77.378142"><ele>3550.6</ele></trkpt><trkpt lat="32.305876" lon="77.378196"><ele>3549.9</ele></trkpt><trkpt lat="32.305891" lon="77.378250"><ele>3549.4</ele></trkpt><trkpt lat="32.305938" lon="77.378286"><ele>3547.0</ele></trkpt><trkpt lat="32.305973" lon="77.378326"><ele>3545.2</ele></trkpt><trkpt lat="32.305996" lon="77.378390"><ele>3544.3</ele></trkpt><trkpt lat="32.306024" lon="77.378441"><ele>3542.9</ele></trkpt><trkpt lat="32.306033" lon="77.378496"><ele>3542.7</ele></trkpt><trkpt lat="32.306068" lon="77.378548"><ele>3540.7</ele></trkpt><trkpt lat="32.306111" lon="77.378568"><ele>3537.9</ele></trkpt><trkpt lat="32.306149" lon="77.378610"><ele>3535.4</ele></trkpt><trkpt lat="32.306188" lon="77.378640"><ele>3532.9</ele></trkpt><trkpt lat="32.306225" lon="77.378686"><ele>3530.5</ele></trkpt><trkpt lat="32.306241" lon="77.378742"><ele>3529.5</ele></trkpt><trkpt lat="32.306269" lon="77.378785"><ele>3527.6</ele></trkpt><trkpt lat="32.306312" lon="77.378806"><ele>3524.6</ele></trkpt><trkpt lat="32.306352" lon="77.378837"><ele>3522.0</ele></trkpt><trkpt lat="32.306398" lon="77.378887"><ele>3519.0</ele></trkpt><trkpt lat="32.306465" lon="77.378906"><ele>3514.7</ele></trkpt><trkpt lat="32.306524" lon="77.378912"><ele>3510.8</ele></trkpt><trkpt lat="32.306537" lon="77.378968"><ele>3510.3</ele></trkpt><trkpt lat="32.306549" lon="77.379020"><ele>3510.0</ele></trkpt><trkpt lat="32.306559" lon="77.379072"><ele>3510.8</ele></trkpt><trkpt lat="32.306562" lon="77.379133"><ele>3512.1</ele></trkpt><trkpt lat="32.306588" lon="77.379178"><ele>3511.8</ele></trkpt><trkpt lat="32.306641" lon="77.379197"><ele>3509.5</ele></trkpt><trkpt lat="32.306721" lon="77.379229"><ele>3506.2</ele></trkpt><trkpt lat="32.306766" lon="77.379249"><ele>3504.4</ele></trkpt><trkpt lat="32.306818" lon="77.379274"><ele>3502.6</ele></trkpt><trkpt lat="32.306861" lon="77.379311"><ele>3501.6</ele></trkpt><trkpt lat="32.306902" lon="77.379334"><ele>3500.1</ele></trkpt><trkpt lat="32.306952" lon="77.379350"><ele>3498.1</ele></trkpt><trkpt lat="32.307009" lon="77.379353"><ele>3495.7</ele></trkpt><trkpt lat="32.307059" lon="77.379354"><ele>3493.7</ele></trkpt><trkpt lat="32.307122" lon="77.379358"><ele>3491.3</ele></trkpt><trkpt lat="32.307172" lon="77.379349"><ele>3489.3</ele></trkpt><trkpt lat="32.307222" lon="77.379353"><ele>3487.4</ele></trkpt><trkpt lat="32.307267" lon="77.379371"><ele>3485.9</ele></trkpt><trkpt lat="32.307352" lon="77.379377"><ele>3481.2</ele></trkpt><trkpt lat="32.307437" lon="77.379382"><ele>3476.2</ele></trkpt><trkpt lat="32.307493" lon="77.379422"><ele>3473.7</ele></trkpt><trkpt lat="32.307550" lon="77.379462"><ele>3471.5</ele></trkpt><trkpt lat="32.307585" lon="77.379422"><ele>3468.8</ele></trkpt><trkpt lat="32.307629" lon="77.379438"><ele>3466.9</ele></trkpt><trkpt lat="32.307699" lon="77.379460"><ele>3463.7</ele></trkpt><trkpt lat="32.307770" lon="77.379482"><ele>3460.5</ele></trkpt><trkpt lat="32.307827" lon="77.379504"><ele>3459.8</ele></trkpt><trkpt lat="32.307880" lon="77.379529"><ele>3459.4</ele></trkpt><trkpt lat="32.307930" lon="77.379538"><ele>3458.7</ele></trkpt><trkpt lat="32.307983" lon="77.379535"><ele>3457.8</ele></trkpt><trkpt lat="32.308038" lon="77.379546"><ele>3457.0</ele></trkpt><trkpt lat="32.308090" lon="77.379561"><ele>3456.0</ele></trkpt><trkpt lat="32.308134" lon="77.379542"><ele>3454.9</ele></trkpt><trkpt lat="32.308195" lon="77.379527"><ele>3453.7</ele></trkpt><trkpt lat="32.308251" lon="77.379535"><ele>3452.5</ele></trkpt><trkpt lat="32.308297" lon="77.379543"><ele>3451.9</ele></trkpt><trkpt lat="32.308341" lon="77.379554"><ele>3451.6</ele></trkpt><trkpt lat="32.308395" lon="77.379589"><ele>3451.1</ele></trkpt><trkpt lat="32.308459" lon="77.379590"><ele>3450.8</ele></trkpt><trkpt lat="32.308505" lon="77.379603"><ele>3450.5</ele></trkpt><trkpt lat="32.308556" lon="77.379621"><ele>3449.8</ele></trkpt><trkpt lat="32.308620" lon="77.379634"><ele>3448.7</ele></trkpt><trkpt lat="32.308672" lon="77.379665"><ele>3447.9</ele></trkpt><trkpt lat="32.308715" lon="77.379684"><ele>3446.9</ele></trkpt><trkpt lat="32.308766" lon="77.379710"><ele>3445.8</ele></trkpt><trkpt lat="32.308808" lon="77.379747"><ele>3443.4</ele></trkpt><trkpt lat="32.308870" lon="77.379719"><ele>3440.7</ele></trkpt><trkpt lat="32.308943" lon="77.379774"><ele>3437.2</ele></trkpt><trkpt lat="32.309003" lon="77.379819"><ele>3434.9</ele></trkpt><trkpt lat="32.309043" lon="77.379858"><ele>3433.2</ele></trkpt><trkpt lat="32.309093" lon="77.379869"><ele>3430.3</ele></trkpt><trkpt lat="32.309046" lon="77.379851"><ele>3432.9</ele></trkpt><trkpt lat="32.308998" lon="77.379840"><ele>3435.3</ele></trkpt><trkpt lat="32.308951" lon="77.379818"><ele>3437.0</ele></trkpt><trkpt lat="32.308916" lon="77.379781"><ele>3438.4</ele></trkpt><trkpt lat="32.308856" lon="77.379739"><ele>3441.3</ele></trkpt><trkpt lat="32.308814" lon="77.379719"><ele>3443.5</ele></trkpt><trkpt lat="32.308779" lon="77.379680"><ele>3445.8</ele></trkpt><trkpt lat="32.308836" lon="77.379686"><ele>3442.7</ele></trkpt><trkpt lat="32.308889" lon="77.379698"><ele>3439.8</ele></trkpt><trkpt lat="32.308835" lon="77.379709"><ele>3442.5</ele></trkpt><trkpt lat="32.308786" lon="77.379714"><ele>3444.9</ele></trkpt><trkpt lat="32.308788" lon="77.379769"><ele>3444.0</ele></trkpt><trkpt lat="32.308809" lon="77.379718"><ele>3443.7</ele></trkpt><trkpt lat="32.308855" lon="77.379709"><ele>3441.5</ele></trkpt><trkpt lat="32.308817" lon="77.379675"><ele>3443.8</ele></trkpt><trkpt lat="32.308856" lon="77.379703"><ele>3441.5</ele></trkpt><trkpt lat="32.308817" lon="77.379732"><ele>3443.2</ele></trkpt><trkpt lat="32.308863" lon="77.379745"><ele>3440.9</ele></trkpt><trkpt lat="32.308909" lon="77.379785"><ele>3438.7</ele></trkpt><trkpt lat="32.308955" lon="77.379807"><ele>3436.8</ele></trkpt><trkpt lat="32.308999" lon="77.379831"><ele>3435.2</ele></trkpt><trkpt lat="32.309048" lon="77.379846"><ele>3432.7</ele></trkpt><trkpt lat="32.309092" lon="77.379865"><ele>3430.3</ele></trkpt><trkpt lat="32.309144" lon="77.379875"><ele>3427.3</ele></trkpt><trkpt lat="32.309201" lon="77.379884"><ele>3424.0</ele></trkpt><trkpt lat="32.309239" lon="77.379923"><ele>3422.8</ele></trkpt><trkpt lat="32.309283" lon="77.379970"><ele>3421.7</ele></trkpt><trkpt lat="32.309320" lon="77.380006"><ele>3421.0</ele></trkpt><trkpt lat="32.309347" lon="77.380049"><ele>3421.3</ele></trkpt><trkpt lat="32.309393" lon="77.380074"><ele>3419.9</ele></trkpt><trkpt lat="32.309441" lon="77.380057"><ele>3416.8</ele></trkpt><trkpt lat="32.309492" lon="77.380038"><ele>3413.3</ele></trkpt><trkpt lat="32.309545" lon="77.380022"><ele>3410.1</ele></trkpt><trkpt lat="32.309601" lon="77.380010"><ele>3407.0</ele></trkpt><trkpt lat="32.309653" lon="77.380025"><ele>3405.3</ele></trkpt><trkpt lat="32.309699" lon="77.380008"><ele>3402.6</ele></trkpt><trkpt lat="32.309689" lon="77.379952"><ele>3401.0</ele></trkpt><trkpt lat="32.309656" lon="77.379906"><ele>3401.0</ele></trkpt><trkpt lat="32.309637" lon="77.379856"><ele>3400.3</ele></trkpt><trkpt lat="32.309586" lon="77.379827"><ele>3401.5</ele></trkpt><trkpt lat="32.309538" lon="77.379816"><ele>3403.1</ele></trkpt><trkpt lat="32.309524" lon="77.379763"><ele>3401.9</ele></trkpt><trkpt lat="32.309510" lon="77.379710"><ele>3400.8</ele></trkpt><trkpt lat="32.309476" lon="77.379664"><ele>3401.4</ele></trkpt><trkpt lat="32.309447" lon="77.379617"><ele>3401.6</ele></trkpt><trkpt lat="32.309410" lon="77.379581"><ele>3402.7</ele></trkpt><trkpt lat="32.309388" lon="77.379533"><ele>3402.4</ele></trkpt><trkpt lat="32.309350" lon="77.379501"><ele>3403.6</ele></trkpt><trkpt lat="32.309354" lon="77.379445"><ele>3401.6</ele></trkpt><trkpt lat="32.309364" lon="77.379393"><ele>3399.4</ele></trkpt><trkpt lat="32.309355" lon="77.379338"><ele>3398.7</ele></trkpt><trkpt lat="32.309347" lon="77.379286"><ele>3398.1</ele></trkpt><trkpt lat="32.309326" lon="77.379234"><ele>3398.2</ele></trkpt><trkpt lat="32.309368" lon="77.379201"><ele>3395.4</ele></trkpt><trkpt lat="32.309415" lon="77.379235"><ele>3393.6</ele></trkpt><trkpt lat="32.309463" lon="77.379257"><ele>3391.4</ele></trkpt><trkpt lat="32.309507" lon="77.379275"><ele>3389.4</ele></trkpt><trkpt lat="32.309557" lon="77.379280"><ele>3387.3</ele></trkpt><trkpt lat="32.309606" lon="77.379284"><ele>3385.6</ele></trkpt><trkpt lat="32.309649" lon="77.379302"><ele>3384.4</ele></trkpt><trkpt lat="32.309691" lon="77.379329"><ele>3383.3</ele></trkpt><trkpt lat="32.309733" lon="77.379348"><ele>3382.1</ele></trkpt><trkpt lat="32.309765" lon="77.379390"><ele>3381.6</ele></trkpt><trkpt lat="32.309814" lon="77.379392"><ele>3379.9</ele></trkpt><trkpt lat="32.309856" lon="77.379416"><ele>3379.1</ele></trkpt><trkpt lat="32.309903" lon="77.379439"><ele>3378.1</ele></trkpt><trkpt lat="32.309948" lon="77.379455"><ele>3377.0</ele></trkpt><trkpt lat="32.309993" lon="77.379445"><ele>3375.2</ele></trkpt><trkpt lat="32.310029" lon="77.379407"><ele>3372.7</ele></trkpt><trkpt lat="32.310035" lon="77.379348"><ele>3371.3</ele></trkpt><trkpt lat="32.310075" lon="77.379319"><ele>3368.7</ele></trkpt><trkpt lat="32.310090" lon="77.379261"><ele>3366.9</ele></trkpt><trkpt lat="32.310098" lon="77.379202"><ele>3365.4</ele></trkpt><trkpt lat="32.310108" lon="77.379145"><ele>3363.8</ele></trkpt><trkpt lat="32.310142" lon="77.379108"><ele>3361.3</ele></trkpt><trkpt lat="32.310182" lon="77.379074"><ele>3358.8</ele></trkpt><trkpt lat="32.310201" lon="77.379018"><ele>3357.5</ele></trkpt><trkpt lat="32.310184" lon="77.378967"><ele>3358.3</ele></trkpt><trkpt lat="32.310186" lon="77.378912"><ele>3357.9</ele></trkpt><trkpt lat="32.310233" lon="77.378888"><ele>3355.3</ele></trkpt><trkpt lat="32.310262" lon="77.378845"><ele>3353.6</ele></trkpt><trkpt lat="32.310269" lon="77.378789"><ele>3353.1</ele></trkpt><trkpt lat="32.310273" lon="77.378728"><ele>3352.9</ele></trkpt><trkpt lat="32.310291" lon="77.378672"><ele>3352.1</ele></trkpt><trkpt lat="32.310309" lon="77.378614"><ele>3351.8</ele></trkpt><trkpt lat="32.310318" lon="77.378561"><ele>3351.6</ele></trkpt><trkpt lat="32.310337" lon="77.378509"><ele>3351.4</ele></trkpt><trkpt lat="32.310329" lon="77.378454"><ele>3351.5</ele></trkpt><trkpt lat="32.310309" lon="77.378398"><ele>3351.7</ele></trkpt><trkpt lat="32.310320" lon="77.378346"><ele>3351.6</ele></trkpt><trkpt lat="32.310320" lon="77.378273"><ele>3351.6</ele></trkpt><trkpt lat="32.310291" lon="77.378215"><ele>3352.1</ele></trkpt><trkpt lat="32.310270" lon="77.378152"><ele>3352.2</ele></trkpt><trkpt lat="32.310263" lon="77.378099"><ele>3352.1</ele></trkpt><trkpt lat="32.310291" lon="77.378057"><ele>3351.2</ele></trkpt><trkpt lat="32.310259" lon="77.378015"><ele>3351.6</ele></trkpt><trkpt lat="32.310247" lon="77.377962"><ele>3351.5</ele></trkpt><trkpt lat="32.310279" lon="77.377911"><ele>3350.6</ele></trkpt><trkpt lat="32.310304" lon="77.377863"><ele>3350.0</ele></trkpt><trkpt lat="32.310347" lon="77.377839"><ele>3349.4</ele></trkpt><trkpt lat="32.310362" lon="77.377785"><ele>3349.1</ele></trkpt><trkpt lat="32.310356" lon="77.377729"><ele>3349.1</ele></trkpt><trkpt lat="32.310342" lon="77.377671"><ele>3349.1</ele></trkpt><trkpt lat="32.310345" lon="77.377617"><ele>3348.9</ele></trkpt><trkpt lat="32.310350" lon="77.377562"><ele>3348.7</ele></trkpt><trkpt lat="32.310356" lon="77.377501"><ele>3348.5</ele></trkpt><trkpt lat="32.310374" lon="77.377437"><ele>3348.1</ele></trkpt><trkpt lat="32.310382" lon="77.377378"><ele>3347.8</ele></trkpt><trkpt lat="32.310394" lon="77.377321"><ele>3347.5</ele></trkpt><trkpt lat="32.310397" lon="77.377259"><ele>3347.3</ele></trkpt><trkpt lat="32.310396" lon="77.377204"><ele>3347.2</ele></trkpt><trkpt lat="32.310411" lon="77.377147"><ele>3346.8</ele></trkpt><trkpt lat="32.310415" lon="77.377087"><ele>3346.6</ele></trkpt><trkpt lat="32.310457" lon="77.377065"><ele>3345.7</ele></trkpt><trkpt lat="32.310459" lon="77.377009"><ele>3345.0</ele></trkpt><trkpt lat="32.310467" lon="77.376953"><ele>3344.2</ele></trkpt><trkpt lat="32.310471" lon="77.376900"><ele>3343.4</ele></trkpt><trkpt lat="32.310484" lon="77.376841"><ele>3342.4</ele></trkpt><trkpt lat="32.310466" lon="77.376791"><ele>3342.2</ele></trkpt><trkpt lat="32.310468" lon="77.376729"><ele>3341.3</ele></trkpt><trkpt lat="32.310459" lon="77.376674"><ele>3340.6</ele></trkpt><trkpt lat="32.310450" lon="77.376611"><ele>3339.9</ele></trkpt><trkpt lat="32.310452" lon="77.376547"><ele>3338.8</ele></trkpt><trkpt lat="32.310452" lon="77.376491"><ele>3337.9</ele></trkpt><trkpt lat="32.310420" lon="77.376448"><ele>3338.3</ele></trkpt><trkpt lat="32.310423" lon="77.376394"><ele>3337.6</ele></trkpt><trkpt lat="32.310412" lon="77.376338"><ele>3337.3</ele></trkpt><trkpt lat="32.310407" lon="77.376283"><ele>3336.8</ele></trkpt><trkpt lat="32.310404" lon="77.376227"><ele>3336.3</ele></trkpt><trkpt lat="32.310413" lon="77.376168"><ele>3335.5</ele></trkpt><trkpt lat="32.310417" lon="77.376109"><ele>3335.0</ele></trkpt><trkpt lat="32.310418" lon="77.376050"><ele>3334.5</ele></trkpt><trkpt lat="32.310422" lon="77.375996"><ele>3334.0</ele></trkpt><trkpt lat="32.310424" lon="77.375938"><ele>3333.6</ele></trkpt><trkpt lat="32.310422" lon="77.375881"><ele>3333.2</ele></trkpt><trkpt lat="32.310412" lon="77.375824"><ele>3333.3</ele></trkpt><trkpt lat="32.310407" lon="77.375768"><ele>3333.2</ele></trkpt><trkpt lat="32.310402" lon="77.375708"><ele>3333.0</ele></trkpt><trkpt lat="32.310416" lon="77.375656"><ele>3332.3</ele></trkpt><trkpt lat="32.310418" lon="77.375602"><ele>3331.9</ele></trkpt><trkpt lat="32.310416" lon="77.375543"><ele>3331.5</ele></trkpt><trkpt lat="32.310389" lon="77.375490"><ele>3332.0</ele></trkpt><trkpt lat="32.310373" lon="77.375431"><ele>3332.1</ele></trkpt><trkpt lat="32.310370" lon="77.375374"><ele>3331.7</ele></trkpt><trkpt lat="32.310403" lon="77.375325"><ele>3330.1</ele></trkpt><trkpt lat="32.310409" lon="77.375269"><ele>3329.9</ele></trkpt><trkpt lat="32.310409" lon="77.375203"><ele>3330.5</ele></trkpt><trkpt lat="32.310413" lon="77.375138"><ele>3330.9</ele></trkpt><trkpt lat="32.310441" lon="77.375093"><ele>3330.5</ele></trkpt><trkpt lat="32.310482" lon="77.375065"><ele>3329.5</ele></trkpt><trkpt lat="32.310496" lon="77.375013"><ele>3329.6</ele></trkpt><trkpt lat="32.310510" lon="77.374961"><ele>3330.0</ele></trkpt><trkpt lat="32.310511" lon="77.374908"><ele>3330.8</ele></trkpt><trkpt lat="32.310541" lon="77.374865"><ele>3330.7</ele></trkpt><trkpt lat="32.310567" lon="77.374809"><ele>3330.9</ele></trkpt><trkpt lat="32.310588" lon="77.374754"><ele>3331.3</ele></trkpt><trkpt lat="32.310603" lon="77.374697"><ele>3331.5</ele></trkpt><trkpt lat="32.310626" lon="77.374643"><ele>3330.5</ele></trkpt><trkpt lat="32.310659" lon="77.374598"><ele>3329.5</ele></trkpt><trkpt lat="32.310675" lon="77.374546"><ele>3328.8</ele></trkpt><trkpt lat="32.310693" lon="77.374490"><ele>3328.0</ele></trkpt><trkpt lat="32.310689" lon="77.374437"><ele>3327.8</ele></trkpt><trkpt lat="32.310704" lon="77.374383"><ele>3327.7</ele></trkpt><trkpt lat="32.310725" lon="77.374334"><ele>3327.6</ele></trkpt><trkpt lat="32.310749" lon="77.374287"><ele>3327.2</ele></trkpt><trkpt lat="32.310746" lon="77.374230"><ele>3327.6</ele></trkpt><trkpt lat="32.310753" lon="77.374165"><ele>3327.7</ele></trkpt><trkpt lat="32.310767" lon="77.374104"><ele>3327.8</ele></trkpt><trkpt lat="32.310795" lon="77.374055"><ele>3327.4</ele></trkpt><trkpt lat="32.310795" lon="77.373998"><ele>3328.4</ele></trkpt><trkpt lat="32.310798" lon="77.373942"><ele>3329.1</ele></trkpt><trkpt lat="32.310814" lon="77.373889"><ele>3329.1</ele></trkpt><trkpt lat="32.310819" lon="77.373836"><ele>3329.7</ele></trkpt><trkpt lat="32.310818" lon="77.373780"><ele>3330.8</ele></trkpt><trkpt lat="32.310833" lon="77.373726"><ele>3331.0</ele></trkpt><trkpt lat="32.310876" lon="77.373705"><ele>3328.8</ele></trkpt><trkpt lat="32.310915" lon="77.373664"><ele>3327.4</ele></trkpt><trkpt lat="32.310902" lon="77.373603"><ele>3329.1</ele></trkpt><trkpt lat="32.310903" lon="77.373541"><ele>3330.1</ele></trkpt><trkpt lat="32.310937" lon="77.373504"><ele>3329.1</ele></trkpt><trkpt lat="32.310921" lon="77.373451"><ele>3331.6</ele></trkpt><trkpt lat="32.310901" lon="77.373402"><ele>3334.2</ele></trkpt><trkpt lat="32.310883" lon="77.373351"><ele>3336.8</ele></trkpt><trkpt lat="32.310893" lon="77.373296"><ele>3337.7</ele></trkpt><trkpt lat="32.310908" lon="77.373240"><ele>3338.3</ele></trkpt><trkpt lat="32.310947" lon="77.373206"><ele>3336.9</ele></trkpt><trkpt lat="32.310971" lon="77.373155"><ele>3336.8</ele></trkpt><trkpt lat="32.311000" lon="77.373113"><ele>3336.1</ele></trkpt><trkpt lat="32.311014" lon="77.373058"><ele>3336.7</ele></trkpt><trkpt lat="32.311043" lon="77.373015"><ele>3336.0</ele></trkpt><trkpt lat="32.311071" lon="77.372969"><ele>3335.3</ele></trkpt><trkpt lat="32.311115" lon="77.372953"><ele>3332.9</ele></trkpt><trkpt lat="32.311152" lon="77.372917"><ele>3331.6</ele></trkpt><trkpt lat="32.311198" lon="77.372896"><ele>3329.2</ele></trkpt><trkpt lat="32.311236" lon="77.372867"><ele>3327.7</ele></trkpt><trkpt lat="32.311239" lon="77.372802"><ele>3329.7</ele></trkpt><trkpt lat="32.311257" lon="77.372744"><ele>3330.5</ele></trkpt><trkpt lat="32.311281" lon="77.372699"><ele>3330.5</ele></trkpt><trkpt lat="32.311321" lon="77.372665"><ele>3329.1</ele></trkpt><trkpt lat="32.311348" lon="77.372617"><ele>3329.2</ele></trkpt><trkpt lat="32.311367" lon="77.372566"><ele>3329.8</ele></trkpt><trkpt lat="32.311418" lon="77.372545"><ele>3327.6</ele></trkpt><trkpt lat="32.311439" lon="77.372494"><ele>3328.5</ele></trkpt><trkpt lat="32.311447" lon="77.372440"><ele>3330.0</ele></trkpt><trkpt lat="32.311510" lon="77.372433"><ele>3327.1</ele></trkpt><trkpt lat="32.311557" lon="77.372412"><ele>3325.4</ele></trkpt><trkpt lat="32.311609" lon="77.372402"><ele>3323.0</ele></trkpt><trkpt lat="32.311652" lon="77.372375"><ele>3321.5</ele></trkpt><trkpt lat="32.311695" lon="77.372356"><ele>3320.7</ele></trkpt><trkpt lat="32.311712" lon="77.372305"><ele>3321.4</ele></trkpt><trkpt lat="32.311745" lon="77.372259"><ele>3321.5</ele></trkpt><trkpt lat="32.311780" lon="77.372219"><ele>3321.3</ele></trkpt><trkpt lat="32.311786" lon="77.372165"><ele>3322.2</ele></trkpt><trkpt lat="32.311809" lon="77.372113"><ele>3322.5</ele></trkpt><trkpt lat="32.311831" lon="77.372064"><ele>3323.1</ele></trkpt><trkpt lat="32.311854" lon="77.372005"><ele>3323.9</ele></trkpt><trkpt lat="32.311865" lon="77.371949"><ele>3324.9</ele></trkpt><trkpt lat="32.311884" lon="77.371892"><ele>3325.3</ele></trkpt><trkpt lat="32.311888" lon="77.371839"><ele>3326.4</ele></trkpt><trkpt lat="32.311911" lon="77.371791"><ele>3326.3</ele></trkpt><trkpt lat="32.311949" lon="77.371753"><ele>3326.2</ele></trkpt><trkpt lat="32.311990" lon="77.371722"><ele>3325.8</ele></trkpt><trkpt lat="32.312034" lon="77.371696"><ele>3325.1</ele></trkpt><trkpt lat="32.312080" lon="77.371672"><ele>3324.1</ele></trkpt><trkpt lat="32.312113" lon="77.371631"><ele>3323.9</ele></trkpt><trkpt lat="32.312143" lon="77.371588"><ele>3323.8</ele></trkpt><trkpt lat="32.312192" lon="77.371548"><ele>3323.1</ele></trkpt><trkpt lat="32.312235" lon="77.371525"><ele>3322.5</ele></trkpt><trkpt lat="32.312284" lon="77.371502"><ele>3321.7</ele></trkpt><trkpt lat="32.312312" lon="77.371451"><ele>3322.3</ele></trkpt><trkpt lat="32.312346" lon="77.371410"><ele>3322.5</ele></trkpt><trkpt lat="32.312380" lon="77.371374"><ele>3322.6</ele></trkpt><trkpt lat="32.312415" lon="77.371329"><ele>3323.0</ele></trkpt><trkpt lat="32.312435" lon="77.371281"><ele>3323.9</ele></trkpt><trkpt lat="32.312461" lon="77.371231"><ele>3324.7</ele></trkpt><trkpt lat="32.312496" lon="77.371187"><ele>3325.1</ele></trkpt><trkpt lat="32.312524" lon="77.371144"><ele>3325.6</ele></trkpt><trkpt lat="32.312571" lon="77.371126"><ele>3325.1</ele></trkpt><trkpt lat="32.312603" lon="77.371080"><ele>3325.6</ele></trkpt><trkpt lat="32.312627" lon="77.371027"><ele>3326.5</ele></trkpt><trkpt lat="32.312678" lon="77.371001"><ele>3326.1</ele></trkpt><trkpt lat="32.312723" lon="77.370983"><ele>3325.2</ele></trkpt><trkpt lat="32.312763" lon="77.370954"><ele>3324.8</ele></trkpt><trkpt lat="32.312795" lon="77.370906"><ele>3325.1</ele></trkpt><trkpt lat="32.312822" lon="77.370862"><ele>3325.6</ele></trkpt><trkpt lat="32.312861" lon="77.370836"><ele>3325.1</ele></trkpt><trkpt lat="32.312901" lon="77.370797"><ele>3325.0</ele></trkpt><trkpt lat="32.312934" lon="77.370750"><ele>3325.4</ele></trkpt><trkpt lat="32.312961" lon="77.370700"><ele>3325.9</ele></trkpt><trkpt lat="32.312973" lon="77.370647"><ele>3326.8</ele></trkpt><trkpt lat="32.313008" lon="77.370605"><ele>3326.3</ele></trkpt><trkpt lat="32.313029" lon="77.370549"><ele>3326.6</ele></trkpt><trkpt lat="32.313050" lon="77.370493"><ele>3326.9</ele></trkpt><trkpt lat="32.313073" lon="77.370447"><ele>3327.0</ele></trkpt><trkpt lat="32.313113" lon="77.370422"><ele>3326.2</ele></trkpt><trkpt lat="32.313151" lon="77.370386"><ele>3325.7</ele></trkpt><trkpt lat="32.313166" lon="77.370330"><ele>3325.3</ele></trkpt><trkpt lat="32.313197" lon="77.370273"><ele>3324.1</ele></trkpt><trkpt lat="32.313220" lon="77.370209"><ele>3323.2</ele></trkpt><trkpt lat="32.313262" lon="77.370181"><ele>3322.0</ele></trkpt><trkpt lat="32.313244" lon="77.370127"><ele>3322.3</ele></trkpt><trkpt lat="32.313272" lon="77.370079"><ele>3321.6</ele></trkpt><trkpt lat="32.313301" lon="77.370030"><ele>3321.0</ele></trkpt><trkpt lat="32.313332" lon="77.369986"><ele>3320.1</ele></trkpt><trkpt lat="32.313339" lon="77.369930"><ele>3319.8</ele></trkpt><trkpt lat="32.313345" lon="77.369871"><ele>3319.5</ele></trkpt><trkpt lat="32.313360" lon="77.369818"><ele>3318.8</ele></trkpt><trkpt lat="32.313371" lon="77.369759"><ele>3319.3</ele></trkpt><trkpt lat="32.313395" lon="77.369705"><ele>3320.1</ele></trkpt><trkpt lat="32.313434" lon="77.369666"><ele>3319.5</ele></trkpt><trkpt lat="32.313477" lon="77.369639"><ele>3318.9</ele></trkpt><trkpt lat="32.313521" lon="77.369607"><ele>3318.7</ele></trkpt><trkpt lat="32.313554" lon="77.369563"><ele>3318.6</ele></trkpt><trkpt lat="32.313593" lon="77.369527"><ele>3318.0</ele></trkpt><trkpt lat="32.313646" lon="77.369498"><ele>3316.6</ele></trkpt><trkpt lat="32.313685" lon="77.369456"><ele>3316.8</ele></trkpt><trkpt lat="32.313719" lon="77.369419"><ele>3317.1</ele></trkpt><trkpt lat="32.313768" lon="77.369389"><ele>3317.2</ele></trkpt><trkpt lat="32.313813" lon="77.369359"><ele>3317.2</ele></trkpt><trkpt lat="32.313856" lon="77.369320"><ele>3317.3</ele></trkpt><trkpt lat="32.313903" lon="77.369277"><ele>3317.2</ele></trkpt><trkpt lat="32.313945" lon="77.369241"><ele>3316.8</ele></trkpt><trkpt lat="32.313989" lon="77.369208"><ele>3316.9</ele></trkpt><trkpt lat="32.314010" lon="77.369153"><ele>3317.8</ele></trkpt><trkpt lat="32.314042" lon="77.369112"><ele>3318.1</ele></trkpt><trkpt lat="32.314076" lon="77.369072"><ele>3318.3</ele></trkpt><trkpt lat="32.314100" lon="77.369018"><ele>3318.7</ele></trkpt><trkpt lat="32.314118" lon="77.368963"><ele>3319.1</ele></trkpt><trkpt lat="32.314133" lon="77.368905"><ele>3319.3</ele></trkpt><trkpt lat="32.314164" lon="77.368852"><ele>3318.8</ele></trkpt><trkpt lat="32.314210" lon="77.368812"><ele>3317.6</ele></trkpt><trkpt lat="32.314242" lon="77.368768"><ele>3317.3</ele></trkpt><trkpt lat="32.314255" lon="77.368711"><ele>3317.4</ele></trkpt><trkpt lat="32.314286" lon="77.368661"><ele>3317.4</ele></trkpt><trkpt lat="32.314311" lon="77.368615"><ele>3317.5</ele></trkpt><trkpt lat="32.314346" lon="77.368569"><ele>3317.4</ele></trkpt><trkpt lat="32.314369" lon="77.368519"><ele>3317.4</ele></trkpt><trkpt lat="32.314382" lon="77.368459"><ele>3317.3</ele></trkpt><trkpt lat="32.314411" lon="77.368406"><ele>3317.1</ele></trkpt><trkpt lat="32.314454" lon="77.368387"><ele>3316.8</ele></trkpt><trkpt lat="32.314499" lon="77.368354"><ele>3316.4</ele></trkpt><trkpt lat="32.314535" lon="77.368315"><ele>3316.2</ele></trkpt><trkpt lat="32.314573" lon="77.368279"><ele>3315.9</ele></trkpt><trkpt lat="32.314600" lon="77.368232"><ele>3315.5</ele></trkpt><trkpt lat="32.314614" lon="77.368176"><ele>3315.2</ele></trkpt><trkpt lat="32.314641" lon="77.368125"><ele>3314.8</ele></trkpt><trkpt lat="32.314656" lon="77.368074"><ele>3314.4</ele></trkpt><trkpt lat="32.314664" lon="77.368013"><ele>3314.7</ele></trkpt><trkpt lat="32.314673" lon="77.367956"><ele>3315.2</ele></trkpt><trkpt lat="32.314697" lon="77.367907"><ele>3315.4</ele></trkpt><trkpt lat="32.314704" lon="77.367850"><ele>3315.9</ele></trkpt><trkpt lat="32.314718" lon="77.367795"><ele>3316.3</ele></trkpt><trkpt lat="32.314733" lon="77.367742"><ele>3316.2</ele></trkpt><trkpt lat="32.314754" lon="77.367684"><ele>3315.5</ele></trkpt><trkpt lat="32.314783" lon="77.367632"><ele>3314.8</ele></trkpt><trkpt lat="32.314811" lon="77.367580"><ele>3314.1</ele></trkpt><trkpt lat="32.314826" lon="77.367529"><ele>3313.5</ele></trkpt><trkpt lat="32.314855" lon="77.367477"><ele>3312.7</ele></trkpt><trkpt lat="32.314891" lon="77.367438"><ele>3312.8</ele></trkpt><trkpt lat="32.314927" lon="77.367390"><ele>3312.7</ele></trkpt><trkpt lat="32.314945" lon="77.367340"><ele>3312.9</ele></trkpt><trkpt lat="32.314977" lon="77.367295"><ele>3312.6</ele></trkpt><trkpt lat="32.315022" lon="77.367267"><ele>3312.4</ele></trkpt><trkpt lat="32.315067" lon="77.367243"><ele>3312.5</ele></trkpt><trkpt lat="32.315102" lon="77.367202"><ele>3312.6</ele></trkpt><trkpt lat="32.315133" lon="77.367162"><ele>3312.7</ele></trkpt><trkpt lat="32.315166" lon="77.367115"><ele>3312.9</ele></trkpt><trkpt lat="32.315203" lon="77.367070"><ele>3313.0</ele></trkpt><trkpt lat="32.315240" lon="77.367029"><ele>3312.9</ele></trkpt><trkpt lat="32.315272" lon="77.366989"><ele>3313.1</ele></trkpt><trkpt lat="32.315290" lon="77.366926"><ele>3313.4</ele></trkpt><trkpt lat="32.315302" lon="77.366864"><ele>3313.6</ele></trkpt><trkpt lat="32.315291" lon="77.366808"><ele>3313.6</ele></trkpt><trkpt lat="32.315291" lon="77.366752"><ele>3313.7</ele></trkpt><trkpt lat="32.315325" lon="77.366707"><ele>3313.8</ele></trkpt><trkpt lat="32.315369" lon="77.366672"><ele>3313.8</ele></trkpt><trkpt lat="32.315417" lon="77.366648"><ele>3313.8</ele></trkpt><trkpt lat="32.315462" lon="77.366628"><ele>3313.8</ele></trkpt><trkpt lat="32.315505" lon="77.366609"><ele>3313.8</ele></trkpt><trkpt lat="32.315551" lon="77.366572"><ele>3314.3</ele></trkpt><trkpt lat="32.315589" lon="77.366539"><ele>3314.4</ele></trkpt><trkpt lat="32.315627" lon="77.366501"><ele>3314.3</ele></trkpt><trkpt lat="32.315649" lon="77.366452"><ele>3314.0</ele></trkpt><trkpt lat="32.315672" lon="77.366397"><ele>3313.4</ele></trkpt><trkpt lat="32.315709" lon="77.366357"><ele>3312.4</ele></trkpt><trkpt lat="32.315746" lon="77.366314"><ele>3311.4</ele></trkpt><trkpt lat="32.315774" lon="77.366263"><ele>3311.0</ele></trkpt><trkpt lat="32.315790" lon="77.366207"><ele>3310.9</ele></trkpt><trkpt lat="32.315799" lon="77.366153"><ele>3310.8</ele></trkpt><trkpt lat="32.315821" lon="77.366097"><ele>3310.5</ele></trkpt><trkpt lat="32.315834" lon="77.366035"><ele>3310.3</ele></trkpt><trkpt lat="32.315872" lon="77.365996"><ele>3310.8</ele></trkpt><trkpt lat="32.315912" lon="77.365964"><ele>3311.2</ele></trkpt><trkpt lat="32.315958" lon="77.365947"><ele>3311.1</ele></trkpt><trkpt lat="32.316007" lon="77.365961"><ele>3310.1</ele></trkpt><trkpt lat="32.316053" lon="77.365973"><ele>3309.7</ele></trkpt><trkpt lat="32.316096" lon="77.365930"><ele>3310.8</ele></trkpt><trkpt lat="32.316135" lon="77.365900"><ele>3311.5</ele></trkpt><trkpt lat="32.316176" lon="77.365866"><ele>3312.2</ele></trkpt><trkpt lat="32.316216" lon="77.365828"><ele>3312.9</ele></trkpt><trkpt lat="32.316261" lon="77.365813"><ele>3313.0</ele></trkpt><trkpt lat="32.316305" lon="77.365791"><ele>3313.1</ele></trkpt><trkpt lat="32.316358" lon="77.365791"><ele>3312.7</ele></trkpt><trkpt lat="32.316403" lon="77.365787"><ele>3312.3</ele></trkpt><trkpt lat="32.316440" lon="77.365746"><ele>3312.7</ele></trkpt><trkpt lat="32.316483" lon="77.365713"><ele>3312.7</ele></trkpt><trkpt lat="32.316531" lon="77.365688"><ele>3312.4</ele></trkpt><trkpt lat="32.316580" lon="77.365673"><ele>3311.8</ele></trkpt><trkpt lat="32.316619" lon="77.365635"><ele>3311.6</ele></trkpt><trkpt lat="32.316666" lon="77.365589"><ele>3311.3</ele></trkpt><trkpt lat="32.316718" lon="77.365566"><ele>3310.6</ele></trkpt><trkpt lat="32.316774" lon="77.365561"><ele>3309.6</ele></trkpt><trkpt lat="32.316826" lon="77.365554"><ele>3309.2</ele></trkpt><trkpt lat="32.316874" lon="77.365542"><ele>3308.8</ele></trkpt><trkpt lat="32.316868" lon="77.365487"><ele>3309.4</ele></trkpt><trkpt lat="32.316828" lon="77.365456"><ele>3310.0</ele></trkpt><trkpt lat="32.316780" lon="77.365468"><ele>3310.5</ele></trkpt><trkpt lat="32.316822" lon="77.365437"><ele>3310.2</ele></trkpt><trkpt lat="32.316778" lon="77.365454"><ele>3310.6</ele></trkpt><trkpt lat="32.316735" lon="77.365471"><ele>3311.3</ele></trkpt><trkpt lat="32.316777" lon="77.365430"><ele>3310.8</ele></trkpt><trkpt lat="32.316828" lon="77.365395"><ele>3310.4</ele></trkpt><trkpt lat="32.316876" lon="77.365381"><ele>3310.0</ele></trkpt><trkpt lat="32.316928" lon="77.365362"><ele>3309.5</ele></trkpt><trkpt lat="32.316985" lon="77.365345"><ele>3308.9</ele></trkpt><trkpt lat="32.317023" lon="77.365317"><ele>3308.7</ele></trkpt><trkpt lat="32.317064" lon="77.365283"><ele>3308.7</ele></trkpt><trkpt lat="32.317105" lon="77.365260"><ele>3308.8</ele></trkpt><trkpt lat="32.317148" lon="77.365235"><ele>3308.9</ele></trkpt><trkpt lat="32.317191" lon="77.365205"><ele>3309.0</ele></trkpt><trkpt lat="32.317240" lon="77.365186"><ele>3309.1</ele></trkpt><trkpt lat="32.317285" lon="77.365177"><ele>3309.1</ele></trkpt><trkpt lat="32.317251" lon="77.365098"><ele>3309.7</ele></trkpt><trkpt lat="32.317210" lon="77.365011"><ele>3310.1</ele></trkpt><trkpt lat="32.317247" lon="77.365059"><ele>3309.9</ele></trkpt><trkpt lat="32.317292" lon="77.365069"><ele>3309.8</ele></trkpt><trkpt lat="32.317264" lon="77.365026"><ele>3310.1</ele></trkpt><trkpt lat="32.317278" lon="77.364973"><ele>3310.5</ele></trkpt><trkpt lat="32.317299" lon="77.364921"><ele>3310.8</ele></trkpt><trkpt lat="32.317345" lon="77.364890"><ele>3310.7</ele></trkpt><trkpt lat="32.317388" lon="77.364868"><ele>3310.5</ele></trkpt><trkpt lat="32.317441" lon="77.364853"><ele>3310.2</ele></trkpt><trkpt lat="32.317496" lon="77.364845"><ele>3309.9</ele></trkpt><trkpt lat="32.317545" lon="77.364834"><ele>3309.6</ele></trkpt><trkpt lat="32.317587" lon="77.364814"><ele>3309.6</ele></trkpt><trkpt lat="32.317639" lon="77.364801"><ele>3309.6</ele></trkpt><trkpt lat="32.317684" lon="77.364768"><ele>3309.5</ele></trkpt><trkpt lat="32.317727" lon="77.364731"><ele>3309.4</ele></trkpt><trkpt lat="32.317758" lon="77.364672"><ele>3309.3</ele></trkpt><trkpt lat="32.317779" lon="77.364619"><ele>3309.1</ele></trkpt><trkpt lat="32.317807" lon="77.364570"><ele>3308.5</ele></trkpt><trkpt lat="32.317848" lon="77.364534"><ele>3308.0</ele></trkpt><trkpt lat="32.317891" lon="77.364502"><ele>3307.5</ele></trkpt><trkpt lat="32.317930" lon="77.364465"><ele>3307.1</ele></trkpt><trkpt lat="32.317977" lon="77.364438"><ele>3306.8</ele></trkpt><trkpt lat="32.318023" lon="77.364412"><ele>3306.6</ele></trkpt><trkpt lat="32.318062" lon="77.364376"><ele>3306.2</ele></trkpt><trkpt lat="32.318097" lon="77.364333"><ele>3305.9</ele></trkpt><trkpt lat="32.318138" lon="77.364299"><ele>3306.0</ele></trkpt><trkpt lat="32.318186" lon="77.364278"><ele>3306.1</ele></trkpt><trkpt lat="32.318231" lon="77.364255"><ele>3306.1</ele></trkpt><trkpt lat="32.318279" lon="77.364263"><ele>3306.1</ele></trkpt><trkpt lat="32.318330" lon="77.364286"><ele>3306.4</ele></trkpt><trkpt lat="32.318371" lon="77.364309"><ele>3306.7</ele></trkpt><trkpt lat="32.318421" lon="77.364331"><ele>3307.1</ele></trkpt><trkpt lat="32.318468" lon="77.364357"><ele>3307.5</ele></trkpt><trkpt lat="32.318526" lon="77.364354"><ele>3307.9</ele></trkpt><trkpt lat="32.318567" lon="77.364332"><ele>3308.0</ele></trkpt><trkpt lat="32.318617" lon="77.364305"><ele>3308.2</ele></trkpt><trkpt lat="32.318667" lon="77.364271"><ele>3308.2</ele></trkpt><trkpt lat="32.318697" lon="77.364228"><ele>3308.1</ele></trkpt><trkpt lat="32.318740" lon="77.364178"><ele>3308.0</ele></trkpt><trkpt lat="32.318772" lon="77.364132"><ele>3307.8</ele></trkpt><trkpt lat="32.318820" lon="77.364107"><ele>3307.6</ele></trkpt><trkpt lat="32.318866" lon="77.364130"><ele>3307.7</ele></trkpt><trkpt lat="32.318915" lon="77.364179"><ele>3308.0</ele></trkpt><trkpt lat="32.318943" lon="77.364233"><ele>3308.3</ele></trkpt><trkpt lat="32.318952" lon="77.364289"><ele>3308.7</ele></trkpt><trkpt lat="32.318987" lon="77.364328"><ele>3309.0</ele></trkpt><trkpt lat="32.319015" lon="77.364370"><ele>3309.0</ele></trkpt><trkpt lat="32.319041" lon="77.364417"><ele>3308.6</ele></trkpt><trkpt lat="32.319070" lon="77.364464"><ele>3308.0</ele></trkpt><trkpt lat="32.319104" lon="77.364510"><ele>3307.3</ele></trkpt><trkpt lat="32.319139" lon="77.364591"><ele>3306.5</ele></trkpt><trkpt lat="32.319151" lon="77.364646"><ele>3306.1</ele></trkpt><trkpt lat="32.319178" lon="77.364693"><ele>3305.4</ele></trkpt><trkpt lat="32.319210" lon="77.364737"><ele>3304.7</ele></trkpt><trkpt lat="32.319250" lon="77.364783"><ele>3304.1</ele></trkpt><trkpt lat="32.319278" lon="77.364831"><ele>3303.7</ele></trkpt><trkpt lat="32.319306" lon="77.364875"><ele>3303.3</ele></trkpt><trkpt lat="32.319340" lon="77.364913"><ele>3303.0</ele></trkpt><trkpt lat="32.319371" lon="77.364971"><ele>3303.3</ele></trkpt><trkpt lat="32.319403" lon="77.365027"><ele>3304.4</ele></trkpt><trkpt lat="32.319431" lon="77.365079"><ele>3305.4</ele></trkpt><trkpt lat="32.319459" lon="77.365134"><ele>3306.5</ele></trkpt><trkpt lat="32.319491" lon="77.365175"><ele>3307.3</ele></trkpt><trkpt lat="32.319515" lon="77.365222"><ele>3308.3</ele></trkpt><trkpt lat="32.319539" lon="77.365282"><ele>3309.0</ele></trkpt><trkpt lat="32.319555" lon="77.365341"><ele>3309.6</ele></trkpt><trkpt lat="32.319543" lon="77.365411"><ele>3310.3</ele></trkpt><trkpt lat="32.319522" lon="77.365467"><ele>3310.7</ele></trkpt><trkpt lat="32.319492" lon="77.365512"><ele>3311.0</ele></trkpt><trkpt lat="32.319458" lon="77.365549"><ele>3311.2</ele></trkpt><trkpt lat="32.319420" lon="77.365582"><ele>3311.5</ele></trkpt><trkpt lat="32.319375" lon="77.365617"><ele>3311.6</ele></trkpt><trkpt lat="32.319327" lon="77.365645"><ele>3311.5</ele></trkpt><trkpt lat="32.319281" lon="77.365679"><ele>3311.3</ele></trkpt><trkpt lat="32.319241" lon="77.365723"><ele>3311.2</ele></trkpt><trkpt lat="32.319206" lon="77.365759"><ele>3311.1</ele></trkpt><trkpt lat="32.319169" lon="77.365790"><ele>3310.8</ele></trkpt><trkpt lat="32.319129" lon="77.365842"><ele>3310.8</ele></trkpt><trkpt lat="32.319100" lon="77.365891"><ele>3311.7</ele></trkpt><trkpt lat="32.319051" lon="77.365918"><ele>3311.6</ele></trkpt><trkpt lat="32.319025" lon="77.365970"><ele>3312.4</ele></trkpt><trkpt lat="32.318982" lon="77.365989"><ele>3312.0</ele></trkpt><trkpt lat="32.318936" lon="77.366001"><ele>3311.2</ele></trkpt><trkpt lat="32.318891" lon="77.365964"><ele>3309.4</ele></trkpt><trkpt lat="32.318847" lon="77.365925"><ele>3307.5</ele></trkpt><trkpt lat="32.318824" lon="77.365875"><ele>3305.8</ele></trkpt><trkpt lat="32.318813" lon="77.365813"><ele>3304.2</ele></trkpt><trkpt lat="32.318780" lon="77.365774"><ele>3303.8</ele></trkpt><trkpt lat="32.318788" lon="77.365838"><ele>3304.2</ele></trkpt><trkpt lat="32.318825" lon="77.365873"><ele>3305.8</ele></trkpt><trkpt lat="32.318875" lon="77.365889"><ele>3307.2</ele></trkpt><trkpt lat="32.318918" lon="77.365923"><ele>3309.0</ele></trkpt></trkseg></trk></gpx>